student_id,academic_year,year_level,faculty,study_mode,entry_pathway,gender,residency_status,age,family_income_band,parental_education,scholarship_type,employment_status,attendance_pct,weekly_study_hrs,prior_gpa,internet_access,support_services_used,mental_health_support,units_enrolled,units_completed,at_risk_flag,composite_score,final_outcome,final_gpa
STU-00001,2023,3,Health Sciences,Full-time,High School (ATAR),Male,International,24,Upper-Mid ($110–160k),TAFE / Certificate,Merit-Based,Part-time (≤20 hrs),99.0,22.7,3.38,Yes,None,No,4,4,No,73.34,Pass,2.47
STU-00002,2024,3,Business,Full-time,International Pathway,Female,International,23,Lower-Mid ($40–70k),Bachelor,None,Part-time (≤20 hrs),80.2,22.3,3.77,Yes,None,No,4,4,No,57.14,Pass,2.26
STU-00003,2022,1,Business,Full-time,High School (ATAR),Male,Domestic,21,Upper-Mid ($110–160k),Bachelor,None,Not Employed,86.3,13.2,3.22,Yes,Peer Tutoring,No,4,4,No,73.89,Distinction,3.26
STU-00004,2024,1,Information Technology,Full-time,High School (ATAR),Male,Domestic,23,Upper-Mid ($110–160k),Postgraduate,None,Full-time (>20 hrs),46.6,10.2,3.68,Yes,Peer Tutoring,No,4,1,Yes,47.65,Fail,0.6
STU-00005,2024,2,Business,Full-time,TAFE / Diploma,Male,Domestic,23,Mid ($70–110k),TAFE / Certificate,Equity / Need-Based,Not Employed,88.7,18.6,2.72,Yes,Academic Advisor,No,4,4,No,68.38,Pass,2.25
STU-00006,2022,1,Information Technology,Part-time,High School (ATAR),Female,Domestic,19,High (>$160k),No Tertiary,None,Part-time (≤20 hrs),61.0,18.0,3.13,Yes,None,No,2,2,No,41.62,Pass,2.67
STU-00007,2023,3,Arts & Humanities,Full-time,Mature Age Entry,Female,International,31,Lower-Mid ($40–70k),Postgraduate,None,Not Employed,100.0,19.8,2.68,Yes,Academic Advisor,No,4,4,No,78.98,Pass,2.29
STU-00008,2024,3,Information Technology,Full-time,High School (ATAR),Male,International,25,Upper-Mid ($110–160k),Postgraduate,Merit-Based,Full-time (>20 hrs),59.8,15.3,2.81,Yes,None,No,4,4,Yes,52.57,Pass,2.78
STU-00009,2022,1,Education,Part-time,International Pathway,Male,Domestic,20,Lower-Mid ($40–70k),Bachelor,Equity / Need-Based,Full-time (>20 hrs),41.6,18.6,2.71,Yes,Peer Tutoring,No,2,0,Yes,37.46,Fail,1.45
STU-00010,2023,1,Engineering,Full-time,International Pathway,Female,Domestic,23,Mid ($70–110k),Bachelor,None,Part-time (≤20 hrs),86.2,19.5,2.32,Yes,None,No,4,4,No,61.25,Pass,2.53
STU-00011,2024,3,Engineering,Full-time,High School (ATAR),Female,Domestic,21,Lower-Mid ($40–70k),No Tertiary,Equity / Need-Based,Not Employed,62.4,20.0,2.82,Yes,Academic Advisor,No,4,4,No,71.42,Pass,2.41
STU-00012,2023,2,Business,Full-time,Mature Age Entry,Male,Domestic,23,High (>$160k),No Tertiary,None,Part-time (≤20 hrs),56.8,12.8,2.47,Yes,Academic Advisor,No,4,1,Yes,47.48,Fail,1.01
STU-00013,2023,2,Information Technology,Full-time,High School (ATAR),Non-binary / Other,Domestic,22,Mid ($70–110k),Postgraduate,External,Not Employed,66.5,8.8,3.54,Yes,Multiple Services,Yes,4,4,No,60.5,Pass,2.49
STU-00014,2024,3,Business,Part-time,Transfer / Credit,Male,International,25,Upper-Mid ($110–160k),No Tertiary,External,Not Employed,71.6,7.5,2.85,Yes,None,No,2,1,Yes,48.15,Fail,1.89
STU-00015,2023,4,Information Technology,Full-time,High School (ATAR),Female,Domestic,23,Upper-Mid ($110–160k),No Tertiary,Merit-Based,Full-time (>20 hrs),52.5,8.4,2.93,Yes,None,No,4,2,Yes,49.11,Fail,1.34
STU-00016,2023,1,Business,Full-time,TAFE / Diploma,Female,Domestic,20,Low (<$40k),No Tertiary,None,Part-time (≤20 hrs),67.6,4.0,3.78,No,None,No,4,4,Yes,50.81,Pass,2.64
STU-00017,2022,2,Business,Part-time,Transfer / Credit,Male,International,25,High (>$160k),Bachelor,Merit-Based,Full-time (>20 hrs),64.6,23.3,2.63,Yes,None,No,2,1,No,51.43,Fail,1.9
STU-00018,2024,2,Business,Full-time,High School (ATAR),Male,International,21,Mid ($70–110k),Bachelor,Merit-Based,Full-time (>20 hrs),80.5,18.8,3.66,Yes,None,No,4,4,Yes,67.45,Pass,2.25
STU-00019,2024,2,Engineering,Full-time,TAFE / Diploma,Female,Domestic,21,Mid ($70–110k),TAFE / Certificate,None,Full-time (>20 hrs),48.0,5.7,3.66,Yes,Peer Tutoring,No,4,1,Yes,35.06,Fail,1.81
STU-00020,2023,2,Arts & Humanities,Part-time,Transfer / Credit,Male,Domestic,22,High (>$160k),Postgraduate,Merit-Based,Part-time (≤20 hrs),72.2,3.4,4.0,Yes,None,No,2,2,Yes,65.49,Pass,2.61
STU-00021,2022,2,Engineering,Full-time,International Pathway,Male,International,23,Low (<$40k),Bachelor,None,Part-time (≤20 hrs),84.2,18.7,2.75,Yes,Counselling,Yes,4,4,No,62.75,Pass,2.8
STU-00022,2023,1,Health Sciences,Part-time,High School (ATAR),Female,Domestic,21,Low (<$40k),TAFE / Certificate,None,Part-time (≤20 hrs),69.2,10.1,2.82,Yes,Academic Advisor,No,2,2,No,44.38,Pass,2.04
STU-00023,2023,1,Arts & Humanities,Full-time,Mature Age Entry,Female,International,17,High (>$160k),TAFE / Certificate,None,Part-time (≤20 hrs),76.8,22.2,2.75,Yes,Academic Advisor,No,4,4,No,74.37,Distinction,3.49
STU-00024,2022,1,Engineering,Full-time,High School (ATAR),Female,International,22,High (>$160k),No Tertiary,Merit-Based,Part-time (≤20 hrs),46.7,24.4,4.0,Yes,None,No,4,4,Yes,56.29,Pass,2.83
STU-00025,2022,3,Business,Part-time,TAFE / Diploma,Female,International,22,Low (<$40k),No Tertiary,Merit-Based,Part-time (≤20 hrs),82.1,1.0,3.51,Yes,Counselling,Yes,2,1,Yes,40.8,Fail,1.86
STU-00026,2022,3,Engineering,Part-time,TAFE / Diploma,Female,Domestic,27,High (>$160k),No Tertiary,None,Full-time (>20 hrs),38.4,2.2,2.51,Yes,None,No,2,0,Yes,18.87,Withdrawn,0.0
STU-00027,2023,1,Engineering,Full-time,Mature Age Entry,Male,International,19,Upper-Mid ($110–160k),No Tertiary,Equity / Need-Based,Full-time (>20 hrs),54.7,13.6,2.5,Yes,Academic Advisor,No,4,0,Yes,35.28,Withdrawn,0.0
STU-00028,2023,3,Arts & Humanities,Full-time,TAFE / Diploma,Female,Domestic,24,Mid ($70–110k),Bachelor,None,Part-time (≤20 hrs),58.8,14.2,2.34,Yes,Multiple Services,Yes,4,4,Yes,45.6,Pass,2.66
STU-00029,2022,3,Arts & Humanities,Full-time,High School (ATAR),Male,Domestic,23,Low (<$40k),TAFE / Certificate,None,Not Employed,53.3,17.6,2.63,No,Peer Tutoring,No,4,2,Yes,48.36,Fail,1.62
STU-00030,2023,2,Business,Full-time,High School (ATAR),Female,Domestic,25,Lower-Mid ($40–70k),TAFE / Certificate,Merit-Based,Not Employed,72.8,19.0,2.62,Yes,None,No,4,4,No,58.65,Pass,2.49
STU-00031,2023,3,Health Sciences,Part-time,High School (ATAR),Male,Domestic,23,Low (<$40k),No Tertiary,None,Full-time (>20 hrs),69.1,18.8,1.83,Yes,Multiple Services,Yes,2,1,No,38.8,Fail,1.74
STU-00032,2022,3,Information Technology,Part-time,Transfer / Credit,Female,International,24,Upper-Mid ($110–160k),TAFE / Certificate,None,Full-time (>20 hrs),52.8,15.3,2.42,Yes,Counselling,Yes,2,1,Yes,36.99,Fail,0.76
STU-00033,2024,3,Arts & Humanities,Part-time,Transfer / Credit,Male,Domestic,24,Low (<$40k),Postgraduate,None,Part-time (≤20 hrs),54.7,12.7,4.0,No,None,No,2,2,Yes,45.96,Pass,2.63
STU-00034,2024,2,Engineering,Part-time,TAFE / Diploma,Non-binary / Other,Domestic,19,Upper-Mid ($110–160k),No Tertiary,None,Not Employed,53.2,10.7,2.32,Yes,Academic Advisor,No,2,0,Yes,43.15,Fail,1.57
STU-00035,2024,1,Engineering,Part-time,TAFE / Diploma,Male,International,17,Mid ($70–110k),Bachelor,Equity / Need-Based,Part-time (≤20 hrs),74.4,7.3,3.29,Yes,None,No,2,2,Yes,52.0,Pass,2.63
STU-00036,2022,1,Business,Full-time,High School (ATAR),Female,Domestic,17,Low (<$40k),TAFE / Certificate,None,Not Employed,71.5,15.6,3.34,Yes,Academic Advisor,No,4,0,No,36.95,Withdrawn,0.0
STU-00037,2024,2,Engineering,Full-time,High School (ATAR),Female,Domestic,23,Lower-Mid ($40–70k),Bachelor,None,Part-time (≤20 hrs),76.7,9.3,2.99,Yes,Academic Advisor,No,4,4,No,65.84,Pass,2.28
STU-00038,2024,4,Information Technology,Full-time,High School (ATAR),Female,Domestic,21,Upper-Mid ($110–160k),No Tertiary,Merit-Based,Full-time (>20 hrs),89.1,10.4,3.3,Yes,None,No,4,4,Yes,57.68,Pass,2.5
STU-00039,2022,3,Information Technology,Full-time,High School (ATAR),Male,Domestic,23,Mid ($70–110k),Bachelor,None,Not Employed,96.4,14.5,2.2,Yes,None,No,4,4,No,67.84,Pass,2.8
STU-00040,2024,1,Arts & Humanities,Full-time,High School (ATAR),Female,Domestic,21,Low (<$40k),Bachelor,None,Part-time (≤20 hrs),65.9,18.4,2.96,Yes,Peer Tutoring,No,4,2,No,46.74,Fail,1.96
STU-00041,2023,1,Education,Part-time,High School (ATAR),Female,Domestic,22,Lower-Mid ($40–70k),Bachelor,None,Not Employed,88.5,8.6,3.1,Yes,Peer Tutoring,No,2,2,No,52.39,Pass,2.73
STU-00042,2024,1,Information Technology,Full-time,High School (ATAR),Female,Domestic,21,Mid ($70–110k),Bachelor,None,Part-time (≤20 hrs),98.5,23.9,2.79,Yes,Peer Tutoring,No,4,4,No,75.11,Pass,2.74
STU-00043,2023,2,Health Sciences,Full-time,International Pathway,Male,International,24,Lower-Mid ($40–70k),Bachelor,None,Not Employed,70.1,8.8,2.56,Yes,Multiple Services,Yes,4,4,No,53.73,Pass,2.7
STU-00044,2023,2,Arts & Humanities,Part-time,Mature Age Entry,Male,Domestic,20,Low (<$40k),No Tertiary,None,Part-time (≤20 hrs),65.3,12.0,1.69,Yes,Peer Tutoring,No,2,0,No,49.8,Fail,1.75
STU-00045,2024,2,Engineering,Full-time,High School (ATAR),Female,International,23,Upper-Mid ($110–160k),Bachelor,Equity / Need-Based,Not Employed,60.4,18.8,2.67,Yes,Peer Tutoring,No,4,4,No,72.34,Pass,2.81
STU-00046,2022,3,Health Sciences,Full-time,Mature Age Entry,Male,Domestic,32,Upper-Mid ($110–160k),Postgraduate,Equity / Need-Based,Not Employed,59.8,5.6,3.09,Yes,None,No,4,0,Yes,46.08,Fail,1.67
STU-00047,2022,3,Business,Full-time,Transfer / Credit,Female,International,21,Upper-Mid ($110–160k),Bachelor,Equity / Need-Based,Part-time (≤20 hrs),45.5,13.7,2.99,Yes,Academic Advisor,No,4,2,Yes,39.13,Fail,0.67
STU-00048,2022,4,Engineering,Full-time,Mature Age Entry,Female,International,21,Lower-Mid ($40–70k),TAFE / Certificate,Equity / Need-Based,Full-time (>20 hrs),70.8,15.5,2.68,Yes,None,No,4,4,Yes,59.57,Pass,2.28
STU-00049,2024,1,Engineering,Full-time,High School (ATAR),Female,Domestic,22,Upper-Mid ($110–160k),Postgraduate,Merit-Based,Full-time (>20 hrs),69.2,12.1,4.0,Yes,None,No,4,4,Yes,59.67,Pass,2.57
STU-00050,2023,1,Engineering,Full-time,High School (ATAR),Female,Domestic,22,Mid ($70–110k),Bachelor,External,Part-time (≤20 hrs),88.0,22.1,3.45,Yes,None,No,4,4,No,71.09,Distinction,3.45
STU-00051,2024,1,Business,Full-time,TAFE / Diploma,Female,International,24,Low (<$40k),TAFE / Certificate,External,Part-time (≤20 hrs),100.0,19.1,2.47,Yes,Peer Tutoring,No,4,4,No,52.96,Pass,2.04
STU-00052,2024,2,Business,Full-time,High School (ATAR),Male,Domestic,26,Lower-Mid ($40–70k),No Tertiary,Equity / Need-Based,Part-time (≤20 hrs),88.2,23.4,3.01,Yes,None,No,4,4,No,56.8,Pass,2.49
STU-00053,2023,3,Engineering,Part-time,TAFE / Diploma,Female,Domestic,27,Mid ($70–110k),TAFE / Certificate,None,Not Employed,66.1,18.5,2.32,Yes,Academic Advisor,No,2,2,No,50.8,Pass,2.92
STU-00054,2024,4,Information Technology,Full-time,TAFE / Diploma,Female,International,27,Upper-Mid ($110–160k),Postgraduate,None,Part-time (≤20 hrs),72.4,12.5,2.05,Yes,None,No,4,4,No,43.37,Pass,2.26
STU-00055,2022,2,Business,Full-time,High School (ATAR),Female,Domestic,24,High (>$160k),Postgraduate,None,Not Employed,62.9,21.2,2.89,Yes,None,No,4,4,No,57.1,Pass,2.6
STU-00056,2024,2,Health Sciences,Part-time,High School (ATAR),Male,International,23,Low (<$40k),Bachelor,Merit-Based,Full-time (>20 hrs),63.8,4.3,2.83,Yes,Academic Advisor,No,2,0,Yes,46.55,Fail,1.28
STU-00057,2023,1,Health Sciences,Full-time,High School (ATAR),Female,Domestic,17,Lower-Mid ($40–70k),No Tertiary,Equity / Need-Based,Not Employed,60.8,15.2,3.1,Yes,Academic Advisor,No,4,3,No,45.68,Fail,1.52
STU-00058,2023,4,Health Sciences,Full-time,Transfer / Credit,Female,Domestic,25,High (>$160k),Bachelor,None,Part-time (≤20 hrs),80.9,5.4,2.95,Yes,None,No,4,4,Yes,61.49,Pass,2.18
STU-00059,2023,4,Health Sciences,Full-time,High School (ATAR),Female,Domestic,29,Lower-Mid ($40–70k),Postgraduate,Equity / Need-Based,Not Employed,75.2,13.4,3.04,Yes,Academic Advisor,No,4,4,No,84.84,Distinction,3.34
STU-00060,2022,1,Information Technology,Full-time,Transfer / Credit,Non-binary / Other,International,22,Lower-Mid ($40–70k),No Tertiary,External,Not Employed,53.2,19.1,3.19,Yes,Multiple Services,Yes,4,4,Yes,59.1,Pass,2.73
STU-00061,2022,1,Arts & Humanities,Full-time,Transfer / Credit,Female,Domestic,20,Lower-Mid ($40–70k),Bachelor,None,Full-time (>20 hrs),81.1,14.2,3.49,Yes,Academic Advisor,No,4,4,Yes,45.8,Pass,2.62
STU-00062,2023,1,Education,Full-time,Mature Age Entry,Male,Domestic,22,Lower-Mid ($40–70k),Postgraduate,Equity / Need-Based,Full-time (>20 hrs),64.1,9.3,1.71,Yes,Peer Tutoring,No,4,3,Yes,40.3,Fail,0.97
STU-00063,2023,1,Education,Full-time,International Pathway,Male,Domestic,20,Upper-Mid ($110–160k),TAFE / Certificate,Merit-Based,Part-time (≤20 hrs),66.6,15.7,2.45,Yes,Peer Tutoring,No,4,4,No,60.03,Pass,2.19
STU-00064,2024,3,Business,Full-time,High School (ATAR),Female,International,24,Upper-Mid ($110–160k),Postgraduate,None,Part-time (≤20 hrs),78.2,15.1,3.16,Yes,Peer Tutoring,No,4,4,No,59.55,Pass,2.56
STU-00065,2022,2,Arts & Humanities,Full-time,High School (ATAR),Male,Domestic,26,Mid ($70–110k),Bachelor,External,Not Employed,82.7,20.6,2.5,Yes,None,No,4,4,No,68.64,Pass,2.47
STU-00066,2022,3,Health Sciences,Part-time,High School (ATAR),Male,Domestic,24,Low (<$40k),No Tertiary,External,Not Employed,84.8,21.5,2.87,Yes,Peer Tutoring,No,2,2,No,70.09,Pass,2.58
STU-00067,2024,4,Health Sciences,Full-time,High School (ATAR),Female,Domestic,24,Upper-Mid ($110–160k),TAFE / Certificate,Equity / Need-Based,Part-time (≤20 hrs),69.0,23.3,2.82,Yes,Peer Tutoring,No,4,4,No,59.42,Pass,2.52
STU-00068,2022,3,Engineering,Full-time,Mature Age Entry,Male,Domestic,22,Lower-Mid ($40–70k),Postgraduate,Merit-Based,Not Employed,96.7,18.9,4.0,Yes,Multiple Services,Yes,4,4,No,75.69,Distinction,3.44
STU-00069,2024,2,Arts & Humanities,Full-time,High School (ATAR),Male,Domestic,22,Lower-Mid ($40–70k),Bachelor,Merit-Based,Part-time (≤20 hrs),59.0,11.7,3.62,Yes,None,No,4,2,Yes,43.07,Fail,1.8
STU-00070,2024,4,Health Sciences,Part-time,Transfer / Credit,Male,Domestic,25,Mid ($70–110k),Bachelor,None,Not Employed,69.4,18.8,2.27,Yes,None,No,2,2,No,68.37,Pass,2.16
STU-00071,2024,2,Education,Part-time,High School (ATAR),Male,International,23,Low (<$40k),TAFE / Certificate,None,Part-time (≤20 hrs),85.1,14.6,2.82,No,None,No,2,0,No,41.76,Fail,1.68
STU-00072,2023,4,Business,Part-time,Transfer / Credit,Female,Domestic,26,Mid ($70–110k),Postgraduate,Equity / Need-Based,Part-time (≤20 hrs),55.2,16.8,3.43,Yes,None,No,2,0,Yes,51.04,Fail,1.4
STU-00073,2022,2,Arts & Humanities,Full-time,Transfer / Credit,Female,Domestic,26,Lower-Mid ($40–70k),TAFE / Certificate,Merit-Based,Part-time (≤20 hrs),67.0,13.0,3.7,Yes,Peer Tutoring,No,4,1,No,50.57,Fail,0.79
STU-00074,2022,2,Business,Full-time,High School (ATAR),Female,Domestic,26,High (>$160k),TAFE / Certificate,External,Not Employed,64.3,18.6,2.91,Yes,Peer Tutoring,No,4,4,No,72.09,Pass,2.16
STU-00075,2024,4,Engineering,Full-time,High School (ATAR),Female,International,24,Lower-Mid ($40–70k),No Tertiary,None,Not Employed,53.4,21.0,3.2,Yes,Multiple Services,Yes,4,4,Yes,61.36,Pass,2.4
STU-00076,2022,3,Business,Full-time,High School (ATAR),Female,International,24,Mid ($70–110k),Postgraduate,None,Part-time (≤20 hrs),65.6,11.5,4.0,Yes,None,No,4,4,No,65.44,Pass,2.22
STU-00077,2023,3,Information Technology,Full-time,High School (ATAR),Male,Domestic,25,High (>$160k),Bachelor,Merit-Based,Part-time (≤20 hrs),75.8,18.7,4.0,Yes,None,No,4,4,No,67.59,Pass,2.12
STU-00078,2024,2,Business,Full-time,Mature Age Entry,Female,Domestic,21,Low (<$40k),No Tertiary,Equity / Need-Based,Part-time (≤20 hrs),72.4,22.0,1.78,No,None,No,4,1,No,42.05,Fail,1.17
STU-00079,2022,4,Information Technology,Full-time,High School (ATAR),Male,Domestic,25,Low (<$40k),No Tertiary,None,Part-time (≤20 hrs),55.1,22.4,3.12,Yes,Counselling,Yes,4,4,Yes,60.1,Pass,2.16
STU-00080,2024,1,Arts & Humanities,Full-time,High School (ATAR),Male,Domestic,23,High (>$160k),TAFE / Certificate,None,Not Employed,70.4,9.5,2.8,Yes,Multiple Services,Yes,4,4,No,58.19,Pass,2.36
STU-00081,2022,1,Arts & Humanities,Part-time,Transfer / Credit,Female,Domestic,20,Mid ($70–110k),Bachelor,Merit-Based,Not Employed,77.6,19.4,3.34,Yes,Peer Tutoring,No,2,2,No,62.29,Pass,2.93
STU-00082,2023,4,Business,Full-time,International Pathway,Male,Domestic,24,Low (<$40k),Postgraduate,External,Full-time (>20 hrs),50.1,14.0,2.8,Yes,None,No,4,1,Yes,46.76,Fail,1.6
STU-00083,2023,3,Business,Part-time,Transfer / Credit,Female,Domestic,25,Mid ($70–110k),Postgraduate,Merit-Based,Full-time (>20 hrs),37.3,8.0,3.37,Yes,Peer Tutoring,No,2,0,Yes,40.74,Fail,1.29
STU-00084,2022,1,Business,Full-time,High School (ATAR),Male,Domestic,24,Upper-Mid ($110–160k),Bachelor,Equity / Need-Based,Part-time (≤20 hrs),59.6,6.2,2.67,Yes,Academic Advisor,No,4,2,Yes,41.53,Fail,0.66
STU-00085,2023,2,Business,Part-time,Mature Age Entry,Female,Domestic,21,Upper-Mid ($110–160k),No Tertiary,None,Part-time (≤20 hrs),74.9,13.0,1.64,Yes,Academic Advisor,No,2,2,No,42.42,Pass,2.37
STU-00086,2022,3,Business,Full-time,High School (ATAR),Female,Domestic,22,Mid ($70–110k),TAFE / Certificate,Equity / Need-Based,Not Employed,69.2,23.5,3.24,Yes,None,No,4,4,No,62.66,Pass,2.82
STU-00087,2022,2,Health Sciences,Full-time,TAFE / Diploma,Male,Domestic,25,Lower-Mid ($40–70k),Bachelor,Merit-Based,Part-time (≤20 hrs),87.7,20.8,3.69,Yes,Peer Tutoring,No,4,4,No,58.92,Pass,2.34
STU-00088,2022,4,Health Sciences,Full-time,Mature Age Entry,Female,Domestic,23,Low (<$40k),No Tertiary,None,Full-time (>20 hrs),62.2,13.5,3.55,Yes,None,No,4,4,Yes,38.36,Pass,2.52
STU-00089,2024,4,Business,Part-time,International Pathway,Male,Domestic,25,Low (<$40k),Postgraduate,None,Part-time (≤20 hrs),72.4,15.5,3.03,Yes,None,No,2,2,No,57.31,Pass,2.91
STU-00090,2022,1,Information Technology,Full-time,TAFE / Diploma,Male,Domestic,21,Lower-Mid ($40–70k),No Tertiary,None,Not Employed,68.4,14.9,2.55,Yes,Multiple Services,Yes,4,1,No,48.88,Fail,1.6
STU-00091,2023,2,Information Technology,Full-time,Transfer / Credit,Male,International,22,Lower-Mid ($40–70k),TAFE / Certificate,External,Part-time (≤20 hrs),74.9,21.3,3.15,Yes,Peer Tutoring,No,4,4,No,62.91,Pass,2.5
STU-00092,2023,2,Arts & Humanities,Part-time,TAFE / Diploma,Female,Domestic,26,Mid ($70–110k),Postgraduate,None,Not Employed,78.2,9.6,3.21,Yes,Academic Advisor,No,2,2,No,68.72,Pass,2.82
STU-00093,2024,2,Information Technology,Part-time,International Pathway,Female,Domestic,26,Low (<$40k),No Tertiary,External,Part-time (≤20 hrs),66.2,13.4,1.64,Yes,Peer Tutoring,No,2,1,No,39.3,Fail,1.24
STU-00094,2022,3,Engineering,Full-time,Transfer / Credit,Male,Domestic,22,Mid ($70–110k),No Tertiary,None,Part-time (≤20 hrs),59.4,13.0,2.26,Yes,None,No,4,3,Yes,40.79,Fail,0.82
STU-00095,2023,2,Health Sciences,Part-time,Mature Age Entry,Male,International,23,Mid ($70–110k),Bachelor,Equity / Need-Based,Part-time (≤20 hrs),87.3,25.7,2.88,Yes,None,No,2,2,No,65.3,Pass,2.82
STU-00096,2024,2,Information Technology,Full-time,Transfer / Credit,Male,Domestic,24,Low (<$40k),Bachelor,External,Full-time (>20 hrs),64.1,15.8,2.89,Yes,None,No,4,0,Yes,43.16,Fail,1.07
STU-00097,2022,4,Health Sciences,Full-time,High School (ATAR),Female,Domestic,26,Mid ($70–110k),TAFE / Certificate,Merit-Based,Part-time (≤20 hrs),70.4,21.3,2.66,Yes,None,No,4,4,No,58.73,Pass,2.54
STU-00098,2024,1,Arts & Humanities,Part-time,Mature Age Entry,Female,International,25,Lower-Mid ($40–70k),No Tertiary,External,Part-time (≤20 hrs),66.6,6.2,3.1,Yes,None,No,2,0,Yes,34.54,Fail,1.19
STU-00099,2022,3,Information Technology,Full-time,TAFE / Diploma,Male,Domestic,22,Low (<$40k),Bachelor,Equity / Need-Based,Part-time (≤20 hrs),76.2,20.3,3.57,Yes,None,No,4,4,No,59.54,Pass,2.75
STU-00100,2024,3,Education,Full-time,High School (ATAR),Male,International,22,Mid ($70–110k),Bachelor,Merit-Based,Part-time (≤20 hrs),80.3,18.5,3.9,Yes,None,No,4,4,No,73.75,Pass,2.3
STU-00101,2023,3,Health Sciences,Full-time,Transfer / Credit,Male,Domestic,27,Mid ($70–110k),Bachelor,None,Not Employed,98.8,13.6,3.32,Yes,Multiple Services,Yes,4,4,No,75.58,Distinction,3.42
STU-00102,2022,3,Health Sciences,Full-time,Mature Age Entry,Male,Domestic,23,High (>$160k),Bachelor,None,Part-time (≤20 hrs),62.1,22.3,2.71,Yes,Academic Advisor,No,4,4,No,66.53,Pass,2.66
STU-00103,2023,1,Business,Full-time,High School (ATAR),Female,Domestic,23,Mid ($70–110k),Postgraduate,None,Not Employed,73.4,21.2,3.92,Yes,None,No,4,4,No,66.88,Pass,2.14
STU-00104,2023,1,Business,Part-time,Transfer / Credit,Female,Domestic,17,Upper-Mid ($110–160k),Bachelor,None,Part-time (≤20 hrs),72.8,9.7,2.68,Yes,Academic Advisor,No,2,2,No,58.67,Pass,2.21
STU-00105,2024,2,Business,Full-time,International Pathway,Male,Domestic,24,Mid ($70–110k),Bachelor,Merit-Based,Part-time (≤20 hrs),83.7,18.3,3.47,Yes,None,No,4,4,No,67.46,Pass,2.98
STU-00106,2024,2,Health Sciences,Full-time,Mature Age Entry,Male,International,23,Mid ($70–110k),Bachelor,None,Not Employed,65.9,9.1,3.64,Yes,Peer Tutoring,No,4,4,No,61.11,Pass,2.21
STU-00107,2024,3,Arts & Humanities,Part-time,High School (ATAR),Female,Domestic,25,Mid ($70–110k),TAFE / Certificate,Equity / Need-Based,Not Employed,64.5,12.1,2.89,Yes,Multiple Services,Yes,2,2,No,60.32,Pass,2.83
STU-00108,2022,2,Engineering,Full-time,High School (ATAR),Female,Domestic,24,Low (<$40k),Bachelor,None,Part-time (≤20 hrs),77.0,18.5,3.86,Yes,Counselling,Yes,4,4,No,60.8,Pass,2.69
STU-00109,2024,2,Business,Full-time,High School (ATAR),Female,Domestic,25,Low (<$40k),No Tertiary,External,Full-time (>20 hrs),52.5,6.9,3.91,No,Multiple Services,Yes,4,1,Yes,41.76,Fail,1.01
STU-00110,2022,1,Health Sciences,Full-time,Transfer / Credit,Male,International,20,High (>$160k),Postgraduate,Equity / Need-Based,Part-time (≤20 hrs),85.7,18.9,2.57,Yes,Academic Advisor,No,4,4,No,60.75,Pass,2.91
STU-00111,2024,1,Information Technology,Full-time,TAFE / Diploma,Female,Domestic,19,Mid ($70–110k),No Tertiary,Equity / Need-Based,Not Employed,66.0,17.2,2.5,Yes,Academic Advisor,No,4,4,No,66.2,Pass,2.32
STU-00112,2022,3,Health Sciences,Full-time,TAFE / Diploma,Male,Domestic,24,Lower-Mid ($40–70k),Postgraduate,Merit-Based,Part-time (≤20 hrs),83.7,14.8,3.8,Yes,Multiple Services,Yes,4,4,No,72.84,Pass,2.96
STU-00113,2023,4,Information Technology,Full-time,Transfer / Credit,Male,Domestic,27,Low (<$40k),Bachelor,None,Part-time (≤20 hrs),86.4,17.1,3.58,Yes,Academic Advisor,No,4,4,No,66.42,Pass,2.84
STU-00114,2023,1,Arts & Humanities,Full-time,High School (ATAR),Male,Domestic,21,Upper-Mid ($110–160k),Bachelor,None,Part-time (≤20 hrs),69.3,18.1,2.69,Yes,Academic Advisor,No,4,4,No,71.28,Pass,2.35
STU-00115,2023,2,Health Sciences,Full-time,High School (ATAR),Male,International,25,Mid ($70–110k),TAFE / Certificate,External,Not Employed,79.1,17.9,2.98,Yes,Peer Tutoring,No,4,4,No,65.15,Pass,2.68
STU-00116,2023,3,Arts & Humanities,Full-time,High School (ATAR),Female,International,20,Lower-Mid ($40–70k),Bachelor,Merit-Based,Part-time (≤20 hrs),80.1,16.9,4.0,Yes,Peer Tutoring,No,4,4,No,61.39,Pass,2.52
STU-00117,2022,1,Business,Full-time,High School (ATAR),Non-binary / Other,Domestic,25,Low (<$40k),Bachelor,Equity / Need-Based,Part-time (≤20 hrs),59.9,17.1,2.58,Yes,Counselling,Yes,4,4,Yes,53.46,Pass,2.12
STU-00118,2023,2,Education,Full-time,TAFE / Diploma,Female,Domestic,27,Low (<$40k),Bachelor,External,Full-time (>20 hrs),58.8,6.7,2.67,Yes,Academic Advisor,No,4,1,Yes,44.51,Fail,0.67
STU-00119,2024,2,Engineering,Part-time,High School (ATAR),Female,Domestic,21,Upper-Mid ($110–160k),Postgraduate,Merit-Based,Full-time (>20 hrs),82.3,13.7,3.99,Yes,Peer Tutoring,No,2,2,No,54.02,Pass,2.63
STU-00120,2023,3,Arts & Humanities,Full-time,TAFE / Diploma,Female,Domestic,24,Mid ($70–110k),Bachelor,None,Not Employed,63.4,16.6,3.14,Yes,None,No,4,4,No,65.79,Pass,2.14
STU-00121,2023,2,Education,Part-time,International Pathway,Female,Domestic,21,High (>$160k),No Tertiary,None,Not Employed,68.1,14.0,2.86,Yes,Multiple Services,Yes,2,2,No,59.05,Pass,2.68
STU-00122,2023,2,Engineering,Full-time,High School (ATAR),Male,International,24,Lower-Mid ($40–70k),Postgraduate,None,Part-time (≤20 hrs),71.9,14.8,2.82,Yes,None,No,4,4,No,57.56,Pass,2.38
STU-00123,2023,1,Arts & Humanities,Full-time,Transfer / Credit,Male,International,23,High (>$160k),TAFE / Certificate,None,Not Employed,70.5,15.4,2.44,Yes,None,No,4,3,No,50.88,Fail,1.11
STU-00124,2023,4,Business,Full-time,TAFE / Diploma,Female,Domestic,21,Lower-Mid ($40–70k),No Tertiary,Merit-Based,Part-time (≤20 hrs),82.7,22.0,2.71,Yes,Counselling,Yes,4,4,No,55.29,Pass,2.76
STU-00125,2022,4,Health Sciences,Full-time,High School (ATAR),Male,International,25,Lower-Mid ($40–70k),No Tertiary,None,Not Employed,72.3,16.8,2.94,Yes,None,No,4,2,No,48.77,Fail,1.84
STU-00126,2022,1,Information Technology,Part-time,High School (ATAR),Female,Domestic,23,Upper-Mid ($110–160k),Bachelor,None,Part-time (≤20 hrs),53.6,7.5,3.6,Yes,Peer Tutoring,No,2,1,Yes,50.21,Fail,1.24
STU-00127,2022,2,Health Sciences,Full-time,TAFE / Diploma,Male,International,22,Mid ($70–110k),Bachelor,None,Full-time (>20 hrs),75.1,12.1,1.71,Yes,Counselling,Yes,4,4,Yes,45.05,Pass,2.11
STU-00128,2023,3,Business,Part-time,Mature Age Entry,Male,International,21,Mid ($70–110k),Postgraduate,None,Not Employed,62.4,12.3,2.82,Yes,Academic Advisor,No,2,0,No,51.6,Fail,0.75
STU-00129,2022,3,Education,Full-time,TAFE / Diploma,Male,Domestic,23,Mid ($70–110k),Bachelor,None,Part-time (≤20 hrs),64.6,26.3,2.0,Yes,None,No,4,3,No,50.07,Fail,0.56
STU-00130,2022,2,Arts & Humanities,Full-time,International Pathway,Male,Domestic,21,Mid ($70–110k),Bachelor,None,Not Employed,41.9,7.5,3.17,Yes,Counselling,Yes,4,1,Yes,43.6,Fail,1.96
STU-00131,2024,3,Health Sciences,Full-time,High School (ATAR),Male,International,24,Low (<$40k),Postgraduate,Equity / Need-Based,Part-time (≤20 hrs),66.7,28.3,2.5,No,None,No,4,4,No,52.19,Pass,2.43
STU-00132,2023,3,Health Sciences,Full-time,High School (ATAR),Female,International,23,Mid ($70–110k),TAFE / Certificate,None,Not Employed,75.1,14.5,2.54,Yes,Counselling,Yes,4,4,No,58.44,Pass,2.1
STU-00133,2022,3,Engineering,Full-time,Mature Age Entry,Male,Domestic,23,Mid ($70–110k),Bachelor,None,Part-time (≤20 hrs),81.8,9.0,3.43,Yes,Counselling,Yes,4,4,No,55.62,Pass,2.73
STU-00134,2024,4,Arts & Humanities,Part-time,Transfer / Credit,Male,International,23,Lower-Mid ($40–70k),Postgraduate,Merit-Based,Not Employed,59.0,19.8,2.94,Yes,Multiple Services,Yes,2,1,Yes,48.16,Fail,0.95
STU-00135,2023,3,Health Sciences,Full-time,Transfer / Credit,Male,Domestic,23,Lower-Mid ($40–70k),No Tertiary,Merit-Based,Not Employed,75.4,26.8,3.51,Yes,Counselling,Yes,4,4,No,70.01,Distinction,3.38
STU-00136,2023,3,Arts & Humanities,Part-time,High School (ATAR),Female,Domestic,23,Lower-Mid ($40–70k),No Tertiary,Equity / Need-Based,Not Employed,85.0,17.0,3.1,Yes,Academic Advisor,No,2,2,No,55.21,Pass,2.93
STU-00137,2022,1,Engineering,Part-time,High School (ATAR),Male,International,21,Low (<$40k),Bachelor,None,Not Employed,79.0,13.3,3.14,No,None,No,2,2,No,59.88,Pass,2.26
STU-00138,2024,1,Engineering,Full-time,High School (ATAR),Male,Domestic,22,Lower-Mid ($40–70k),No Tertiary,Equity / Need-Based,Part-time (≤20 hrs),59.2,6.0,3.45,Yes,None,No,4,0,Yes,43.81,Fail,0.91
STU-00139,2023,2,Business,Part-time,High School (ATAR),Male,Domestic,20,Lower-Mid ($40–70k),Bachelor,Merit-Based,Part-time (≤20 hrs),66.6,17.3,3.29,Yes,None,No,2,2,No,56.36,Pass,2.42
STU-00140,2024,1,Education,Full-time,TAFE / Diploma,Female,International,18,Upper-Mid ($110–160k),Postgraduate,External,Full-time (>20 hrs),65.1,8.7,3.25,Yes,Academic Advisor,No,4,4,Yes,55.34,Pass,2.11
STU-00141,2023,4,Business,Full-time,High School (ATAR),Female,Domestic,28,Low (<$40k),TAFE / Certificate,None,Not Employed,61.7,12.1,3.97,Yes,None,No,4,0,No,51.91,Fail,1.81
STU-00142,2024,1,Health Sciences,Full-time,Transfer / Credit,Male,International,23,Low (<$40k),TAFE / Certificate,None,Part-time (≤20 hrs),82.4,15.2,2.7,Yes,Peer Tutoring,No,4,4,No,56.07,Pass,2.16
STU-00143,2024,3,Information Technology,Full-time,High School (ATAR),Male,Domestic,22,Lower-Mid ($40–70k),Bachelor,None,Part-time (≤20 hrs),97.2,10.7,3.64,Yes,Peer Tutoring,No,4,4,No,70.1,Pass,2.64
STU-00144,2023,1,Health Sciences,Full-time,Transfer / Credit,Female,Domestic,23,Mid ($70–110k),TAFE / Certificate,None,Full-time (>20 hrs),83.2,15.9,2.21,Yes,Peer Tutoring,No,4,2,Yes,41.72,Fail,1.5
STU-00145,2024,4,Education,Part-time,High School (ATAR),Female,Domestic,26,Mid ($70–110k),TAFE / Certificate,External,Not Employed,79.5,22.6,2.37,Yes,Multiple Services,Yes,2,2,No,68.66,Pass,2.9
STU-00146,2022,1,Business,Full-time,High School (ATAR),Female,Domestic,25,Low (<$40k),Postgraduate,None,Part-time (≤20 hrs),76.1,7.5,2.59,Yes,Academic Advisor,No,4,4,Yes,48.78,Pass,2.92
STU-00147,2024,1,Business,Full-time,TAFE / Diploma,Male,Domestic,22,Upper-Mid ($110–160k),Bachelor,Equity / Need-Based,Not Employed,64.2,26.0,3.73,Yes,None,No,4,4,No,75.06,Pass,2.13
STU-00148,2023,4,Information Technology,Full-time,High School (ATAR),Male,International,26,High (>$160k),Bachelor,Equity / Need-Based,Not Employed,52.9,18.2,3.81,Yes,Academic Advisor,No,4,4,Yes,67.77,Pass,2.9
STU-00149,2023,1,Engineering,Part-time,International Pathway,Male,Domestic,21,Mid ($70–110k),TAFE / Certificate,None,Not Employed,59.7,12.8,3.15,Yes,Academic Advisor,No,2,2,Yes,52.98,Pass,2.37
STU-00150,2023,3,Education,Part-time,High School (ATAR),Male,Domestic,26,Lower-Mid ($40–70k),Bachelor,None,Not Employed,86.6,14.2,3.31,Yes,Multiple Services,Yes,2,2,No,71.47,Pass,2.66
STU-00151,2022,1,Business,Part-time,High School (ATAR),Female,Domestic,20,High (>$160k),No Tertiary,None,Full-time (>20 hrs),56.1,3.2,3.2,Yes,None,No,2,0,Yes,33.56,Withdrawn,0.0
STU-00152,2023,3,Information Technology,Full-time,TAFE / Diploma,Male,Domestic,22,Lower-Mid ($40–70k),Bachelor,None,Not Employed,62.8,6.6,2.5,Yes,Academic Advisor,No,4,4,Yes,52.06,Pass,2.53
STU-00153,2023,3,Arts & Humanities,Full-time,High School (ATAR),Female,Domestic,23,Upper-Mid ($110–160k),Bachelor,Merit-Based,Part-time (≤20 hrs),74.6,14.6,3.37,Yes,Multiple Services,Yes,4,4,No,70.08,Pass,2.72
STU-00154,2023,2,Engineering,Full-time,Mature Age Entry,Male,Domestic,22,Lower-Mid ($40–70k),Postgraduate,None,Not Employed,74.2,26.6,1.88,Yes,None,No,4,4,No,60.07,Pass,2.23
STU-00155,2022,2,Arts & Humanities,Part-time,TAFE / Diploma,Female,Domestic,20,Lower-Mid ($40–70k),TAFE / Certificate,None,Part-time (≤20 hrs),68.3,17.5,3.52,Yes,Counselling,Yes,2,1,No,46.01,Fail,0.79
STU-00156,2023,1,Engineering,Full-time,TAFE / Diploma,Female,International,22,Lower-Mid ($40–70k),Postgraduate,None,Not Employed,73.5,18.4,3.64,Yes,Multiple Services,Yes,4,4,No,75.16,Pass,2.8
STU-00157,2024,1,Health Sciences,Full-time,High School (ATAR),Male,International,21,High (>$160k),TAFE / Certificate,None,Not Employed,77.4,16.7,2.03,Yes,None,No,4,4,No,55.33,Pass,2.4
STU-00158,2022,4,Information Technology,Part-time,TAFE / Diploma,Female,International,28,Upper-Mid ($110–160k),No Tertiary,Merit-Based,Full-time (>20 hrs),59.8,11.7,2.67,Yes,None,No,2,0,Yes,44.24,Fail,1.4
STU-00159,2023,3,Business,Full-time,TAFE / Diploma,Female,Domestic,24,Low (<$40k),Bachelor,Merit-Based,Part-time (≤20 hrs),77.7,21.5,2.3,Yes,Multiple Services,Yes,4,4,No,62.57,Pass,2.05
STU-00160,2023,3,Engineering,Full-time,High School (ATAR),Female,Domestic,26,Upper-Mid ($110–160k),Bachelor,None,Not Employed,100.0,24.2,2.85,Yes,Peer Tutoring,No,4,4,No,79.91,Distinction,3.37
STU-00161,2023,2,Information Technology,Full-time,High School (ATAR),Female,Domestic,25,Low (<$40k),Postgraduate,None,Not Employed,63.1,19.2,3.85,No,None,No,4,4,No,69.18,Distinction,3.27
STU-00162,2022,3,Business,Part-time,High School (ATAR),Male,International,20,Lower-Mid ($40–70k),Postgraduate,Equity / Need-Based,Not Employed,89.7,16.6,2.93,Yes,Academic Advisor,No,2,2,No,68.6,Pass,2.44
STU-00163,2023,1,Engineering,Part-time,High School (ATAR),Female,International,20,Low (<$40k),TAFE / Certificate,None,Part-time (≤20 hrs),67.7,8.5,2.46,Yes,Academic Advisor,No,2,0,No,35.34,Withdrawn,0.0
STU-00164,2024,3,Health Sciences,Part-time,High School (ATAR),Female,Domestic,22,Upper-Mid ($110–160k),Bachelor,Merit-Based,Not Employed,72.6,8.6,3.4,Yes,Counselling,Yes,2,2,No,54.94,Pass,2.27
STU-00165,2022,2,Engineering,Full-time,High School (ATAR),Male,Domestic,24,High (>$160k),Postgraduate,Merit-Based,Not Employed,83.2,17.8,3.63,Yes,Counselling,Yes,4,4,No,63.0,Pass,2.54
STU-00166,2022,4,Arts & Humanities,Part-time,High School (ATAR),Male,Domestic,25,Upper-Mid ($110–160k),Bachelor,None,Not Employed,79.2,12.5,2.96,Yes,Multiple Services,Yes,2,2,No,72.4,Distinction,3.54
STU-00167,2023,1,Information Technology,Full-time,High School (ATAR),Male,International,23,Upper-Mid ($110–160k),Postgraduate,None,Part-time (≤20 hrs),68.6,8.7,3.35,Yes,None,No,4,4,No,56.82,Pass,2.86
STU-00168,2024,1,Education,Full-time,High School (ATAR),Male,Domestic,24,Lower-Mid ($40–70k),Bachelor,None,Not Employed,98.0,18.2,2.66,Yes,None,No,4,4,No,78.26,Pass,2.28
STU-00169,2024,2,Information Technology,Full-time,Transfer / Credit,Non-binary / Other,Domestic,24,Mid ($70–110k),Postgraduate,None,Full-time (>20 hrs),56.7,7.4,3.84,Yes,Multiple Services,Yes,4,2,Yes,49.36,Fail,0.88
STU-00170,2022,1,Arts & Humanities,Part-time,High School (ATAR),Female,International,21,Mid ($70–110k),Bachelor,None,Part-time (≤20 hrs),82.5,17.5,3.32,Yes,Peer Tutoring,No,2,2,No,60.51,Pass,2.04
STU-00171,2024,2,Health Sciences,Part-time,International Pathway,Female,Domestic,25,Mid ($70–110k),Bachelor,None,Part-time (≤20 hrs),74.9,13.0,1.35,Yes,None,No,2,1,No,45.38,Fail,0.71
STU-00172,2023,4,Education,Part-time,High School (ATAR),Female,Domestic,29,Lower-Mid ($40–70k),No Tertiary,None,Part-time (≤20 hrs),58.3,13.6,3.12,Yes,None,No,2,1,Yes,41.52,Fail,1.59
STU-00173,2022,4,Education,Part-time,TAFE / Diploma,Male,Domestic,23,Low (<$40k),No Tertiary,None,Full-time (>20 hrs),52.4,11.8,2.84,Yes,Academic Advisor,No,2,1,Yes,41.71,Fail,1.09
STU-00174,2023,4,Business,Full-time,High School (ATAR),Female,International,25,High (>$160k),Bachelor,None,Part-time (≤20 hrs),73.1,22.1,3.76,Yes,None,No,4,4,No,66.62,Pass,2.32
STU-00175,2024,2,Health Sciences,Full-time,TAFE / Diploma,Male,International,20,Lower-Mid ($40–70k),Bachelor,Merit-Based,Part-time (≤20 hrs),83.2,12.5,2.44,Yes,Peer Tutoring,No,4,4,No,52.73,Pass,2.39
STU-00176,2024,1,Business,Part-time,TAFE / Diploma,Male,International,23,High (>$160k),Bachelor,None,Full-time (>20 hrs),54.9,18.6,2.74,Yes,Peer Tutoring,No,2,1,Yes,47.45,Fail,1.17
STU-00177,2022,1,Information Technology,Full-time,High School (ATAR),Female,International,25,Mid ($70–110k),No Tertiary,Equity / Need-Based,Full-time (>20 hrs),79.4,19.5,2.72,Yes,Multiple Services,Yes,4,4,Yes,55.83,Pass,2.95
STU-00178,2023,2,Education,Part-time,Transfer / Credit,Male,Domestic,21,Mid ($70–110k),TAFE / Certificate,None,Part-time (≤20 hrs),62.8,11.8,2.71,Yes,None,No,2,2,No,48.08,Pass,2.67
STU-00179,2024,3,Engineering,Full-time,High School (ATAR),Female,Domestic,23,Mid ($70–110k),Bachelor,None,Part-time (≤20 hrs),74.6,17.8,3.07,Yes,Peer Tutoring,No,4,4,No,72.85,Distinction,3.36
STU-00180,2023,3,Engineering,Part-time,TAFE / Diploma,Female,Domestic,23,Upper-Mid ($110–160k),Postgraduate,External,Not Employed,78.4,18.6,2.04,Yes,None,No,2,2,No,62.57,Pass,2.51
STU-00181,2022,2,Business,Full-time,Transfer / Credit,Male,Domestic,22,Mid ($70–110k),Postgraduate,None,Part-time (≤20 hrs),75.4,2.5,1.72,Yes,None,No,4,1,Yes,35.37,Fail,0.66
STU-00182,2022,2,Information Technology,Full-time,High School (ATAR),Female,Domestic,20,Mid ($70–110k),Bachelor,None,Part-time (≤20 hrs),57.6,8.0,3.31,Yes,Multiple Services,Yes,4,4,Yes,50.95,Pass,2.24
STU-00183,2022,1,Arts & Humanities,Full-time,High School (ATAR),Male,International,21,High (>$160k),No Tertiary,External,Part-time (≤20 hrs),78.0,12.6,3.65,Yes,None,No,4,4,No,55.11,Pass,2.12
STU-00184,2022,2,Business,Full-time,High School (ATAR),Female,Domestic,24,Low (<$40k),Bachelor,Merit-Based,Full-time (>20 hrs),77.5,9.7,3.59,Yes,None,No,4,4,Yes,46.32,Pass,2.33
STU-00185,2022,2,Information Technology,Full-time,High School (ATAR),Female,Domestic,23,High (>$160k),TAFE / Certificate,Merit-Based,Not Employed,61.5,18.8,3.64,Yes,Academic Advisor,No,4,4,No,68.47,Distinction,3.14
STU-00186,2022,2,Health Sciences,Full-time,Transfer / Credit,Male,International,21,Lower-Mid ($40–70k),No Tertiary,External,Not Employed,58.1,7.5,1.66,Yes,Multiple Services,Yes,4,1,Yes,36.45,Fail,1.28
STU-00187,2022,3,Education,Part-time,Mature Age Entry,Female,Domestic,23,Lower-Mid ($40–70k),Postgraduate,None,Not Employed,70.5,5.4,4.0,Yes,Academic Advisor,No,2,2,Yes,55.3,Pass,2.13
STU-00188,2023,1,Education,Full-time,Transfer / Credit,Female,Domestic,23,High (>$160k),No Tertiary,None,Not Employed,93.8,12.9,2.86,Yes,Multiple Services,Yes,4,4,No,65.4,Pass,2.33
STU-00189,2023,4,Engineering,Part-time,TAFE / Diploma,Male,International,21,Mid ($70–110k),Postgraduate,Equity / Need-Based,Full-time (>20 hrs),55.4,14.5,1.78,Yes,Multiple Services,Yes,2,1,Yes,42.68,Fail,0.61
STU-00190,2024,2,Health Sciences,Full-time,Mature Age Entry,Male,Domestic,20,Lower-Mid ($40–70k),No Tertiary,None,Part-time (≤20 hrs),59.7,19.6,3.63,Yes,None,No,4,0,Yes,49.88,Fail,1.32
STU-00191,2022,2,Education,Full-time,Mature Age Entry,Male,Domestic,20,Lower-Mid ($40–70k),Postgraduate,Equity / Need-Based,Full-time (>20 hrs),69.5,20.9,2.42,Yes,Counselling,Yes,4,1,Yes,44.51,Fail,0.78
STU-00192,2024,2,Engineering,Part-time,TAFE / Diploma,Male,Domestic,24,Low (<$40k),No Tertiary,None,Part-time (≤20 hrs),73.8,12.5,3.06,No,Academic Advisor,No,2,1,No,49.68,Fail,1.4
STU-00193,2022,3,Arts & Humanities,Part-time,TAFE / Diploma,Male,Domestic,25,Lower-Mid ($40–70k),Postgraduate,None,Full-time (>20 hrs),89.6,8.7,3.93,Yes,None,No,2,1,No,38.36,Fail,1.48
STU-00194,2022,1,Health Sciences,Full-time,High School (ATAR),Female,Domestic,27,Mid ($70–110k),Bachelor,Merit-Based,Part-time (≤20 hrs),72.3,23.6,3.47,Yes,Academic Advisor,No,4,4,No,65.59,Pass,2.13
STU-00195,2022,2,Business,Part-time,High School (ATAR),Male,International,23,Mid ($70–110k),Postgraduate,None,Part-time (≤20 hrs),68.5,3.1,3.1,Yes,Academic Advisor,No,2,1,Yes,46.21,Fail,1.83
STU-00196,2023,3,Business,Part-time,High School (ATAR),Female,International,23,Upper-Mid ($110–160k),Bachelor,None,Part-time (≤20 hrs),66.0,17.9,2.49,Yes,Academic Advisor,No,2,2,No,63.2,Pass,2.13
STU-00197,2023,2,Engineering,Full-time,International Pathway,Female,Domestic,23,Mid ($70–110k),No Tertiary,None,Part-time (≤20 hrs),52.0,14.6,2.81,Yes,Academic Advisor,No,4,3,Yes,46.85,Fail,0.96
STU-00198,2022,1,Arts & Humanities,Part-time,TAFE / Diploma,Female,Domestic,25,Low (<$40k),Postgraduate,None,Part-time (≤20 hrs),77.9,13.2,3.95,Yes,Academic Advisor,No,2,2,No,58.6,Pass,2.11
STU-00199,2022,1,Health Sciences,Part-time,High School (ATAR),Female,Domestic,20,Mid ($70–110k),Bachelor,Merit-Based,Not Employed,70.2,16.3,2.41,Yes,None,No,2,2,No,53.77,Pass,2.81
STU-00200,2023,4,Business,Part-time,High School (ATAR),Female,Domestic,28,High (>$160k),TAFE / Certificate,Equity / Need-Based,Part-time (≤20 hrs),74.3,11.8,3.66,Yes,Academic Advisor,No,2,2,No,61.58,Pass,2.45
STU-00201,2024,2,Health Sciences,Part-time,High School (ATAR),Male,International,22,Lower-Mid ($40–70k),TAFE / Certificate,None,Full-time (>20 hrs),54.6,13.4,3.49,Yes,None,No,2,0,Yes,29.79,Fail,1.01
STU-00202,2023,3,Information Technology,Part-time,High School (ATAR),Male,International,23,Low (<$40k),Postgraduate,None,Not Employed,68.5,10.0,4.0,Yes,None,No,2,2,No,55.72,Pass,2.64
STU-00203,2023,4,Engineering,Full-time,High School (ATAR),Female,International,26,Mid ($70–110k),Bachelor,External,Not Employed,72.0,3.7,4.0,Yes,Academic Advisor,No,4,4,Yes,66.35,Pass,2.82
STU-00204,2023,1,Engineering,Full-time,High School (ATAR),Female,International,21,Mid ($70–110k),TAFE / Certificate,External,Part-time (≤20 hrs),100.0,14.6,3.43,Yes,None,No,4,4,No,72.03,Pass,2.38
STU-00205,2022,2,Engineering,Full-time,TAFE / Diploma,Male,Domestic,25,Mid ($70–110k),Bachelor,Equity / Need-Based,Part-time (≤20 hrs),94.0,11.3,2.01,Yes,Academic Advisor,No,4,4,No,60.52,Pass,2.87
STU-00206,2023,1,Health Sciences,Full-time,High School (ATAR),Male,Domestic,24,Upper-Mid ($110–160k),No Tertiary,None,Part-time (≤20 hrs),75.1,8.8,2.62,Yes,Academic Advisor,No,4,2,No,44.94,Fail,1.98
STU-00207,2022,2,Business,Part-time,Mature Age Entry,Male,International,29,Low (<$40k),No Tertiary,None,Not Employed,54.6,18.1,3.7,Yes,None,No,2,1,Yes,35.95,Fail,1.99
STU-00208,2024,3,Engineering,Full-time,High School (ATAR),Non-binary / Other,Domestic,23,Upper-Mid ($110–160k),Bachelor,Equity / Need-Based,Part-time (≤20 hrs),88.2,11.8,3.37,Yes,Academic Advisor,No,4,4,No,68.46,Pass,2.61
STU-00209,2023,4,Health Sciences,Full-time,High School (ATAR),Female,International,25,Upper-Mid ($110–160k),Bachelor,None,Part-time (≤20 hrs),84.7,19.2,3.91,Yes,None,No,4,4,No,77.69,Pass,2.58
STU-00210,2022,2,Business,Full-time,High School (ATAR),Female,International,24,Lower-Mid ($40–70k),Bachelor,None,Full-time (>20 hrs),53.6,14.8,3.49,Yes,None,No,4,2,Yes,33.19,Fail,1.1
STU-00211,2022,3,Health Sciences,Full-time,High School (ATAR),Male,Domestic,26,Low (<$40k),Bachelor,None,Part-time (≤20 hrs),71.3,19.3,3.06,Yes,Academic Advisor,No,4,4,No,63.15,Pass,2.78
STU-00212,2023,1,Health Sciences,Part-time,High School (ATAR),Female,Domestic,21,Low (<$40k),TAFE / Certificate,None,Part-time (≤20 hrs),69.7,8.2,3.27,No,Peer Tutoring,No,2,2,No,51.46,Pass,2.6
STU-00213,2022,1,Education,Full-time,High School (ATAR),Female,Domestic,21,Lower-Mid ($40–70k),Bachelor,None,Part-time (≤20 hrs),71.2,18.3,3.2,Yes,None,No,4,4,No,52.54,Pass,2.97
STU-00214,2023,1,Health Sciences,Part-time,International Pathway,Male,Domestic,23,Mid ($70–110k),Bachelor,None,Not Employed,79.8,9.0,3.64,Yes,Peer Tutoring,No,2,2,No,55.72,Pass,2.72
STU-00215,2022,1,Health Sciences,Full-time,International Pathway,Male,Domestic,21,Lower-Mid ($40–70k),No Tertiary,None,Full-time (>20 hrs),78.3,16.6,1.94,Yes,Peer Tutoring,No,4,4,Yes,42.73,Pass,2.16
STU-00216,2022,3,Business,Full-time,High School (ATAR),Female,International,23,Mid ($70–110k),No Tertiary,Equity / Need-Based,Part-time (≤20 hrs),77.3,16.7,3.17,Yes,Peer Tutoring,No,4,4,No,51.59,Pass,2.96
STU-00217,2024,2,Information Technology,Full-time,High School (ATAR),Female,International,23,Lower-Mid ($40–70k),No Tertiary,None,Not Employed,77.6,27.3,3.8,Yes,Multiple Services,Yes,4,4,No,71.04,Pass,2.37
STU-00218,2022,1,Arts & Humanities,Full-time,TAFE / Diploma,Female,Domestic,21,Lower-Mid ($40–70k),Bachelor,Merit-Based,Part-time (≤20 hrs),67.5,21.0,3.77,Yes,None,No,4,4,No,65.71,Pass,2.16
STU-00219,2022,1,Engineering,Full-time,Transfer / Credit,Male,Domestic,20,Mid ($70–110k),No Tertiary,None,Part-time (≤20 hrs),75.2,16.7,3.29,Yes,Peer Tutoring,No,4,4,No,56.24,Pass,2.86
STU-00220,2023,3,Business,Full-time,High School (ATAR),Male,Domestic,22,Mid ($70–110k),TAFE / Certificate,None,Part-time (≤20 hrs),84.7,23.3,4.0,Yes,None,No,4,4,No,74.88,Distinction,3.24
STU-00221,2022,1,Engineering,Full-time,Transfer / Credit,Female,International,24,Upper-Mid ($110–160k),Postgraduate,Equity / Need-Based,Not Employed,56.7,12.2,3.03,Yes,Academic Advisor,No,4,2,Yes,46.27,Fail,1.66
STU-00222,2022,2,Business,Full-time,International Pathway,Male,Domestic,21,Upper-Mid ($110–160k),Bachelor,External,Full-time (>20 hrs),81.5,10.2,3.0,Yes,Peer Tutoring,No,4,4,Yes,55.63,Pass,2.11
STU-00223,2023,4,Engineering,Full-time,TAFE / Diploma,Female,Domestic,26,High (>$160k),Postgraduate,Equity / Need-Based,Part-time (≤20 hrs),57.2,18.9,2.75,Yes,None,No,4,1,Yes,45.89,Fail,1.48
STU-00224,2024,1,Business,Full-time,International Pathway,Male,Domestic,19,Lower-Mid ($40–70k),TAFE / Certificate,None,Not Employed,92.1,15.9,1.73,Yes,Counselling,Yes,4,4,No,59.15,Pass,2.15
STU-00225,2023,4,Business,Part-time,High School (ATAR),Female,Domestic,20,Mid ($70–110k),No Tertiary,None,Part-time (≤20 hrs),54.7,14.8,2.89,Yes,None,No,2,0,Yes,43.05,Fail,1.43
STU-00226,2024,1,Arts & Humanities,Part-time,Mature Age Entry,Male,International,17,Upper-Mid ($110–160k),Bachelor,None,Part-time (≤20 hrs),57.9,22.0,2.21,Yes,None,No,2,1,Yes,42.94,Fail,1.09
STU-00227,2023,3,Engineering,Full-time,High School (ATAR),Male,Domestic,26,Lower-Mid ($40–70k),Bachelor,Merit-Based,Not Employed,61.9,25.9,2.4,Yes,Counselling,Yes,4,4,No,66.77,Pass,2.54
STU-00228,2023,2,Health Sciences,Full-time,High School (ATAR),Female,Domestic,24,Lower-Mid ($40–70k),No Tertiary,External,Not Employed,93.3,16.4,2.82,Yes,None,No,4,4,No,59.01,Pass,2.22
STU-00229,2023,3,Engineering,Full-time,Mature Age Entry,Female,Domestic,18,High (>$160k),Bachelor,None,Part-time (≤20 hrs),71.0,11.0,3.44,Yes,None,No,4,1,No,48.61,Fail,1.5
STU-00230,2024,3,Health Sciences,Full-time,High School (ATAR),Male,International,23,Lower-Mid ($40–70k),TAFE / Certificate,Merit-Based,Part-time (≤20 hrs),87.1,19.3,3.27,Yes,None,No,4,4,No,64.06,Pass,2.25
STU-00231,2022,4,Engineering,Part-time,TAFE / Diploma,Male,Domestic,24,Low (<$40k),Bachelor,External,Full-time (>20 hrs),68.3,13.6,3.32,No,None,No,2,1,No,44.64,Fail,0.89
STU-00232,2022,2,Health Sciences,Full-time,TAFE / Diploma,Female,Domestic,21,Low (<$40k),Bachelor,External,Not Employed,56.7,5.5,2.14,Yes,Peer Tutoring,No,4,2,Yes,47.42,Fail,1.41
STU-00233,2023,3,Education,Full-time,Mature Age Entry,Male,Domestic,21,Low (<$40k),Bachelor,None,Full-time (>20 hrs),59.4,17.7,2.53,No,None,No,4,1,Yes,34.64,Fail,0.56
STU-00234,2024,4,Health Sciences,Part-time,High School (ATAR),Female,Domestic,26,Mid ($70–110k),No Tertiary,Equity / Need-Based,Full-time (>20 hrs),47.7,5.4,2.29,Yes,None,No,2,0,Yes,26.89,Fail,1.07
STU-00235,2023,2,Health Sciences,Part-time,High School (ATAR),Female,Domestic,21,Lower-Mid ($40–70k),TAFE / Certificate,External,Part-time (≤20 hrs),39.8,10.0,2.91,Yes,Counselling,Yes,2,0,Yes,43.94,Fail,1.9
STU-00236,2024,3,Engineering,Full-time,High School (ATAR),Male,Domestic,23,Lower-Mid ($40–70k),Postgraduate,None,Part-time (≤20 hrs),96.0,18.1,3.0,Yes,None,No,4,4,No,67.82,Pass,2.9
STU-00237,2024,1,Information Technology,Full-time,High School (ATAR),Female,Domestic,22,Lower-Mid ($40–70k),Bachelor,None,Full-time (>20 hrs),57.6,8.4,3.09,Yes,None,No,4,4,Yes,53.18,Pass,2.79
STU-00238,2022,4,Education,Full-time,Transfer / Credit,Female,International,28,Upper-Mid ($110–160k),Bachelor,None,Not Employed,100.0,20.0,2.73,Yes,None,No,4,4,No,67.83,Pass,2.33
STU-00239,2023,2,Health Sciences,Part-time,High School (ATAR),Male,Domestic,22,Upper-Mid ($110–160k),No Tertiary,None,Part-time (≤20 hrs),83.3,15.7,3.63,Yes,Academic Advisor,No,2,1,No,51.45,Fail,1.68
STU-00240,2023,4,Arts & Humanities,Full-time,High School (ATAR),Female,International,27,Upper-Mid ($110–160k),Postgraduate,None,Full-time (>20 hrs),64.6,14.0,2.99,Yes,Academic Advisor,No,4,1,Yes,44.04,Fail,1.13
STU-00241,2024,2,Health Sciences,Part-time,High School (ATAR),Female,International,22,Upper-Mid ($110–160k),Bachelor,None,Not Employed,100.0,11.9,1.89,Yes,None,No,2,2,No,56.48,Pass,2.95
STU-00242,2022,4,Education,Part-time,High School (ATAR),Male,International,24,High (>$160k),Bachelor,Merit-Based,Part-time (≤20 hrs),87.6,22.5,2.54,Yes,Academic Advisor,No,2,2,No,72.88,Pass,2.31
STU-00243,2022,3,Business,Part-time,Mature Age Entry,Female,Domestic,24,Lower-Mid ($40–70k),Bachelor,None,Full-time (>20 hrs),70.6,9.1,2.3,Yes,Peer Tutoring,No,2,2,No,54.92,Pass,2.24
STU-00244,2024,3,Information Technology,Full-time,TAFE / Diploma,Female,Domestic,22,Lower-Mid ($40–70k),No Tertiary,Merit-Based,Part-time (≤20 hrs),48.0,11.3,3.94,Yes,Academic Advisor,No,4,0,Yes,50.24,Fail,1.61
STU-00245,2024,4,Business,Full-time,High School (ATAR),Male,Domestic,24,Mid ($70–110k),No Tertiary,Equity / Need-Based,Part-time (≤20 hrs),86.3,14.6,2.63,Yes,Multiple Services,Yes,4,4,No,58.23,Pass,2.12
STU-00246,2023,4,Engineering,Full-time,High School (ATAR),Male,Domestic,25,Lower-Mid ($40–70k),No Tertiary,None,Part-time (≤20 hrs),67.6,11.4,2.72,Yes,None,No,4,3,No,49.73,Fail,0.82
STU-00247,2023,3,Engineering,Full-time,High School (ATAR),Male,Domestic,27,Lower-Mid ($40–70k),Postgraduate,Equity / Need-Based,Part-time (≤20 hrs),68.3,13.2,3.35,Yes,Academic Advisor,No,4,4,No,63.27,Pass,2.73
STU-00248,2023,1,Information Technology,Full-time,High School (ATAR),Female,Domestic,21,Low (<$40k),No Tertiary,None,Not Employed,71.0,24.9,2.09,No,None,No,4,2,No,48.27,Fail,1.4
STU-00249,2023,4,Arts & Humanities,Full-time,High School (ATAR),Female,Domestic,29,Upper-Mid ($110–160k),Postgraduate,External,Not Employed,57.1,23.5,3.73,Yes,None,No,4,4,Yes,70.53,Pass,2.44
STU-00250,2023,2,Business,Full-time,High School (ATAR),Female,Domestic,24,Low (<$40k),TAFE / Certificate,Merit-Based,Part-time (≤20 hrs),97.8,24.6,3.31,Yes,None,No,4,4,No,83.56,Distinction,3.17
STU-00251,2023,3,Engineering,Full-time,Mature Age Entry,Female,Domestic,22,Mid ($70–110k),Postgraduate,None,Not Employed,79.6,11.9,3.58,Yes,Academic Advisor,No,4,4,No,60.81,Pass,2.71
STU-00252,2024,2,Health Sciences,Full-time,High School (ATAR),Female,Domestic,20,Mid ($70–110k),Bachelor,None,Not Employed,88.9,21.6,2.25,Yes,Peer Tutoring,No,4,4,No,63.96,Pass,2.02
STU-00253,2022,3,Information Technology,Full-time,High School (ATAR),Male,Domestic,24,Low (<$40k),No Tertiary,External,Not Employed,70.0,22.3,2.55,Yes,None,No,4,4,No,58.94,Pass,2.09
STU-00254,2024,2,Engineering,Full-time,International Pathway,Female,International,24,Lower-Mid ($40–70k),Postgraduate,None,Not Employed,81.2,14.8,2.8,Yes,Counselling,Yes,4,4,No,61.12,Pass,2.42
STU-00255,2022,2,Arts & Humanities,Full-time,Transfer / Credit,Male,Domestic,23,Low (<$40k),Bachelor,None,Part-time (≤20 hrs),86.0,19.6,2.79,No,None,No,4,4,No,70.88,Pass,2.53
STU-00256,2024,4,Arts & Humanities,Part-time,Transfer / Credit,Female,International,21,High (>$160k),No Tertiary,Merit-Based,Not Employed,72.9,12.5,3.53,Yes,Academic Advisor,No,2,2,No,53.88,Pass,2.54
STU-00257,2022,2,Arts & Humanities,Full-time,High School (ATAR),Male,International,21,Upper-Mid ($110–160k),Bachelor,None,Full-time (>20 hrs),66.8,19.4,4.0,Yes,None,No,4,4,Yes,52.63,Pass,2.64
STU-00258,2022,4,Engineering,Full-time,International Pathway,Male,Domestic,23,Mid ($70–110k),Postgraduate,None,Not Employed,61.9,30.3,3.28,Yes,Multiple Services,Yes,4,4,No,60.52,Pass,2.44
STU-00259,2022,1,Arts & Humanities,Part-time,High School (ATAR),Male,Domestic,19,Lower-Mid ($40–70k),Postgraduate,Equity / Need-Based,Not Employed,86.9,12.7,2.64,Yes,Academic Advisor,No,2,2,No,48.65,Pass,2.47
STU-00260,2024,1,Business,Part-time,Mature Age Entry,Non-binary / Other,Domestic,27,Mid ($70–110k),TAFE / Certificate,Merit-Based,Part-time (≤20 hrs),74.5,15.7,2.38,Yes,Multiple Services,Yes,2,2,No,59.08,Pass,2.04
STU-00261,2023,3,Health Sciences,Full-time,High School (ATAR),Female,Domestic,21,Lower-Mid ($40–70k),Postgraduate,None,Not Employed,52.2,13.2,3.87,Yes,None,No,4,4,Yes,45.41,Pass,2.16
STU-00262,2022,3,Information Technology,Full-time,Mature Age Entry,Female,International,20,Mid ($70–110k),TAFE / Certificate,None,Full-time (>20 hrs),45.1,13.8,3.42,Yes,Multiple Services,Yes,4,1,Yes,39.77,Fail,1.8
STU-00263,2023,2,Education,Part-time,Mature Age Entry,Male,Domestic,21,Upper-Mid ($110–160k),TAFE / Certificate,None,Full-time (>20 hrs),70.4,9.0,2.83,Yes,None,No,2,0,No,32.76,Fail,0.7
STU-00264,2024,1,Education,Part-time,High School (ATAR),Female,Domestic,22,Lower-Mid ($40–70k),No Tertiary,Merit-Based,Part-time (≤20 hrs),94.2,12.6,3.59,Yes,Counselling,Yes,2,2,No,60.39,Pass,2.52
STU-00265,2023,3,Business,Full-time,Transfer / Credit,Male,Domestic,23,Mid ($70–110k),No Tertiary,None,Part-time (≤20 hrs),79.5,18.0,3.5,Yes,Peer Tutoring,No,4,4,No,62.73,Pass,2.5
STU-00266,2023,1,Information Technology,Full-time,International Pathway,Male,International,24,Low (<$40k),Bachelor,None,Part-time (≤20 hrs),82.9,11.4,3.58,Yes,Peer Tutoring,No,4,4,No,49.41,Pass,2.09
STU-00267,2023,1,Arts & Humanities,Full-time,High School (ATAR),Male,Domestic,21,Lower-Mid ($40–70k),TAFE / Certificate,External,Not Employed,78.2,21.5,2.56,Yes,Peer Tutoring,No,4,4,No,68.69,Pass,2.14
STU-00268,2022,3,Arts & Humanities,Part-time,Mature Age Entry,Male,Domestic,25,Mid ($70–110k),TAFE / Certificate,Merit-Based,Part-time (≤20 hrs),84.9,13.8,3.21,Yes,None,No,2,2,No,59.87,Pass,2.96
STU-00269,2022,4,Business,Full-time,Transfer / Credit,Male,Domestic,23,Upper-Mid ($110–160k),Bachelor,Equity / Need-Based,Part-time (≤20 hrs),92.4,18.2,3.21,Yes,None,No,4,4,No,67.72,Pass,2.78
STU-00270,2022,2,Education,Full-time,High School (ATAR),Female,International,24,High (>$160k),Postgraduate,None,Part-time (≤20 hrs),71.3,17.4,2.95,Yes,Counselling,Yes,4,4,No,70.48,Distinction,3.14
STU-00271,2024,3,Business,Full-time,High School (ATAR),Male,Domestic,26,Lower-Mid ($40–70k),Bachelor,None,Not Employed,95.2,22.6,2.74,Yes,Peer Tutoring,No,4,4,No,70.69,Pass,2.41
STU-00272,2024,2,Health Sciences,Part-time,Mature Age Entry,Male,Domestic,22,Lower-Mid ($40–70k),Postgraduate,Equity / Need-Based,Part-time (≤20 hrs),54.0,15.1,2.14,Yes,Academic Advisor,No,2,1,Yes,49.17,Fail,1.51
STU-00273,2023,2,Engineering,Full-time,Mature Age Entry,Female,Domestic,17,Mid ($70–110k),No Tertiary,None,Not Employed,90.6,17.6,2.88,Yes,None,No,4,4,No,59.89,Pass,2.45
STU-00274,2023,3,Arts & Humanities,Full-time,Mature Age Entry,Female,Domestic,25,Low (<$40k),Bachelor,Equity / Need-Based,Full-time (>20 hrs),46.9,15.9,2.6,No,None,No,4,1,Yes,31.86,Fail,1.44
STU-00275,2024,1,Engineering,Full-time,High School (ATAR),Female,Domestic,17,Low (<$40k),TAFE / Certificate,None,Part-time (≤20 hrs),76.3,22.7,3.49,Yes,None,No,4,4,No,66.35,Pass,2.96
STU-00276,2022,3,Engineering,Part-time,High School (ATAR),Female,Domestic,17,Mid ($70–110k),Bachelor,None,Not Employed,73.6,8.8,3.03,Yes,None,No,2,2,No,64.39,Pass,2.98
STU-00277,2023,3,Information Technology,Full-time,High School (ATAR),Female,International,22,Upper-Mid ($110–160k),TAFE / Certificate,None,Full-time (>20 hrs),52.6,15.1,4.0,Yes,None,No,4,0,Yes,37.4,Fail,1.71
STU-00278,2024,3,Education,Part-time,High School (ATAR),Female,International,21,Low (<$40k),Postgraduate,None,Part-time (≤20 hrs),66.6,18.7,3.6,No,None,No,2,0,No,41.73,Fail,0.82
STU-00279,2024,4,Arts & Humanities,Full-time,High School (ATAR),Female,Domestic,25,Lower-Mid ($40–70k),Bachelor,Merit-Based,Part-time (≤20 hrs),67.8,18.6,4.0,Yes,None,No,4,4,No,57.79,Pass,2.04
STU-00280,2024,3,Information Technology,Part-time,International Pathway,Female,International,24,Mid ($70–110k),Bachelor,Equity / Need-Based,Not Employed,53.8,13.8,2.38,Yes,Counselling,Yes,2,2,Yes,43.05,Pass,2.03
STU-00281,2024,1,Arts & Humanities,Part-time,High School (ATAR),Male,International,21,Upper-Mid ($110–160k),Postgraduate,None,Part-time (≤20 hrs),66.9,11.1,3.99,Yes,None,No,2,2,No,58.43,Pass,2.86
STU-00282,2023,4,Arts & Humanities,Part-time,Mature Age Entry,Female,International,23,Lower-Mid ($40–70k),Bachelor,Merit-Based,Part-time (≤20 hrs),68.6,5.3,3.48,Yes,Peer Tutoring,No,2,2,Yes,57.17,Pass,2.27
STU-00283,2022,4,Information Technology,Full-time,Transfer / Credit,Male,International,25,Upper-Mid ($110–160k),Postgraduate,Merit-Based,Not Employed,71.1,29.4,3.51,Yes,Academic Advisor,No,4,4,No,71.9,Distinction,3.64
STU-00284,2023,2,Information Technology,Full-time,High School (ATAR),Female,Domestic,20,Lower-Mid ($40–70k),No Tertiary,Equity / Need-Based,Part-time (≤20 hrs),80.1,16.8,2.71,Yes,Counselling,Yes,4,4,No,52.04,Pass,2.36
STU-00285,2022,4,Health Sciences,Full-time,Transfer / Credit,Female,International,25,Upper-Mid ($110–160k),No Tertiary,None,Not Employed,84.6,25.8,2.84,Yes,Academic Advisor,No,4,4,No,70.67,Distinction,3.25
STU-00286,2023,1,Information Technology,Full-time,High School (ATAR),Female,International,22,Low (<$40k),TAFE / Certificate,None,Not Employed,87.4,14.2,4.0,Yes,Academic Advisor,No,4,4,No,65.33,Pass,2.04
STU-00287,2022,1,Information Technology,Full-time,TAFE / Diploma,Male,International,23,Low (<$40k),TAFE / Certificate,None,Part-time (≤20 hrs),66.6,11.3,2.73,Yes,Academic Advisor,No,4,4,No,54.89,Pass,2.65
STU-00288,2023,2,Business,Full-time,Transfer / Credit,Male,Domestic,22,Low (<$40k),No Tertiary,None,Not Employed,75.0,22.4,2.72,Yes,Peer Tutoring,No,4,4,No,53.12,Pass,2.61
STU-00289,2023,3,Business,Part-time,TAFE / Diploma,Female,Domestic,25,Lower-Mid ($40–70k),Bachelor,None,Not Employed,61.1,20.5,2.42,Yes,None,No,2,2,No,56.67,Pass,2.05
STU-00290,2024,1,Health Sciences,Full-time,High School (ATAR),Male,International,23,High (>$160k),No Tertiary,Equity / Need-Based,Not Employed,83.2,23.9,3.92,Yes,None,No,4,4,No,81.35,Distinction,3.48
STU-00291,2024,3,Engineering,Full-time,TAFE / Diploma,Male,International,23,Low (<$40k),TAFE / Certificate,None,Not Employed,96.2,23.0,1.86,Yes,Peer Tutoring,No,4,4,No,68.5,Distinction,3.23
STU-00292,2024,1,Information Technology,Full-time,High School (ATAR),Female,Domestic,23,Mid ($70–110k),TAFE / Certificate,None,Full-time (>20 hrs),39.5,6.2,3.03,Yes,Counselling,Yes,4,2,Yes,35.68,Fail,1.39
STU-00293,2024,3,Information Technology,Part-time,International Pathway,Male,Domestic,23,Low (<$40k),Postgraduate,None,Part-time (≤20 hrs),72.6,23.4,2.49,Yes,Peer Tutoring,No,2,0,No,46.92,Fail,1.63
STU-00294,2023,2,Engineering,Part-time,High School (ATAR),Male,Domestic,22,Low (<$40k),No Tertiary,Merit-Based,Not Employed,35.2,18.0,2.55,Yes,Academic Advisor,No,2,0,Yes,34.35,Withdrawn,0.0
STU-00295,2022,1,Business,Full-time,High School (ATAR),Male,International,20,Low (<$40k),Postgraduate,Merit-Based,Part-time (≤20 hrs),66.2,13.7,4.0,No,None,No,4,4,No,60.6,Pass,2.96
STU-00296,2022,4,Engineering,Part-time,High School (ATAR),Female,Domestic,20,Lower-Mid ($40–70k),TAFE / Certificate,None,Not Employed,65.8,12.5,4.0,Yes,Multiple Services,Yes,2,2,No,67.32,Pass,2.79
STU-00297,2023,3,Business,Full-time,High School (ATAR),Female,Domestic,26,Lower-Mid ($40–70k),Bachelor,None,Not Employed,83.0,23.6,1.49,Yes,Peer Tutoring,No,4,4,No,59.69,Pass,2.66
STU-00298,2023,4,Engineering,Part-time,Transfer / Credit,Male,Domestic,23,Mid ($70–110k),TAFE / Certificate,External,Not Employed,64.8,5.9,2.8,Yes,Counselling,Yes,2,1,Yes,47.1,Fail,1.62
STU-00299,2023,2,Business,Full-time,High School (ATAR),Female,Domestic,23,High (>$160k),Bachelor,None,Part-time (≤20 hrs),86.1,14.1,3.69,Yes,Academic Advisor,No,4,4,No,62.46,Pass,2.05
STU-00300,2023,2,Health Sciences,Full-time,High School (ATAR),Male,International,25,Mid ($70–110k),Bachelor,None,Part-time (≤20 hrs),83.8,12.6,2.56,Yes,None,No,4,4,No,53.03,Pass,2.2
STU-00301,2024,1,Health Sciences,Full-time,High School (ATAR),Female,Domestic,22,Upper-Mid ($110–160k),Postgraduate,Merit-Based,Not Employed,84.4,21.0,3.56,Yes,Multiple Services,Yes,4,4,No,84.35,Distinction,3.05
STU-00302,2024,3,Engineering,Full-time,High School (ATAR),Male,Domestic,25,Upper-Mid ($110–160k),Bachelor,Equity / Need-Based,Full-time (>20 hrs),72.7,9.0,3.94,Yes,None,No,4,4,Yes,55.95,Pass,2.35
STU-00303,2022,4,Health Sciences,Full-time,TAFE / Diploma,Female,International,28,Low (<$40k),Bachelor,Merit-Based,Not Employed,56.5,13.6,2.21,No,Academic Advisor,No,4,4,Yes,52.13,Pass,2.03
STU-00304,2023,4,Engineering,Full-time,International Pathway,Male,International,25,Lower-Mid ($40–70k),Bachelor,None,Part-time (≤20 hrs),81.1,16.6,3.14,Yes,None,No,4,4,No,69.43,Distinction,3.56
STU-00305,2024,1,Business,Full-time,Transfer / Credit,Male,Domestic,23,Mid ($70–110k),No Tertiary,None,Part-time (≤20 hrs),92.3,13.5,2.81,Yes,Academic Advisor,No,4,4,No,58.23,Pass,2.73
STU-00306,2024,1,Information Technology,Part-time,High School (ATAR),Female,Domestic,22,Lower-Mid ($40–70k),TAFE / Certificate,None,Not Employed,66.7,9.6,2.34,Yes,None,No,2,1,No,39.83,Fail,0.7
STU-00307,2023,1,Information Technology,Full-time,High School (ATAR),Male,International,20,Lower-Mid ($40–70k),Bachelor,None,Not Employed,73.2,20.1,3.67,Yes,Counselling,Yes,4,4,No,68.41,Distinction,3.26
STU-00308,2024,3,Health Sciences,Part-time,High School (ATAR),Female,Domestic,21,Mid ($70–110k),Bachelor,None,Not Employed,72.3,23.1,3.46,Yes,Multiple Services,Yes,2,2,No,70.57,Pass,2.52
STU-00309,2023,1,Health Sciences,Part-time,TAFE / Diploma,Female,International,20,Low (<$40k),TAFE / Certificate,None,Part-time (≤20 hrs),93.7,15.4,2.76,Yes,None,No,2,2,No,54.08,Pass,2.7
STU-00310,2024,4,Business,Part-time,Mature Age Entry,Male,International,19,Lower-Mid ($40–70k),Bachelor,Merit-Based,Not Employed,86.2,15.4,3.54,Yes,None,No,2,2,No,58.07,Pass,2.25
STU-00311,2024,1,Engineering,Part-time,TAFE / Diploma,Male,International,21,Lower-Mid ($40–70k),TAFE / Certificate,Merit-Based,Not Employed,86.8,19.4,3.69,Yes,None,No,2,2,No,61.47,Pass,2.01
STU-00312,2023,4,Business,Part-time,Transfer / Credit,Female,Domestic,23,Low (<$40k),Postgraduate,None,Part-time (≤20 hrs),50.0,11.3,3.17,Yes,Counselling,Yes,2,1,Yes,49.47,Fail,1.52
STU-00313,2024,3,Education,Part-time,High School (ATAR),Female,Domestic,24,Lower-Mid ($40–70k),Bachelor,Merit-Based,Part-time (≤20 hrs),70.4,20.2,3.37,Yes,Academic Advisor,No,2,2,No,56.25,Pass,2.1
STU-00314,2023,1,Education,Full-time,High School (ATAR),Female,Domestic,19,Low (<$40k),Bachelor,None,Full-time (>20 hrs),67.1,6.9,2.42,No,Academic Advisor,No,4,3,Yes,38.56,Fail,1.61
STU-00315,2024,3,Health Sciences,Part-time,High School (ATAR),Female,Domestic,23,Upper-Mid ($110–160k),Postgraduate,Merit-Based,Not Employed,60.7,16.7,4.0,Yes,Multiple Services,Yes,2,2,No,76.01,Pass,2.22
STU-00316,2023,1,Engineering,Full-time,International Pathway,Female,Domestic,23,High (>$160k),Postgraduate,None,Not Employed,63.9,17.8,2.02,Yes,Academic Advisor,No,4,4,No,61.49,Pass,2.27
STU-00317,2023,3,Engineering,Part-time,International Pathway,Female,International,25,Mid ($70–110k),No Tertiary,None,Not Employed,52.4,14.1,3.12,Yes,None,No,2,2,Yes,52.7,Pass,2.46
STU-00318,2024,3,Education,Full-time,International Pathway,Male,Domestic,24,Low (<$40k),No Tertiary,None,Part-time (≤20 hrs),57.2,18.0,2.4,Yes,None,No,4,4,Yes,54.73,Pass,2.08
STU-00319,2022,2,Engineering,Full-time,High School (ATAR),Non-binary / Other,Domestic,25,Mid ($70–110k),Postgraduate,None,Part-time (≤20 hrs),83.2,20.5,2.68,Yes,Academic Advisor,No,4,4,No,60.79,Pass,2.05
STU-00320,2023,1,Business,Full-time,Mature Age Entry,Male,Domestic,23,High (>$160k),Postgraduate,Equity / Need-Based,Part-time (≤20 hrs),68.7,15.8,2.7,Yes,Academic Advisor,No,4,4,No,67.21,Pass,2.76
STU-00321,2022,4,Arts & Humanities,Part-time,High School (ATAR),Female,Domestic,28,Mid ($70–110k),Postgraduate,None,Full-time (>20 hrs),57.3,1.0,2.98,Yes,None,No,2,0,Yes,29.96,Withdrawn,0.0
STU-00322,2022,4,Arts & Humanities,Full-time,High School (ATAR),Male,Domestic,22,Low (<$40k),Bachelor,None,Part-time (≤20 hrs),64.5,19.1,3.66,Yes,Academic Advisor,No,4,4,No,53.73,Pass,2.47
STU-00323,2023,3,Engineering,Full-time,Mature Age Entry,Female,International,19,Upper-Mid ($110–160k),Bachelor,None,Part-time (≤20 hrs),62.8,11.4,1.97,Yes,Academic Advisor,No,4,4,No,52.45,Pass,2.24
STU-00324,2023,1,Business,Full-time,High School (ATAR),Female,Domestic,21,Mid ($70–110k),No Tertiary,Merit-Based,Part-time (≤20 hrs),51.1,18.2,3.36,Yes,Counselling,Yes,4,3,Yes,50.81,Fail,0.64
STU-00325,2022,2,Engineering,Full-time,High School (ATAR),Female,International,26,Lower-Mid ($40–70k),Postgraduate,None,Part-time (≤20 hrs),95.2,15.4,4.0,Yes,Multiple Services,Yes,4,4,No,71.17,Distinction,3.54
STU-00326,2023,3,Information Technology,Full-time,Mature Age Entry,Male,International,25,Lower-Mid ($40–70k),Postgraduate,None,Not Employed,64.3,15.5,3.27,Yes,Peer Tutoring,No,4,4,No,61.44,Pass,2.63
STU-00327,2022,1,Information Technology,Full-time,Mature Age Entry,Female,Domestic,19,Upper-Mid ($110–160k),Postgraduate,None,Part-time (≤20 hrs),72.3,19.6,2.92,Yes,None,No,4,4,No,63.86,Pass,2.19
STU-00328,2024,1,Business,Full-time,Mature Age Entry,Female,Domestic,25,Mid ($70–110k),TAFE / Certificate,Equity / Need-Based,Not Employed,74.5,19.6,3.63,Yes,None,No,4,4,No,62.36,Pass,2.35
STU-00329,2022,1,Health Sciences,Part-time,High School (ATAR),Male,International,19,Upper-Mid ($110–160k),TAFE / Certificate,Merit-Based,Part-time (≤20 hrs),99.2,13.1,3.36,Yes,Academic Advisor,No,2,2,No,72.87,Pass,2.56
STU-00330,2022,4,Business,Part-time,High School (ATAR),Female,Domestic,26,Mid ($70–110k),No Tertiary,Equity / Need-Based,Not Employed,84.7,13.3,2.67,Yes,Academic Advisor,No,2,0,No,50.43,Fail,1.92
STU-00331,2023,4,Engineering,Full-time,High School (ATAR),Female,Domestic,26,Upper-Mid ($110–160k),No Tertiary,None,Not Employed,63.9,21.2,3.5,Yes,None,No,4,4,No,70.46,Distinction,3.44
STU-00332,2023,4,Engineering,Full-time,TAFE / Diploma,Female,Domestic,23,Upper-Mid ($110–160k),Postgraduate,None,Not Employed,90.2,14.3,2.1,Yes,Peer Tutoring,No,4,4,No,64.12,Pass,2.19
STU-00333,2023,3,Information Technology,Full-time,High School (ATAR),Male,International,22,Upper-Mid ($110–160k),TAFE / Certificate,Merit-Based,Not Employed,78.4,28.7,3.8,Yes,Multiple Services,Yes,4,4,No,81.83,Distinction,3.63
STU-00334,2023,1,Education,Full-time,Mature Age Entry,Male,International,22,Lower-Mid ($40–70k),Bachelor,None,Full-time (>20 hrs),63.6,2.0,3.1,Yes,Academic Advisor,No,4,1,Yes,35.18,Fail,1.73
STU-00335,2024,4,Health Sciences,Full-time,Transfer / Credit,Male,Domestic,25,Upper-Mid ($110–160k),Bachelor,Merit-Based,Not Employed,64.3,16.0,2.86,Yes,None,No,4,4,No,60.09,Pass,2.21
STU-00336,2023,3,Arts & Humanities,Full-time,TAFE / Diploma,Female,International,24,Upper-Mid ($110–160k),Bachelor,None,Full-time (>20 hrs),63.0,10.8,3.22,Yes,Academic Advisor,No,4,0,Yes,46.23,Fail,1.29
STU-00337,2023,3,Health Sciences,Full-time,TAFE / Diploma,Female,International,25,Mid ($70–110k),Postgraduate,None,Not Employed,96.6,11.1,3.21,Yes,Counselling,Yes,4,4,No,66.08,Pass,2.3
STU-00338,2022,4,Engineering,Part-time,High School (ATAR),Female,Domestic,26,Low (<$40k),TAFE / Certificate,Merit-Based,Not Employed,55.3,16.4,3.58,Yes,Multiple Services,Yes,2,2,Yes,66.29,Pass,2.7
STU-00339,2023,4,Health Sciences,Full-time,High School (ATAR),Male,Domestic,21,High (>$160k),Bachelor,None,Part-time (≤20 hrs),69.3,7.7,3.77,Yes,None,No,4,4,Yes,53.73,Pass,2.87
STU-00340,2023,3,Engineering,Full-time,International Pathway,Male,International,22,High (>$160k),TAFE / Certificate,None,Not Employed,72.2,19.5,3.85,Yes,Peer Tutoring,No,4,4,No,75.2,Distinction,3.08
STU-00341,2022,4,Engineering,Full-time,High School (ATAR),Female,Domestic,24,Lower-Mid ($40–70k),Bachelor,None,Part-time (≤20 hrs),66.3,14.8,3.08,Yes,Academic Advisor,No,4,4,No,57.68,Pass,2.27
STU-00342,2022,1,Information Technology,Part-time,TAFE / Diploma,Female,Domestic,21,Mid ($70–110k),No Tertiary,None,Not Employed,83.1,7.7,3.57,Yes,Counselling,Yes,2,2,Yes,55.38,Pass,2.7
STU-00343,2023,2,Business,Part-time,TAFE / Diploma,Female,International,24,Upper-Mid ($110–160k),No Tertiary,Merit-Based,Part-time (≤20 hrs),85.2,20.9,3.8,Yes,None,No,2,2,No,83.1,Distinction,3.17
STU-00344,2023,4,Business,Full-time,High School (ATAR),Male,International,23,High (>$160k),No Tertiary,None,Not Employed,89.4,13.4,3.38,Yes,None,No,4,4,No,67.84,Pass,2.25
STU-00345,2024,2,Information Technology,Part-time,High School (ATAR),Female,Domestic,23,Mid ($70–110k),TAFE / Certificate,None,Not Employed,54.9,9.5,2.89,Yes,Peer Tutoring,No,2,1,Yes,48.54,Fail,1.8
STU-00346,2022,3,Business,Full-time,High School (ATAR),Female,International,24,Low (<$40k),TAFE / Certificate,Merit-Based,Not Employed,74.2,15.1,3.54,No,Multiple Services,Yes,4,4,No,74.5,Pass,2.22
STU-00347,2023,2,Health Sciences,Full-time,High School (ATAR),Male,Domestic,25,Low (<$40k),No Tertiary,Equity / Need-Based,Part-time (≤20 hrs),60.4,19.1,2.71,Yes,None,No,4,2,No,36.79,Fail,1.88
STU-00348,2022,3,Business,Full-time,Mature Age Entry,Male,Domestic,23,Lower-Mid ($40–70k),No Tertiary,None,Not Employed,79.6,15.8,2.44,Yes,Academic Advisor,No,4,4,No,60.94,Pass,2.88
STU-00349,2022,1,Information Technology,Full-time,TAFE / Diploma,Female,International,21,Lower-Mid ($40–70k),Bachelor,Equity / Need-Based,Not Employed,79.4,16.0,3.5,Yes,Peer Tutoring,No,4,4,No,65.05,Pass,2.25
STU-00350,2023,4,Arts & Humanities,Full-time,High School (ATAR),Male,Domestic,22,Low (<$40k),No Tertiary,None,Part-time (≤20 hrs),68.7,7.5,2.42,Yes,Multiple Services,Yes,4,4,Yes,43.12,Pass,2.04
STU-00351,2024,2,Education,Part-time,High School (ATAR),Female,International,25,Lower-Mid ($40–70k),Bachelor,None,Part-time (≤20 hrs),50.5,7.4,2.32,Yes,Counselling,Yes,2,1,Yes,39.46,Fail,0.52
STU-00352,2023,4,Engineering,Part-time,Transfer / Credit,Male,International,25,Lower-Mid ($40–70k),Bachelor,None,Part-time (≤20 hrs),72.0,9.8,3.58,Yes,Academic Advisor,No,2,2,No,55.68,Pass,2.26
STU-00353,2022,2,Engineering,Full-time,International Pathway,Male,International,23,Mid ($70–110k),Bachelor,None,Not Employed,73.3,20.0,1.56,Yes,Peer Tutoring,No,4,4,No,50.51,Pass,2.96
STU-00354,2023,3,Arts & Humanities,Part-time,High School (ATAR),Male,Domestic,24,Lower-Mid ($40–70k),TAFE / Certificate,Merit-Based,Part-time (≤20 hrs),69.7,23.9,3.84,Yes,Academic Advisor,No,2,2,No,63.93,Pass,2.1
STU-00355,2023,2,Health Sciences,Part-time,Transfer / Credit,Male,Domestic,25,Low (<$40k),Postgraduate,External,Full-time (>20 hrs),68.8,5.5,2.46,Yes,None,No,2,0,Yes,35.18,Withdrawn,0.0
STU-00356,2024,2,Business,Part-time,Transfer / Credit,Male,Domestic,25,Mid ($70–110k),TAFE / Certificate,None,Not Employed,78.8,13.9,3.67,Yes,None,No,2,2,No,64.32,Pass,2.66
STU-00357,2023,1,Business,Full-time,TAFE / Diploma,Female,Domestic,21,Upper-Mid ($110–160k),Postgraduate,None,Part-time (≤20 hrs),94.6,19.9,2.12,Yes,Multiple Services,Yes,4,4,No,66.54,Pass,2.19
STU-00358,2022,3,Health Sciences,Full-time,Mature Age Entry,Male,Domestic,24,Upper-Mid ($110–160k),TAFE / Certificate,None,Not Employed,60.4,22.6,1.46,Yes,Academic Advisor,No,4,4,No,55.25,Pass,2.59
STU-00359,2024,3,Information Technology,Full-time,High School (ATAR),Male,Domestic,24,Upper-Mid ($110–160k),Bachelor,None,Part-time (≤20 hrs),73.6,16.6,2.95,Yes,Academic Advisor,No,4,4,No,55.59,Pass,2.04
STU-00360,2022,4,Information Technology,Part-time,TAFE / Diploma,Female,Domestic,21,Mid ($70–110k),No Tertiary,External,Not Employed,53.5,19.6,2.2,Yes,None,No,2,2,Yes,51.59,Pass,2.65
STU-00361,2024,3,Engineering,Full-time,High School (ATAR),Male,International,24,Lower-Mid ($40–70k),Bachelor,None,Part-time (≤20 hrs),86.6,15.4,2.49,Yes,Academic Advisor,No,4,4,No,70.16,Distinction,3.41
STU-00362,2024,3,Business,Full-time,Transfer / Credit,Female,Domestic,23,Mid ($70–110k),Bachelor,Merit-Based,Not Employed,74.7,15.6,2.55,Yes,Counselling,Yes,4,4,No,68.18,Distinction,3.59
STU-00363,2022,1,Arts & Humanities,Full-time,High School (ATAR),Male,Domestic,22,Lower-Mid ($40–70k),No Tertiary,External,Full-time (>20 hrs),69.4,9.1,4.0,Yes,Peer Tutoring,No,4,4,Yes,55.56,Pass,2.3
STU-00364,2022,1,Information Technology,Part-time,High School (ATAR),Female,International,23,High (>$160k),Postgraduate,Merit-Based,Not Employed,64.7,17.3,3.6,Yes,Academic Advisor,No,2,2,No,70.99,Pass,2.76
STU-00365,2024,1,Engineering,Part-time,High School (ATAR),Female,Domestic,21,Low (<$40k),Bachelor,None,Part-time (≤20 hrs),70.2,24.2,2.8,Yes,Multiple Services,Yes,2,2,No,56.91,Pass,2.74
STU-00366,2023,3,Arts & Humanities,Full-time,High School (ATAR),Female,Domestic,24,Low (<$40k),Postgraduate,External,Part-time (≤20 hrs),91.2,23.3,3.11,Yes,None,No,4,4,No,54.43,Pass,2.36
STU-00367,2023,4,Information Technology,Part-time,TAFE / Diploma,Female,International,24,Mid ($70–110k),Postgraduate,Merit-Based,Part-time (≤20 hrs),74.8,13.2,3.3,Yes,Peer Tutoring,No,2,2,No,52.92,Pass,2.68
STU-00368,2023,3,Business,Full-time,Transfer / Credit,Female,Domestic,22,Mid ($70–110k),No Tertiary,None,Part-time (≤20 hrs),83.5,14.6,2.33,Yes,None,No,4,4,No,62.83,Pass,2.34
STU-00369,2023,1,Arts & Humanities,Full-time,TAFE / Diploma,Male,Domestic,28,Mid ($70–110k),No Tertiary,External,Part-time (≤20 hrs),72.8,12.7,1.96,Yes,None,No,4,4,No,53.57,Pass,2.8
STU-00370,2024,3,Health Sciences,Part-time,International Pathway,Male,Domestic,24,Mid ($70–110k),Bachelor,Equity / Need-Based,Not Employed,62.7,18.0,2.17,Yes,Multiple Services,Yes,2,2,No,63.04,Pass,2.77
STU-00371,2024,3,Business,Full-time,High School (ATAR),Male,International,25,Lower-Mid ($40–70k),TAFE / Certificate,External,Not Employed,81.8,8.9,3.5,Yes,Peer Tutoring,No,4,4,No,55.67,Pass,2.27
STU-00372,2023,4,Health Sciences,Part-time,High School (ATAR),Female,Domestic,25,Mid ($70–110k),TAFE / Certificate,Merit-Based,Not Employed,73.4,25.6,3.44,Yes,Counselling,Yes,2,2,No,73.72,Pass,2.42
STU-00373,2023,2,Education,Full-time,High School (ATAR),Male,International,23,Mid ($70–110k),Bachelor,None,Not Employed,67.0,9.9,3.35,Yes,Peer Tutoring,No,4,4,No,52.64,Pass,2.41
STU-00374,2023,1,Engineering,Part-time,TAFE / Diploma,Male,Domestic,25,Mid ($70–110k),Bachelor,None,Part-time (≤20 hrs),71.5,16.7,3.63,Yes,None,No,2,2,No,54.89,Pass,2.29
STU-00375,2024,1,Engineering,Full-time,High School (ATAR),Female,Domestic,21,Mid ($70–110k),No Tertiary,None,Not Employed,83.4,15.7,3.44,Yes,None,No,4,4,No,62.65,Pass,2.24
STU-00376,2024,3,Health Sciences,Full-time,Mature Age Entry,Male,Domestic,28,Upper-Mid ($110–160k),TAFE / Certificate,None,Part-time (≤20 hrs),83.0,16.5,2.39,Yes,None,No,4,4,No,55.89,Pass,2.98
STU-00377,2023,4,Business,Full-time,High School (ATAR),Female,Domestic,22,Mid ($70–110k),No Tertiary,None,Part-time (≤20 hrs),90.8,15.3,4.0,Yes,None,No,4,4,No,55.07,Pass,2.96
STU-00378,2023,2,Health Sciences,Part-time,TAFE / Diploma,Female,Domestic,21,Mid ($70–110k),TAFE / Certificate,Equity / Need-Based,Part-time (≤20 hrs),61.4,7.3,3.43,Yes,Academic Advisor,No,2,2,Yes,54.76,Pass,2.5
STU-00379,2024,3,Arts & Humanities,Part-time,Transfer / Credit,Male,Domestic,23,Mid ($70–110k),No Tertiary,Equity / Need-Based,Not Employed,61.3,15.2,3.38,Yes,None,No,2,2,No,45.77,Pass,2.17
STU-00380,2023,1,Business,Full-time,High School (ATAR),Male,Domestic,24,Lower-Mid ($40–70k),Bachelor,None,Part-time (≤20 hrs),69.1,8.2,2.91,Yes,Academic Advisor,No,4,1,No,51.81,Fail,0.83
STU-00381,2022,3,Information Technology,Part-time,High School (ATAR),Male,International,28,Mid ($70–110k),Bachelor,Merit-Based,Part-time (≤20 hrs),81.9,18.1,3.41,Yes,Peer Tutoring,No,2,2,No,61.51,Pass,2.51
STU-00382,2022,3,Engineering,Part-time,Mature Age Entry,Female,Domestic,24,Mid ($70–110k),No Tertiary,External,Part-time (≤20 hrs),71.9,15.0,2.96,Yes,None,No,2,2,No,53.07,Pass,2.58
STU-00383,2024,2,Education,Part-time,Mature Age Entry,Female,International,21,Mid ($70–110k),No Tertiary,Equity / Need-Based,Part-time (≤20 hrs),83.2,14.0,2.59,Yes,None,No,2,0,No,44.04,Fail,1.73
STU-00384,2023,4,Business,Full-time,International Pathway,Female,Domestic,25,Mid ($70–110k),Bachelor,None,Part-time (≤20 hrs),72.5,18.9,2.66,Yes,None,No,4,4,No,56.2,Pass,2.11
STU-00385,2022,3,Health Sciences,Part-time,Transfer / Credit,Male,Domestic,24,High (>$160k),Bachelor,None,Not Employed,53.3,9.2,3.3,Yes,Academic Advisor,No,2,2,Yes,51.44,Pass,2.94
STU-00386,2023,3,Health Sciences,Full-time,TAFE / Diploma,Female,Domestic,22,Mid ($70–110k),TAFE / Certificate,Equity / Need-Based,Part-time (≤20 hrs),81.1,16.9,2.6,Yes,Multiple Services,Yes,4,4,No,59.28,Pass,2.96
STU-00387,2022,3,Education,Part-time,High School (ATAR),Male,Domestic,22,Lower-Mid ($40–70k),Bachelor,External,Not Employed,75.4,20.0,3.05,Yes,Peer Tutoring,No,2,2,No,57.61,Pass,2.4
STU-00388,2023,2,Health Sciences,Full-time,TAFE / Diploma,Female,Domestic,21,Upper-Mid ($110–160k),Postgraduate,Merit-Based,Part-time (≤20 hrs),72.7,19.2,2.58,Yes,None,No,4,4,No,55.03,Pass,2.89
STU-00389,2023,4,Engineering,Part-time,Transfer / Credit,Female,International,26,Mid ($70–110k),Bachelor,None,Not Employed,61.0,14.4,3.11,Yes,None,No,2,1,No,51.65,Fail,1.32
STU-00390,2024,2,Information Technology,Full-time,TAFE / Diploma,Female,Domestic,24,Low (<$40k),Bachelor,External,Part-time (≤20 hrs),84.4,14.1,3.46,No,None,No,4,4,No,63.32,Pass,2.13
STU-00391,2022,4,Education,Part-time,High School (ATAR),Female,Domestic,24,Lower-Mid ($40–70k),Postgraduate,External,Not Employed,69.2,11.0,2.67,Yes,None,No,2,2,No,58.06,Pass,2.98
STU-00392,2023,3,Engineering,Part-time,High School (ATAR),Male,International,21,Mid ($70–110k),TAFE / Certificate,None,Not Employed,77.8,14.7,3.09,Yes,Counselling,Yes,2,2,No,60.18,Pass,2.87
STU-00393,2023,4,Education,Full-time,High School (ATAR),Female,Domestic,24,Lower-Mid ($40–70k),Postgraduate,None,Not Employed,71.8,24.6,2.98,Yes,Multiple Services,Yes,4,4,No,85.31,High Distinction,3.76
STU-00394,2023,2,Engineering,Full-time,High School (ATAR),Female,Domestic,22,Low (<$40k),No Tertiary,External,Not Employed,67.8,12.5,3.02,No,Peer Tutoring,No,4,2,No,41.61,Fail,1.67
STU-00395,2023,2,Health Sciences,Part-time,Transfer / Credit,Male,International,22,Mid ($70–110k),TAFE / Certificate,Equity / Need-Based,Part-time (≤20 hrs),71.0,19.9,2.5,Yes,Peer Tutoring,No,2,2,No,57.25,Pass,2.21
STU-00396,2024,1,Health Sciences,Full-time,TAFE / Diploma,Female,Domestic,21,Low (<$40k),TAFE / Certificate,Equity / Need-Based,Not Employed,81.0,22.4,3.34,Yes,Academic Advisor,No,4,4,No,64.15,Pass,2.36
STU-00397,2022,3,Engineering,Full-time,High School (ATAR),Female,International,26,Upper-Mid ($110–160k),Bachelor,Equity / Need-Based,Not Employed,100.0,12.1,3.8,Yes,Academic Advisor,No,4,4,No,65.08,Pass,2.98
STU-00398,2024,4,Health Sciences,Full-time,TAFE / Diploma,Female,Domestic,26,Lower-Mid ($40–70k),TAFE / Certificate,Equity / Need-Based,Full-time (>20 hrs),54.2,2.6,3.67,Yes,Counselling,Yes,4,1,Yes,34.85,Fail,1.71
STU-00399,2024,4,Engineering,Full-time,High School (ATAR),Female,International,22,Upper-Mid ($110–160k),Postgraduate,Merit-Based,Part-time (≤20 hrs),64.0,22.9,2.95,Yes,Academic Advisor,No,4,4,No,58.72,Pass,2.68
STU-00400,2024,1,Business,Part-time,Transfer / Credit,Female,International,25,Upper-Mid ($110–160k),Bachelor,None,Not Employed,100.0,20.7,2.91,Yes,Multiple Services,Yes,2,2,No,75.2,Distinction,3.22
STU-00401,2024,2,Business,Part-time,TAFE / Diploma,Female,Domestic,21,High (>$160k),Bachelor,External,Full-time (>20 hrs),65.9,7.5,3.47,Yes,Counselling,Yes,2,2,Yes,42.62,Pass,2.87
STU-00402,2022,3,Arts & Humanities,Part-time,High School (ATAR),Male,International,27,High (>$160k),Postgraduate,None,Part-time (≤20 hrs),88.8,12.4,3.95,Yes,None,No,2,2,No,62.17,Pass,2.02
STU-00403,2024,1,Education,Full-time,TAFE / Diploma,Male,Domestic,20,High (>$160k),Postgraduate,None,Part-time (≤20 hrs),66.9,21.8,3.3,Yes,Peer Tutoring,No,4,4,No,55.99,Pass,2.29
STU-00404,2024,2,Business,Full-time,International Pathway,Male,International,20,Mid ($70–110k),Bachelor,External,Not Employed,71.2,17.8,3.7,Yes,Academic Advisor,No,4,4,No,66.58,Pass,2.08
STU-00405,2023,4,Health Sciences,Full-time,International Pathway,Male,Domestic,25,Mid ($70–110k),TAFE / Certificate,None,Full-time (>20 hrs),46.4,11.0,1.4,Yes,None,No,4,0,Yes,23.01,Withdrawn,0.0
STU-00406,2022,1,Engineering,Full-time,Mature Age Entry,Female,Domestic,17,Mid ($70–110k),TAFE / Certificate,None,Not Employed,72.3,18.0,1.85,Yes,Counselling,Yes,4,3,No,49.16,Fail,1.74
STU-00407,2024,1,Business,Full-time,International Pathway,Female,Domestic,19,Lower-Mid ($40–70k),TAFE / Certificate,Equity / Need-Based,Part-time (≤20 hrs),74.0,14.0,2.73,Yes,None,No,4,3,No,45.07,Fail,1.93
STU-00408,2023,4,Engineering,Part-time,High School (ATAR),Female,Domestic,24,Mid ($70–110k),TAFE / Certificate,None,Part-time (≤20 hrs),48.2,5.7,3.01,Yes,Multiple Services,Yes,2,1,Yes,45.22,Fail,1.66
STU-00409,2023,1,Health Sciences,Full-time,TAFE / Diploma,Male,Domestic,20,Mid ($70–110k),Bachelor,None,Not Employed,81.8,14.6,2.81,Yes,Academic Advisor,No,4,4,No,67.67,Pass,2.18
STU-00410,2024,3,Information Technology,Full-time,High School (ATAR),Female,Domestic,25,Lower-Mid ($40–70k),No Tertiary,None,Part-time (≤20 hrs),79.0,13.3,2.79,Yes,Multiple Services,Yes,4,4,No,57.03,Pass,2.38
STU-00411,2023,1,Business,Part-time,High School (ATAR),Female,Domestic,22,Mid ($70–110k),TAFE / Certificate,None,Part-time (≤20 hrs),91.3,12.9,3.56,Yes,None,No,2,2,No,60.67,Pass,2.44
STU-00412,2023,2,Business,Full-time,TAFE / Diploma,Non-binary / Other,Domestic,23,Lower-Mid ($40–70k),No Tertiary,None,Full-time (>20 hrs),49.8,21.2,2.65,Yes,Peer Tutoring,No,4,2,Yes,35.37,Fail,1.0
STU-00413,2024,3,Business,Full-time,Transfer / Credit,Female,Domestic,27,Low (<$40k),Bachelor,Equity / Need-Based,Not Employed,71.0,11.5,2.44,No,Academic Advisor,No,4,4,No,51.2,Pass,2.29
STU-00414,2022,1,Business,Full-time,Transfer / Credit,Female,International,20,Lower-Mid ($40–70k),TAFE / Certificate,None,Part-time (≤20 hrs),97.7,19.7,3.47,Yes,None,No,4,4,No,59.69,Pass,2.86
STU-00415,2024,4,Information Technology,Full-time,Transfer / Credit,Female,International,24,Mid ($70–110k),No Tertiary,None,Full-time (>20 hrs),62.9,5.6,2.16,Yes,Peer Tutoring,No,4,4,Yes,41.03,Pass,2.14
STU-00416,2024,2,Health Sciences,Part-time,Transfer / Credit,Female,International,22,Low (<$40k),TAFE / Certificate,External,Full-time (>20 hrs),56.1,14.4,3.34,Yes,Counselling,Yes,2,1,Yes,28.93,Fail,0.79
STU-00417,2023,4,Information Technology,Full-time,International Pathway,Male,International,22,Mid ($70–110k),Bachelor,None,Full-time (>20 hrs),78.0,10.0,3.0,Yes,Peer Tutoring,No,4,4,Yes,53.55,Pass,2.62
STU-00418,2024,2,Engineering,Part-time,High School (ATAR),Female,Domestic,20,Mid ($70–110k),TAFE / Certificate,None,Part-time (≤20 hrs),78.0,18.2,2.59,Yes,Peer Tutoring,No,2,2,No,60.58,Pass,2.06
STU-00419,2022,4,Arts & Humanities,Part-time,Mature Age Entry,Female,Domestic,23,Mid ($70–110k),TAFE / Certificate,None,Part-time (≤20 hrs),72.6,11.7,2.45,Yes,Counselling,Yes,2,2,No,54.23,Pass,2.17
STU-00420,2024,3,Information Technology,Full-time,High School (ATAR),Male,Domestic,26,Low (<$40k),Postgraduate,None,Not Employed,94.7,13.7,1.18,Yes,Peer Tutoring,No,4,4,No,50.16,Pass,2.63
STU-00421,2022,4,Engineering,Full-time,Transfer / Credit,Female,Domestic,27,Mid ($70–110k),Postgraduate,External,Full-time (>20 hrs),82.7,5.5,2.88,Yes,None,No,4,4,Yes,56.64,Pass,2.25
STU-00422,2023,2,Engineering,Part-time,High School (ATAR),Male,Domestic,24,Mid ($70–110k),Bachelor,Equity / Need-Based,Not Employed,61.1,18.5,2.85,Yes,None,No,2,2,No,62.65,Pass,2.35
STU-00423,2024,3,Arts & Humanities,Full-time,High School (ATAR),Female,Domestic,22,Mid ($70–110k),No Tertiary,None,Part-time (≤20 hrs),64.5,7.1,2.86,Yes,Counselling,Yes,4,4,Yes,60.2,Pass,2.7
STU-00424,2023,3,Engineering,Full-time,Transfer / Credit,Male,Domestic,22,Low (<$40k),Bachelor,None,Part-time (≤20 hrs),66.2,19.7,2.87,No,None,No,4,4,No,51.49,Pass,2.97
STU-00425,2024,2,Health Sciences,Full-time,Transfer / Credit,Non-binary / Other,Domestic,26,Lower-Mid ($40–70k),Bachelor,External,Not Employed,74.4,14.0,2.04,Yes,Multiple Services,Yes,4,4,No,61.79,Pass,2.46
STU-00426,2023,4,Business,Part-time,International Pathway,Female,Domestic,22,Low (<$40k),No Tertiary,Merit-Based,Part-time (≤20 hrs),72.8,20.0,3.93,Yes,None,No,2,2,No,56.9,Pass,2.37
STU-00427,2022,2,Information Technology,Part-time,Mature Age Entry,Male,International,20,Mid ($70–110k),Bachelor,None,Full-time (>20 hrs),66.7,8.2,2.87,Yes,None,No,2,2,No,46.06,Pass,2.79
STU-00428,2022,4,Education,Full-time,High School (ATAR),Female,International,26,High (>$160k),Postgraduate,External,Full-time (>20 hrs),75.7,16.8,3.32,Yes,Academic Advisor,No,4,1,Yes,47.25,Fail,0.6
STU-00429,2022,2,Engineering,Full-time,TAFE / Diploma,Female,Domestic,23,Lower-Mid ($40–70k),Bachelor,None,Part-time (≤20 hrs),83.2,28.7,2.79,Yes,None,No,4,4,No,64.13,Pass,2.69
STU-00430,2022,2,Arts & Humanities,Part-time,International Pathway,Male,Domestic,23,High (>$160k),TAFE / Certificate,Merit-Based,Not Employed,87.1,20.4,2.12,Yes,Multiple Services,Yes,2,2,No,71.92,Pass,2.9
STU-00431,2024,1,Health Sciences,Part-time,High School (ATAR),Female,Domestic,27,Low (<$40k),TAFE / Certificate,None,Part-time (≤20 hrs),65.6,7.5,2.07,Yes,Academic Advisor,No,2,2,Yes,39.52,Pass,2.38
STU-00432,2022,2,Information Technology,Full-time,High School (ATAR),Female,International,22,High (>$160k),Bachelor,None,Part-time (≤20 hrs),57.0,17.6,3.61,Yes,None,No,4,4,Yes,52.94,Pass,2.76
STU-00433,2022,3,Arts & Humanities,Part-time,TAFE / Diploma,Female,Domestic,24,Upper-Mid ($110–160k),Bachelor,None,Not Employed,75.6,13.1,3.01,Yes,Academic Advisor,No,2,2,No,62.1,Pass,2.46
STU-00434,2022,1,Education,Part-time,High School (ATAR),Male,Domestic,24,Low (<$40k),Postgraduate,Equity / Need-Based,Part-time (≤20 hrs),69.7,12.3,2.48,Yes,Peer Tutoring,No,2,1,No,44.82,Fail,1.06
STU-00435,2024,2,Business,Full-time,High School (ATAR),Male,International,23,Lower-Mid ($40–70k),Postgraduate,Equity / Need-Based,Full-time (>20 hrs),67.2,15.9,2.66,Yes,None,No,4,0,Yes,45.01,Fail,0.6
STU-00436,2024,3,Arts & Humanities,Full-time,High School (ATAR),Female,Domestic,23,Mid ($70–110k),Bachelor,Merit-Based,Part-time (≤20 hrs),60.8,8.5,3.79,Yes,None,No,4,4,No,64.82,Pass,2.4
STU-00437,2023,3,Business,Part-time,High School (ATAR),Male,Domestic,27,Upper-Mid ($110–160k),No Tertiary,None,Full-time (>20 hrs),44.7,10.7,3.81,Yes,Academic Advisor,No,2,0,Yes,33.4,Fail,1.94
STU-00438,2022,1,Information Technology,Full-time,International Pathway,Male,Domestic,20,Mid ($70–110k),Bachelor,Equity / Need-Based,Not Employed,52.1,9.3,3.2,Yes,Peer Tutoring,No,4,4,Yes,55.44,Pass,2.01
STU-00439,2024,2,Arts & Humanities,Full-time,Mature Age Entry,Female,Domestic,21,Lower-Mid ($40–70k),Bachelor,Merit-Based,Full-time (>20 hrs),65.9,21.5,4.0,Yes,None,No,4,4,Yes,60.52,Pass,2.26
STU-00440,2024,1,Business,Full-time,High School (ATAR),Female,Domestic,21,High (>$160k),TAFE / Certificate,External,Not Employed,84.1,8.3,3.66,Yes,Counselling,Yes,4,4,No,64.83,Pass,2.63
STU-00441,2022,4,Arts & Humanities,Full-time,High School (ATAR),Male,International,24,Low (<$40k),Postgraduate,Merit-Based,Part-time (≤20 hrs),85.2,20.9,3.8,Yes,Academic Advisor,No,4,4,No,66.52,Pass,2.04
STU-00442,2024,1,Engineering,Full-time,High School (ATAR),Female,International,21,Mid ($70–110k),Postgraduate,Equity / Need-Based,Part-time (≤20 hrs),70.0,14.9,3.08,Yes,None,No,4,4,No,62.48,Pass,2.57
STU-00443,2023,1,Business,Full-time,Transfer / Credit,Female,Domestic,21,Mid ($70–110k),Postgraduate,None,Part-time (≤20 hrs),79.7,18.7,0.94,Yes,None,No,4,4,No,43.95,Pass,2.41
STU-00444,2023,3,Business,Full-time,Transfer / Credit,Female,Domestic,26,Mid ($70–110k),Postgraduate,Merit-Based,Part-time (≤20 hrs),90.1,18.3,3.35,Yes,Academic Advisor,No,4,4,No,71.64,Pass,2.63
STU-00445,2022,1,Arts & Humanities,Full-time,High School (ATAR),Male,Domestic,18,Upper-Mid ($110–160k),Bachelor,Merit-Based,Part-time (≤20 hrs),90.5,16.0,3.07,Yes,Academic Advisor,No,4,4,No,71.95,Pass,2.38
STU-00446,2023,3,Education,Part-time,Transfer / Credit,Female,International,26,Upper-Mid ($110–160k),Postgraduate,Merit-Based,Part-time (≤20 hrs),73.3,10.5,3.84,Yes,None,No,2,0,No,51.58,Fail,0.74
STU-00447,2022,1,Engineering,Full-time,TAFE / Diploma,Male,International,19,Low (<$40k),TAFE / Certificate,Merit-Based,Part-time (≤20 hrs),97.1,28.6,4.0,Yes,None,No,4,4,No,76.19,Pass,2.92
STU-00448,2022,1,Business,Full-time,High School (ATAR),Male,International,18,Upper-Mid ($110–160k),TAFE / Certificate,None,Part-time (≤20 hrs),58.3,14.0,3.97,Yes,None,No,4,4,Yes,57.55,Pass,2.34
STU-00449,2023,1,Arts & Humanities,Full-time,International Pathway,Female,International,21,Low (<$40k),TAFE / Certificate,Equity / Need-Based,Not Employed,53.0,17.7,3.49,Yes,Academic Advisor,No,4,4,Yes,57.93,Pass,2.92
STU-00450,2024,3,Business,Full-time,International Pathway,Male,Domestic,26,Lower-Mid ($40–70k),Bachelor,None,Not Employed,86.0,20.8,2.82,Yes,None,No,4,4,No,67.8,Pass,2.19
STU-00451,2024,2,Education,Full-time,Transfer / Credit,Non-binary / Other,International,22,Upper-Mid ($110–160k),Bachelor,Merit-Based,Part-time (≤20 hrs),95.8,20.4,3.84,Yes,Peer Tutoring,No,4,4,No,77.05,Pass,2.84
STU-00452,2023,2,Engineering,Part-time,TAFE / Diploma,Female,International,24,Upper-Mid ($110–160k),Postgraduate,External,Not Employed,81.0,20.6,3.64,Yes,Peer Tutoring,No,2,2,No,65.93,Pass,2.9
STU-00453,2022,3,Education,Full-time,TAFE / Diploma,Female,International,22,Mid ($70–110k),Bachelor,None,Part-time (≤20 hrs),82.9,16.5,2.62,Yes,Academic Advisor,No,4,4,No,55.78,Pass,2.77
STU-00454,2023,2,Business,Full-time,Transfer / Credit,Male,International,24,Upper-Mid ($110–160k),Postgraduate,None,Part-time (≤20 hrs),56.4,13.9,3.22,Yes,Multiple Services,Yes,4,2,Yes,50.64,Fail,0.7
STU-00455,2022,1,Arts & Humanities,Full-time,Mature Age Entry,Male,Domestic,23,Low (<$40k),No Tertiary,Equity / Need-Based,Full-time (>20 hrs),59.3,4.0,2.25,Yes,Academic Advisor,No,4,3,Yes,37.94,Fail,0.62
STU-00456,2022,3,Engineering,Full-time,Mature Age Entry,Female,Domestic,17,Mid ($70–110k),Postgraduate,Merit-Based,Part-time (≤20 hrs),85.6,12.9,3.85,Yes,Academic Advisor,No,4,4,No,69.07,Pass,2.95
STU-00457,2024,3,Engineering,Part-time,High School (ATAR),Female,Domestic,23,High (>$160k),Bachelor,Equity / Need-Based,Part-time (≤20 hrs),65.2,7.9,3.38,Yes,Peer Tutoring,No,2,2,Yes,55.1,Pass,2.27
STU-00458,2023,3,Education,Full-time,High School (ATAR),Female,International,24,Mid ($70–110k),Postgraduate,None,Not Employed,75.6,18.5,3.9,Yes,None,No,4,4,No,69.17,Distinction,3.33
STU-00459,2022,1,Information Technology,Part-time,TAFE / Diploma,Male,Domestic,22,High (>$160k),Postgraduate,None,Not Employed,65.0,13.8,3.02,Yes,None,No,2,1,No,48.86,Fail,1.06
STU-00460,2022,4,Business,Part-time,High School (ATAR),Male,Domestic,28,Lower-Mid ($40–70k),Bachelor,None,Part-time (≤20 hrs),54.8,15.2,3.0,Yes,None,No,2,2,Yes,55.04,Pass,2.25
STU-00461,2023,3,Engineering,Full-time,High School (ATAR),Male,International,24,Mid ($70–110k),Postgraduate,Merit-Based,Part-time (≤20 hrs),70.7,18.0,4.0,Yes,Multiple Services,Yes,4,4,No,68.57,Pass,2.27
STU-00462,2023,1,Information Technology,Full-time,TAFE / Diploma,Female,Domestic,21,Upper-Mid ($110–160k),Bachelor,None,Not Employed,69.4,28.4,2.56,Yes,Academic Advisor,No,4,4,No,71.78,Pass,2.68
STU-00463,2022,1,Engineering,Part-time,Transfer / Credit,Female,International,20,Upper-Mid ($110–160k),Bachelor,External,Part-time (≤20 hrs),66.0,17.3,1.7,Yes,None,No,2,2,No,42.85,Pass,2.21
STU-00464,2024,2,Engineering,Full-time,High School (ATAR),Female,Domestic,22,Mid ($70–110k),Bachelor,Equity / Need-Based,Not Employed,78.5,18.6,2.63,Yes,Academic Advisor,No,4,4,No,69.95,Distinction,3.68
STU-00465,2022,1,Business,Full-time,High School (ATAR),Male,International,21,Mid ($70–110k),Bachelor,None,Full-time (>20 hrs),76.7,16.5,2.44,Yes,Academic Advisor,No,4,3,Yes,51.92,Fail,0.96
STU-00466,2022,3,Information Technology,Full-time,High School (ATAR),Female,Domestic,24,Upper-Mid ($110–160k),Bachelor,None,Not Employed,70.0,25.9,2.64,Yes,None,No,4,4,No,66.04,Pass,2.04
STU-00467,2023,1,Business,Full-time,Mature Age Entry,Male,Domestic,18,Mid ($70–110k),Bachelor,Equity / Need-Based,Part-time (≤20 hrs),58.8,21.0,2.22,Yes,None,No,4,0,Yes,45.94,Fail,0.78
STU-00468,2023,4,Health Sciences,Full-time,High School (ATAR),Male,International,24,Lower-Mid ($40–70k),TAFE / Certificate,Merit-Based,Not Employed,68.2,19.9,3.97,Yes,None,No,4,4,No,66.24,Pass,2.68
STU-00469,2023,4,Health Sciences,Part-time,High School (ATAR),Female,Domestic,22,Upper-Mid ($110–160k),Bachelor,Equity / Need-Based,Not Employed,67.1,8.7,4.0,Yes,None,No,2,1,No,47.54,Fail,0.76
STU-00470,2024,1,Information Technology,Full-time,High School (ATAR),Male,International,20,Upper-Mid ($110–160k),TAFE / Certificate,None,Full-time (>20 hrs),80.0,18.2,4.0,Yes,Peer Tutoring,No,4,4,Yes,63.6,Pass,2.1
STU-00471,2023,2,Education,Full-time,High School (ATAR),Female,Domestic,22,Mid ($70–110k),TAFE / Certificate,External,Part-time (≤20 hrs),67.7,27.4,3.19,Yes,Peer Tutoring,No,4,4,No,59.36,Pass,2.1
STU-00472,2023,1,Health Sciences,Full-time,Transfer / Credit,Female,Domestic,21,Upper-Mid ($110–160k),Bachelor,External,Not Employed,83.8,14.0,4.0,Yes,Multiple Services,Yes,4,4,No,70.67,Pass,2.59
STU-00473,2023,3,Business,Part-time,TAFE / Diploma,Male,Domestic,25,Upper-Mid ($110–160k),TAFE / Certificate,None,Full-time (>20 hrs),92.9,7.1,1.91,Yes,Academic Advisor,No,2,0,Yes,49.67,Fail,1.97
STU-00474,2022,2,Arts & Humanities,Full-time,High School (ATAR),Female,Domestic,23,Lower-Mid ($40–70k),Bachelor,None,Part-time (≤20 hrs),74.4,12.9,3.73,Yes,Peer Tutoring,No,4,4,No,52.91,Pass,2.27
STU-00475,2022,1,Engineering,Full-time,Transfer / Credit,Male,Domestic,25,Upper-Mid ($110–160k),No Tertiary,None,Full-time (>20 hrs),80.5,16.9,3.28,Yes,None,No,4,2,Yes,40.5,Fail,1.28
STU-00476,2022,1,Education,Full-time,High School (ATAR),Female,Domestic,19,Upper-Mid ($110–160k),Postgraduate,Merit-Based,Full-time (>20 hrs),69.7,18.3,4.0,Yes,None,No,4,4,Yes,63.06,Pass,2.88
STU-00477,2023,2,Engineering,Full-time,International Pathway,Female,International,21,Lower-Mid ($40–70k),Bachelor,Equity / Need-Based,Full-time (>20 hrs),68.5,16.6,3.14,Yes,Peer Tutoring,No,4,4,Yes,58.8,Pass,2.63
STU-00478,2022,2,Engineering,Full-time,High School (ATAR),Male,Domestic,23,Upper-Mid ($110–160k),TAFE / Certificate,External,Not Employed,73.5,7.1,3.0,Yes,None,No,4,2,Yes,50.32,Fail,0.74
STU-00479,2022,2,Information Technology,Part-time,High School (ATAR),Male,Domestic,24,Upper-Mid ($110–160k),Bachelor,Merit-Based,Part-time (≤20 hrs),58.9,16.6,2.99,Yes,None,No,2,2,Yes,59.22,Pass,2.43
STU-00480,2023,1,Information Technology,Full-time,High School (ATAR),Male,International,19,High (>$160k),Bachelor,Merit-Based,Part-time (≤20 hrs),76.9,19.6,3.1,Yes,Counselling,Yes,4,4,No,64.35,Pass,2.8
STU-00481,2022,2,Engineering,Part-time,TAFE / Diploma,Female,Domestic,22,Low (<$40k),TAFE / Certificate,Equity / Need-Based,Not Employed,57.3,15.1,1.88,No,None,No,2,2,Yes,45.64,Pass,2.82
STU-00482,2024,2,Engineering,Part-time,Mature Age Entry,Male,International,22,Upper-Mid ($110–160k),Bachelor,Merit-Based,Full-time (>20 hrs),59.2,13.2,2.98,Yes,Multiple Services,Yes,2,1,Yes,49.52,Fail,1.61
STU-00483,2024,3,Engineering,Full-time,Transfer / Credit,Female,International,26,Lower-Mid ($40–70k),Bachelor,Merit-Based,Not Employed,84.8,14.4,3.18,Yes,None,No,4,4,No,55.51,Pass,2.73
STU-00484,2024,1,Information Technology,Part-time,TAFE / Diploma,Male,Domestic,21,Upper-Mid ($110–160k),No Tertiary,None,Part-time (≤20 hrs),74.9,19.9,3.17,Yes,Counselling,Yes,2,2,No,61.77,Pass,2.78
STU-00485,2022,1,Information Technology,Part-time,TAFE / Diploma,Male,Domestic,21,Low (<$40k),No Tertiary,None,Not Employed,80.4,24.4,3.05,Yes,None,No,2,2,No,67.28,Pass,2.25
STU-00486,2023,1,Health Sciences,Full-time,High School (ATAR),Male,Domestic,25,Lower-Mid ($40–70k),No Tertiary,External,Part-time (≤20 hrs),75.1,24.2,3.42,Yes,Peer Tutoring,No,4,4,No,58.95,Pass,2.97
STU-00487,2023,2,Education,Part-time,Mature Age Entry,Female,Domestic,20,High (>$160k),Postgraduate,None,Full-time (>20 hrs),46.6,8.5,3.1,Yes,None,No,2,2,Yes,38.51,Pass,2.01
STU-00488,2024,1,Engineering,Part-time,Mature Age Entry,Female,Domestic,24,Low (<$40k),No Tertiary,None,Part-time (≤20 hrs),68.7,20.4,3.41,No,Peer Tutoring,No,2,2,No,48.85,Pass,2.48
STU-00489,2024,1,Health Sciences,Full-time,High School (ATAR),Non-binary / Other,Domestic,26,Mid ($70–110k),No Tertiary,None,Full-time (>20 hrs),68.4,6.3,1.84,Yes,Academic Advisor,No,4,1,Yes,42.58,Fail,1.42
STU-00490,2023,2,Health Sciences,Full-time,Mature Age Entry,Male,International,19,High (>$160k),No Tertiary,None,Not Employed,72.4,20.5,2.19,Yes,Multiple Services,Yes,4,4,No,62.3,Pass,2.4
STU-00491,2024,3,Education,Part-time,High School (ATAR),Non-binary / Other,Domestic,23,Upper-Mid ($110–160k),Bachelor,External,Not Employed,97.4,8.7,2.17,Yes,None,No,2,2,No,58.26,Pass,2.93
STU-00492,2024,2,Arts & Humanities,Full-time,TAFE / Diploma,Female,Domestic,21,Mid ($70–110k),Bachelor,None,Part-time (≤20 hrs),75.5,18.0,2.87,Yes,Peer Tutoring,No,4,4,No,56.05,Pass,2.6
STU-00493,2022,1,Information Technology,Full-time,High School (ATAR),Female,Domestic,22,Upper-Mid ($110–160k),Bachelor,Equity / Need-Based,Part-time (≤20 hrs),79.1,22.1,1.67,Yes,Academic Advisor,No,4,4,No,58.55,Pass,2.93
STU-00494,2022,2,Information Technology,Part-time,High School (ATAR),Female,Domestic,23,Upper-Mid ($110–160k),No Tertiary,None,Not Employed,56.7,11.6,3.35,Yes,None,No,2,2,Yes,52.36,Pass,2.32
STU-00495,2023,1,Arts & Humanities,Part-time,International Pathway,Male,International,22,Mid ($70–110k),No Tertiary,None,Part-time (≤20 hrs),69.2,11.9,2.55,Yes,Multiple Services,Yes,2,2,No,56.05,Pass,2.14
STU-00496,2022,4,Engineering,Full-time,TAFE / Diploma,Female,Domestic,26,Mid ($70–110k),Bachelor,Equity / Need-Based,Full-time (>20 hrs),53.4,4.4,2.23,Yes,None,No,4,0,Yes,17.34,Withdrawn,0.0
STU-00497,2023,3,Business,Full-time,Mature Age Entry,Male,Domestic,26,Low (<$40k),Bachelor,None,Part-time (≤20 hrs),80.7,13.5,2.32,No,Peer Tutoring,No,4,0,No,46.91,Fail,1.01
STU-00498,2022,2,Engineering,Full-time,High School (ATAR),Female,Domestic,20,High (>$160k),No Tertiary,Merit-Based,Part-time (≤20 hrs),65.9,26.0,3.93,Yes,Multiple Services,Yes,4,4,No,58.66,Pass,2.27
STU-00499,2022,1,Engineering,Part-time,Mature Age Entry,Female,International,20,Lower-Mid ($40–70k),Bachelor,None,Not Employed,62.6,16.0,3.56,Yes,None,No,2,2,No,46.72,Pass,2.52
STU-00500,2023,4,Information Technology,Part-time,Mature Age Entry,Female,International,20,Mid ($70–110k),TAFE / Certificate,Equity / Need-Based,Not Employed,72.6,18.3,3.24,Yes,None,No,2,2,No,54.73,Pass,2.62
STU-00501,2023,2,Health Sciences,Part-time,Mature Age Entry,Male,Domestic,17,Upper-Mid ($110–160k),No Tertiary,None,Full-time (>20 hrs),51.8,12.3,2.66,Yes,None,No,2,0,Yes,33.81,Withdrawn,0.0
STU-00502,2022,3,Information Technology,Full-time,Transfer / Credit,Non-binary / Other,Domestic,20,Mid ($70–110k),TAFE / Certificate,None,Not Employed,85.0,18.9,3.22,Yes,None,No,4,4,No,73.43,Distinction,3.59
STU-00503,2022,3,Engineering,Full-time,International Pathway,Female,Domestic,23,High (>$160k),TAFE / Certificate,Merit-Based,Part-time (≤20 hrs),88.9,19.4,3.63,Yes,None,No,4,4,No,70.04,Distinction,3.02
STU-00504,2022,2,Information Technology,Part-time,Transfer / Credit,Male,International,22,High (>$160k),Bachelor,External,Not Employed,60.2,19.1,1.79,Yes,Counselling,Yes,2,2,No,49.35,Pass,2.95
STU-00505,2022,2,Education,Full-time,High School (ATAR),Male,International,22,Low (<$40k),TAFE / Certificate,None,Not Employed,74.0,7.6,2.49,Yes,Peer Tutoring,No,4,4,Yes,56.67,Pass,2.2
STU-00506,2024,2,Business,Full-time,Mature Age Entry,Female,Domestic,22,Low (<$40k),Bachelor,Merit-Based,Full-time (>20 hrs),54.1,11.0,3.41,No,None,No,4,4,Yes,42.09,Pass,2.31
STU-00507,2024,1,Arts & Humanities,Part-time,High School (ATAR),Male,International,19,Lower-Mid ($40–70k),Postgraduate,Merit-Based,Not Employed,86.7,14.2,3.36,Yes,None,No,2,2,No,59.82,Pass,2.53
STU-00508,2022,3,Information Technology,Part-time,TAFE / Diploma,Male,Domestic,25,Upper-Mid ($110–160k),Postgraduate,None,Part-time (≤20 hrs),77.3,9.4,2.77,Yes,Multiple Services,Yes,2,2,No,59.1,Pass,2.18
STU-00509,2024,2,Information Technology,Full-time,Mature Age Entry,Male,Domestic,28,Low (<$40k),Postgraduate,Equity / Need-Based,Not Employed,67.2,18.6,2.06,Yes,None,No,4,4,No,49.13,Pass,2.18
STU-00510,2024,2,Engineering,Part-time,High School (ATAR),Male,Domestic,24,Upper-Mid ($110–160k),TAFE / Certificate,None,Part-time (≤20 hrs),55.2,9.1,2.83,Yes,None,No,2,1,Yes,35.58,Fail,1.95
STU-00511,2024,1,Arts & Humanities,Part-time,TAFE / Diploma,Female,International,22,Upper-Mid ($110–160k),Bachelor,None,Full-time (>20 hrs),82.3,8.7,2.83,Yes,None,No,2,0,No,45.79,Fail,1.97
STU-00512,2023,2,Health Sciences,Full-time,TAFE / Diploma,Male,Domestic,21,Upper-Mid ($110–160k),Postgraduate,Equity / Need-Based,Not Employed,90.0,7.3,2.98,Yes,Academic Advisor,No,4,4,Yes,70.09,Pass,2.56
STU-00513,2024,2,Education,Part-time,Mature Age Entry,Male,Domestic,20,Lower-Mid ($40–70k),Bachelor,None,Not Employed,56.6,25.7,3.98,Yes,Counselling,Yes,2,2,Yes,57.77,Pass,2.48
STU-00514,2024,3,Information Technology,Part-time,TAFE / Diploma,Male,Domestic,19,Lower-Mid ($40–70k),TAFE / Certificate,None,Part-time (≤20 hrs),75.6,8.1,2.32,Yes,None,No,2,2,No,47.32,Pass,2.63
STU-00515,2022,2,Information Technology,Full-time,High School (ATAR),Female,Domestic,22,Upper-Mid ($110–160k),Postgraduate,Merit-Based,Part-time (≤20 hrs),86.5,18.1,3.27,Yes,None,No,4,4,No,64.73,Pass,2.72
STU-00516,2024,1,Arts & Humanities,Full-time,TAFE / Diploma,Male,International,21,Lower-Mid ($40–70k),No Tertiary,None,Part-time (≤20 hrs),64.2,19.9,3.01,Yes,Multiple Services,Yes,4,4,No,57.98,Pass,2.97
STU-00517,2022,4,Arts & Humanities,Full-time,High School (ATAR),Male,International,24,High (>$160k),Bachelor,Equity / Need-Based,Full-time (>20 hrs),81.1,7.8,2.42,Yes,None,No,4,4,Yes,51.35,Pass,2.85
STU-00518,2023,1,Business,Full-time,TAFE / Diploma,Female,International,21,Mid ($70–110k),Bachelor,Equity / Need-Based,Part-time (≤20 hrs),87.5,23.3,3.27,Yes,Peer Tutoring,No,4,4,No,69.76,Pass,2.46
STU-00519,2024,1,Arts & Humanities,Full-time,High School (ATAR),Male,International,22,Lower-Mid ($40–70k),TAFE / Certificate,None,Not Employed,75.6,17.1,3.19,Yes,None,No,4,4,No,62.15,Pass,2.34
STU-00520,2022,3,Education,Full-time,Transfer / Credit,Female,Domestic,20,Upper-Mid ($110–160k),No Tertiary,Equity / Need-Based,Part-time (≤20 hrs),71.8,14.3,3.12,Yes,None,No,4,4,No,46.85,Pass,2.66
STU-00521,2023,1,Health Sciences,Part-time,High School (ATAR),Female,International,20,Mid ($70–110k),Bachelor,None,Not Employed,58.8,12.9,2.76,Yes,Peer Tutoring,No,2,2,Yes,58.88,Pass,2.19
STU-00522,2022,4,Health Sciences,Part-time,High School (ATAR),Female,International,25,High (>$160k),No Tertiary,Equity / Need-Based,Part-time (≤20 hrs),78.6,8.2,3.51,Yes,None,No,2,2,No,53.9,Pass,2.22
STU-00523,2023,4,Arts & Humanities,Part-time,High School (ATAR),Female,Domestic,25,Upper-Mid ($110–160k),Postgraduate,None,Not Employed,74.8,16.1,2.52,Yes,Counselling,Yes,2,2,No,54.61,Pass,2.48
STU-00524,2023,1,Arts & Humanities,Full-time,Transfer / Credit,Male,International,25,High (>$160k),Postgraduate,Merit-Based,Part-time (≤20 hrs),91.8,12.8,2.93,Yes,None,No,4,4,No,64.31,Pass,2.42
STU-00525,2023,4,Arts & Humanities,Full-time,High School (ATAR),Male,Domestic,19,Upper-Mid ($110–160k),TAFE / Certificate,None,Not Employed,54.9,10.4,3.92,Yes,Multiple Services,Yes,4,3,Yes,47.1,Fail,1.85
STU-00526,2023,1,Education,Part-time,TAFE / Diploma,Male,International,22,Lower-Mid ($40–70k),No Tertiary,Merit-Based,Not Employed,81.8,16.2,3.94,Yes,None,No,2,2,No,62.41,Pass,2.81
STU-00527,2024,2,Education,Part-time,Mature Age Entry,Female,International,17,Upper-Mid ($110–160k),Bachelor,None,Full-time (>20 hrs),57.4,9.8,3.8,Yes,None,No,2,0,Yes,38.06,Fail,0.56
STU-00528,2023,2,Business,Full-time,TAFE / Diploma,Male,Domestic,24,Low (<$40k),Bachelor,None,Part-time (≤20 hrs),58.3,16.4,3.84,No,None,No,4,4,Yes,52.27,Pass,2.23
STU-00529,2024,1,Business,Full-time,High School (ATAR),Male,Domestic,23,Low (<$40k),Postgraduate,Equity / Need-Based,Part-time (≤20 hrs),83.0,20.7,3.8,Yes,None,No,4,4,No,69.0,Distinction,3.23
STU-00530,2023,1,Business,Full-time,Mature Age Entry,Female,Domestic,20,Mid ($70–110k),Postgraduate,None,Not Employed,65.2,19.4,3.07,Yes,Peer Tutoring,No,4,4,No,58.81,Pass,2.32
STU-00531,2023,3,Health Sciences,Full-time,Transfer / Credit,Female,International,27,Mid ($70–110k),Bachelor,None,Part-time (≤20 hrs),88.4,24.0,2.21,Yes,Academic Advisor,No,4,4,No,56.76,Pass,2.18
STU-00532,2023,2,Education,Part-time,Transfer / Credit,Female,Domestic,21,Lower-Mid ($40–70k),Bachelor,Merit-Based,Part-time (≤20 hrs),70.3,18.3,3.18,Yes,Multiple Services,Yes,2,2,No,56.11,Pass,2.92
STU-00533,2024,2,Health Sciences,Full-time,TAFE / Diploma,Female,Domestic,25,Mid ($70–110k),Bachelor,None,Not Employed,78.3,15.2,3.24,Yes,None,No,4,4,No,59.67,Pass,2.85
STU-00534,2023,2,Information Technology,Full-time,High School (ATAR),Male,Domestic,24,Upper-Mid ($110–160k),TAFE / Certificate,Merit-Based,Not Employed,69.7,11.5,3.24,Yes,Peer Tutoring,No,4,4,No,62.03,Pass,2.28
STU-00535,2022,1,Arts & Humanities,Full-time,Transfer / Credit,Female,Domestic,21,Lower-Mid ($40–70k),Postgraduate,None,Part-time (≤20 hrs),66.2,14.2,2.66,Yes,None,No,4,1,No,50.93,Fail,0.91
STU-00536,2023,1,Health Sciences,Part-time,Transfer / Credit,Male,International,21,Lower-Mid ($40–70k),No Tertiary,Merit-Based,Full-time (>20 hrs),60.4,6.8,3.0,Yes,Peer Tutoring,No,2,0,Yes,29.28,Withdrawn,0.0
STU-00537,2024,3,Engineering,Full-time,High School (ATAR),Male,International,23,Upper-Mid ($110–160k),Postgraduate,None,Full-time (>20 hrs),81.9,13.8,4.0,Yes,None,No,4,4,Yes,62.17,Pass,2.2
STU-00538,2024,1,Education,Full-time,International Pathway,Female,Domestic,20,Lower-Mid ($40–70k),Bachelor,None,Not Employed,89.5,18.2,2.81,Yes,None,No,4,4,No,60.63,Pass,2.59
STU-00539,2024,3,Business,Full-time,High School (ATAR),Male,International,26,Low (<$40k),TAFE / Certificate,None,Part-time (≤20 hrs),66.3,21.6,2.67,No,None,No,4,4,No,57.59,Pass,2.6
STU-00540,2022,4,Business,Full-time,Mature Age Entry,Male,International,23,Low (<$40k),Bachelor,Merit-Based,Not Employed,67.9,10.3,3.4,Yes,Academic Advisor,No,4,4,No,60.18,Pass,2.69
STU-00541,2022,2,Information Technology,Full-time,TAFE / Diploma,Male,Domestic,24,Lower-Mid ($40–70k),Bachelor,Equity / Need-Based,Part-time (≤20 hrs),90.9,12.3,2.96,Yes,Academic Advisor,No,4,4,No,67.89,Pass,2.19
STU-00542,2024,1,Arts & Humanities,Full-time,High School (ATAR),Male,Domestic,22,Mid ($70–110k),Bachelor,None,Part-time (≤20 hrs),56.9,21.9,3.76,Yes,Academic Advisor,No,4,4,Yes,71.61,Pass,2.91
STU-00543,2022,2,Health Sciences,Part-time,High School (ATAR),Male,International,21,Upper-Mid ($110–160k),No Tertiary,None,Part-time (≤20 hrs),81.2,12.7,2.31,Yes,None,No,2,2,No,52.16,Pass,2.98
STU-00544,2024,4,Education,Full-time,High School (ATAR),Male,Domestic,25,Low (<$40k),No Tertiary,Merit-Based,Full-time (>20 hrs),65.4,21.4,4.0,No,None,No,4,4,Yes,53.38,Pass,2.69
STU-00545,2022,1,Health Sciences,Full-time,International Pathway,Female,International,20,Lower-Mid ($40–70k),No Tertiary,None,Not Employed,63.3,18.5,2.55,Yes,Academic Advisor,No,4,4,No,48.91,Pass,2.9
STU-00546,2022,1,Business,Full-time,Transfer / Credit,Female,Domestic,21,Upper-Mid ($110–160k),No Tertiary,None,Not Employed,73.4,21.0,2.77,Yes,Multiple Services,Yes,4,4,No,59.63,Pass,2.73
STU-00547,2023,2,Business,Full-time,High School (ATAR),Female,Domestic,22,Lower-Mid ($40–70k),TAFE / Certificate,Merit-Based,Not Employed,76.3,12.8,3.39,Yes,Academic Advisor,No,4,4,No,60.92,Pass,2.28
STU-00548,2024,4,Information Technology,Part-time,International Pathway,Male,Domestic,23,Mid ($70–110k),Postgraduate,None,Not Employed,72.0,11.2,3.33,Yes,Academic Advisor,No,2,2,No,55.08,Pass,2.99
STU-00549,2022,2,Engineering,Full-time,TAFE / Diploma,Female,Domestic,21,High (>$160k),Postgraduate,None,Not Employed,77.5,15.5,3.58,Yes,None,No,4,4,No,64.72,Pass,2.05
STU-00550,2022,2,Engineering,Part-time,TAFE / Diploma,Male,Domestic,23,Lower-Mid ($40–70k),TAFE / Certificate,None,Not Employed,67.0,13.5,3.61,Yes,None,No,2,2,No,52.75,Pass,2.62
STU-00551,2022,2,Education,Full-time,TAFE / Diploma,Female,Domestic,21,Mid ($70–110k),TAFE / Certificate,Equity / Need-Based,Not Employed,81.9,16.6,2.88,Yes,None,No,4,4,No,73.71,Distinction,3.46
STU-00552,2022,2,Engineering,Full-time,TAFE / Diploma,Male,Domestic,22,Mid ($70–110k),Bachelor,None,Full-time (>20 hrs),69.2,23.7,1.71,Yes,Academic Advisor,No,4,4,Yes,52.16,Pass,2.51
STU-00553,2023,2,Engineering,Part-time,High School (ATAR),Male,Domestic,23,Lower-Mid ($40–70k),Bachelor,None,Part-time (≤20 hrs),54.7,7.1,2.77,Yes,Academic Advisor,No,2,0,Yes,28.29,Fail,0.83
STU-00554,2023,3,Engineering,Part-time,TAFE / Diploma,Male,International,22,Low (<$40k),Postgraduate,Equity / Need-Based,Part-time (≤20 hrs),69.0,22.5,3.14,Yes,None,No,2,2,No,61.37,Pass,2.67
STU-00555,2024,1,Business,Part-time,Mature Age Entry,Female,Domestic,29,Mid ($70–110k),Bachelor,None,Part-time (≤20 hrs),47.3,13.6,2.03,Yes,Academic Advisor,No,2,2,Yes,54.53,Pass,2.39
STU-00556,2024,3,Information Technology,Full-time,TAFE / Diploma,Female,Domestic,24,Mid ($70–110k),No Tertiary,Equity / Need-Based,Full-time (>20 hrs),57.7,19.2,3.21,Yes,None,No,4,4,Yes,41.43,Pass,2.14
STU-00557,2023,1,Business,Full-time,Mature Age Entry,Female,Domestic,23,Upper-Mid ($110–160k),No Tertiary,None,Part-time (≤20 hrs),71.0,17.5,3.35,Yes,Peer Tutoring,No,4,4,No,58.3,Pass,2.95
STU-00558,2024,2,Arts & Humanities,Full-time,International Pathway,Male,Domestic,19,Low (<$40k),Bachelor,None,Part-time (≤20 hrs),77.1,19.9,3.5,Yes,Academic Advisor,No,4,4,No,68.55,Pass,2.78
STU-00559,2022,2,Engineering,Part-time,High School (ATAR),Female,International,22,Low (<$40k),Bachelor,Equity / Need-Based,Part-time (≤20 hrs),59.8,17.0,2.43,Yes,None,No,2,2,Yes,56.88,Pass,2.14
STU-00560,2022,1,Engineering,Full-time,High School (ATAR),Male,Domestic,22,Low (<$40k),TAFE / Certificate,Merit-Based,Not Employed,88.5,12.0,3.11,Yes,None,No,4,4,No,66.3,Pass,2.64
STU-00561,2022,1,Health Sciences,Full-time,TAFE / Diploma,Female,Domestic,20,Lower-Mid ($40–70k),Bachelor,Merit-Based,Part-time (≤20 hrs),85.9,21.9,2.38,Yes,Peer Tutoring,No,4,4,No,70.01,Distinction,3.15
STU-00562,2024,4,Business,Full-time,Mature Age Entry,Female,Domestic,20,Upper-Mid ($110–160k),No Tertiary,Equity / Need-Based,Not Employed,71.2,16.3,1.56,Yes,Multiple Services,Yes,4,4,No,57.66,Pass,2.95
STU-00563,2022,3,Business,Full-time,TAFE / Diploma,Female,Domestic,22,Low (<$40k),No Tertiary,None,Not Employed,64.0,27.1,3.72,Yes,Counselling,Yes,4,4,No,64.08,Pass,2.5
STU-00564,2023,3,Health Sciences,Full-time,High School (ATAR),Male,International,24,Mid ($70–110k),Bachelor,External,Not Employed,81.4,14.4,4.0,Yes,None,No,4,4,No,74.71,Distinction,3.35
STU-00565,2024,2,Information Technology,Full-time,High School (ATAR),Female,Domestic,24,Low (<$40k),Bachelor,None,Not Employed,65.4,15.5,2.76,Yes,None,No,4,4,No,61.6,Pass,2.7
STU-00566,2024,2,Business,Full-time,TAFE / Diploma,Female,Domestic,23,Upper-Mid ($110–160k),Postgraduate,Equity / Need-Based,Not Employed,82.8,12.7,3.29,Yes,Academic Advisor,No,4,4,No,77.63,Pass,2.28
STU-00567,2024,3,Business,Part-time,International Pathway,Male,International,19,Mid ($70–110k),Bachelor,External,Full-time (>20 hrs),61.0,7.0,2.55,Yes,None,No,2,2,Yes,38.01,Pass,2.05
STU-00568,2023,4,Information Technology,Full-time,TAFE / Diploma,Male,Domestic,25,Low (<$40k),Bachelor,None,Full-time (>20 hrs),57.5,14.7,3.51,No,Academic Advisor,No,4,1,Yes,38.7,Fail,0.93
STU-00569,2022,3,Engineering,Full-time,High School (ATAR),Male,Domestic,25,High (>$160k),Bachelor,External,Part-time (≤20 hrs),58.3,22.6,3.37,Yes,Peer Tutoring,No,4,4,Yes,62.45,Pass,2.07
STU-00570,2024,1,Information Technology,Full-time,Mature Age Entry,Male,Domestic,25,Mid ($70–110k),Bachelor,None,Part-time (≤20 hrs),59.1,20.0,1.83,Yes,Counselling,Yes,4,1,Yes,45.82,Fail,1.73
STU-00571,2024,1,Business,Part-time,TAFE / Diploma,Female,Domestic,22,Lower-Mid ($40–70k),Bachelor,Equity / Need-Based,Not Employed,80.0,15.4,3.7,Yes,None,No,2,1,No,47.3,Fail,1.44
STU-00572,2023,1,Engineering,Part-time,High School (ATAR),Female,Domestic,18,Upper-Mid ($110–160k),Bachelor,None,Part-time (≤20 hrs),73.2,12.8,2.5,Yes,None,No,2,2,No,55.4,Pass,2.35
STU-00573,2023,3,Business,Full-time,Mature Age Entry,Male,Domestic,23,Upper-Mid ($110–160k),Bachelor,None,Part-time (≤20 hrs),75.7,24.7,3.03,Yes,Peer Tutoring,No,4,4,No,76.8,Pass,2.53
STU-00574,2024,2,Health Sciences,Full-time,High School (ATAR),Female,Domestic,20,Low (<$40k),Postgraduate,None,Part-time (≤20 hrs),98.1,19.6,2.22,Yes,Academic Advisor,No,4,4,No,69.98,Distinction,3.25
STU-00575,2024,4,Arts & Humanities,Part-time,High School (ATAR),Female,International,24,Upper-Mid ($110–160k),TAFE / Certificate,Equity / Need-Based,Full-time (>20 hrs),58.3,5.6,3.42,Yes,Peer Tutoring,No,2,0,Yes,47.17,Fail,0.53
STU-00576,2024,3,Engineering,Part-time,Mature Age Entry,Male,Domestic,28,Upper-Mid ($110–160k),Postgraduate,None,Full-time (>20 hrs),48.8,3.4,2.2,Yes,None,No,2,1,Yes,40.96,Fail,1.44
STU-00577,2022,4,Engineering,Part-time,High School (ATAR),Male,International,26,Mid ($70–110k),Bachelor,None,Part-time (≤20 hrs),89.6,17.0,3.6,Yes,Academic Advisor,No,2,2,No,61.15,Pass,2.87
STU-00578,2022,4,Business,Full-time,TAFE / Diploma,Male,International,25,Upper-Mid ($110–160k),No Tertiary,None,Not Employed,71.3,12.8,3.36,Yes,Peer Tutoring,No,4,4,No,55.22,Pass,2.83
STU-00579,2022,1,Education,Full-time,Transfer / Credit,Female,Domestic,22,Mid ($70–110k),Bachelor,None,Part-time (≤20 hrs),94.9,20.9,2.12,Yes,Academic Advisor,No,4,4,No,62.76,Pass,2.15
STU-00580,2024,3,Health Sciences,Part-time,High School (ATAR),Male,International,24,Mid ($70–110k),No Tertiary,None,Part-time (≤20 hrs),69.3,19.0,3.68,Yes,Academic Advisor,No,2,2,No,58.73,Pass,2.94
STU-00581,2022,2,Health Sciences,Full-time,Transfer / Credit,Female,Domestic,24,Upper-Mid ($110–160k),Bachelor,None,Part-time (≤20 hrs),72.3,18.5,4.0,Yes,Academic Advisor,No,4,4,No,58.66,Pass,2.21
STU-00582,2022,1,Business,Full-time,High School (ATAR),Female,Domestic,21,Lower-Mid ($40–70k),Bachelor,None,Not Employed,93.6,2.8,2.79,Yes,Peer Tutoring,No,4,4,Yes,67.75,Pass,2.26
STU-00583,2023,1,Information Technology,Part-time,TAFE / Diploma,Male,Domestic,20,High (>$160k),TAFE / Certificate,Merit-Based,Part-time (≤20 hrs),75.8,19.5,3.57,Yes,Multiple Services,Yes,2,2,No,65.07,Pass,2.05
STU-00584,2023,1,Information Technology,Full-time,TAFE / Diploma,Male,Domestic,24,High (>$160k),Bachelor,None,Part-time (≤20 hrs),63.5,9.5,2.69,Yes,Academic Advisor,No,4,4,No,57.78,Pass,2.91
STU-00585,2024,1,Engineering,Full-time,High School (ATAR),Female,International,21,Lower-Mid ($40–70k),Postgraduate,None,Full-time (>20 hrs),53.8,4.1,3.39,Yes,Multiple Services,Yes,4,4,Yes,46.09,Pass,2.72
STU-00586,2024,4,Engineering,Full-time,High School (ATAR),Male,International,26,High (>$160k),TAFE / Certificate,Merit-Based,Part-time (≤20 hrs),90.9,23.7,3.88,Yes,Academic Advisor,No,4,4,No,59.0,Pass,2.35
STU-00587,2023,4,Business,Part-time,High School (ATAR),Male,Domestic,22,High (>$160k),No Tertiary,Equity / Need-Based,Part-time (≤20 hrs),55.8,15.8,3.11,Yes,Multiple Services,Yes,2,2,Yes,48.28,Pass,2.24
STU-00588,2023,4,Engineering,Part-time,International Pathway,Female,Domestic,26,High (>$160k),No Tertiary,Merit-Based,Full-time (>20 hrs),61.9,10.2,2.5,Yes,None,No,2,0,No,32.35,Fail,1.83
STU-00589,2024,1,Arts & Humanities,Full-time,High School (ATAR),Male,Domestic,28,Mid ($70–110k),Bachelor,None,Not Employed,79.2,21.9,2.97,Yes,Peer Tutoring,No,4,4,No,68.72,Distinction,3.45
STU-00590,2023,1,Business,Full-time,TAFE / Diploma,Male,International,20,Mid ($70–110k),No Tertiary,Merit-Based,Part-time (≤20 hrs),65.0,23.2,3.09,Yes,Multiple Services,Yes,4,4,No,59.88,Pass,2.13
STU-00591,2022,1,Engineering,Full-time,TAFE / Diploma,Male,International,20,High (>$160k),No Tertiary,Merit-Based,Part-time (≤20 hrs),61.0,17.9,2.77,Yes,Academic Advisor,No,4,4,No,62.41,Pass,2.67
STU-00592,2022,1,Education,Full-time,Mature Age Entry,Female,International,20,Lower-Mid ($40–70k),Bachelor,Merit-Based,Not Employed,100.0,21.5,2.47,Yes,Counselling,Yes,4,4,No,68.91,Distinction,3.29
STU-00593,2022,1,Health Sciences,Full-time,High School (ATAR),Male,International,20,Upper-Mid ($110–160k),No Tertiary,None,Part-time (≤20 hrs),70.4,17.9,3.14,Yes,None,No,4,4,No,54.27,Pass,2.51
STU-00594,2024,4,Health Sciences,Full-time,High School (ATAR),Male,Domestic,27,Low (<$40k),Bachelor,None,Part-time (≤20 hrs),99.1,23.5,3.77,Yes,Multiple Services,Yes,4,4,No,77.81,Pass,2.33
STU-00595,2023,1,Business,Full-time,High School (ATAR),Male,Domestic,20,Low (<$40k),No Tertiary,None,Part-time (≤20 hrs),46.6,17.4,3.76,Yes,None,No,4,3,Yes,51.22,Fail,1.32
STU-00596,2023,3,Business,Full-time,Mature Age Entry,Male,Domestic,28,Low (<$40k),TAFE / Certificate,None,Not Employed,66.7,12.3,2.24,No,None,No,4,4,No,53.99,Pass,2.23
STU-00597,2022,1,Business,Full-time,High School (ATAR),Non-binary / Other,International,19,Low (<$40k),Postgraduate,None,Full-time (>20 hrs),75.4,14.9,3.23,Yes,Peer Tutoring,No,4,4,Yes,42.13,Pass,2.55
STU-00598,2023,2,Information Technology,Full-time,High School (ATAR),Female,International,22,Lower-Mid ($40–70k),No Tertiary,None,Not Employed,44.5,20.2,2.72,Yes,Peer Tutoring,No,4,4,Yes,54.02,Pass,2.53
STU-00599,2022,3,Education,Full-time,TAFE / Diploma,Female,Domestic,26,Lower-Mid ($40–70k),No Tertiary,Merit-Based,Part-time (≤20 hrs),69.8,24.6,2.53,Yes,Academic Advisor,No,4,4,No,48.24,Pass,2.54
STU-00600,2023,3,Education,Full-time,High School (ATAR),Female,Domestic,23,Mid ($70–110k),Postgraduate,None,Part-time (≤20 hrs),70.8,10.1,3.14,Yes,Academic Advisor,No,4,4,No,60.04,Pass,2.87
STU-00601,2023,1,Arts & Humanities,Full-time,High School (ATAR),Male,Domestic,21,Lower-Mid ($40–70k),Bachelor,None,Not Employed,69.3,20.8,1.81,Yes,None,No,4,4,No,46.43,Pass,2.83
STU-00602,2023,3,Engineering,Full-time,High School (ATAR),Male,Domestic,23,Lower-Mid ($40–70k),TAFE / Certificate,None,Part-time (≤20 hrs),77.7,21.0,3.55,Yes,Academic Advisor,No,4,4,No,63.79,Pass,2.32
STU-00603,2024,1,Business,Full-time,Transfer / Credit,Female,Domestic,23,Low (<$40k),No Tertiary,None,Not Employed,96.9,25.5,3.49,Yes,Multiple Services,Yes,4,4,No,84.53,Distinction,3.24
STU-00604,2022,2,Arts & Humanities,Full-time,High School (ATAR),Female,Domestic,24,Upper-Mid ($110–160k),Bachelor,External,Part-time (≤20 hrs),84.3,10.3,2.79,Yes,Counselling,Yes,4,4,No,59.62,Pass,2.41
STU-00605,2024,3,Arts & Humanities,Part-time,High School (ATAR),Female,Domestic,25,Low (<$40k),No Tertiary,Equity / Need-Based,Part-time (≤20 hrs),64.5,11.2,3.16,Yes,None,No,2,2,No,47.76,Pass,2.28
STU-00606,2023,3,Information Technology,Full-time,TAFE / Diploma,Male,International,23,Lower-Mid ($40–70k),TAFE / Certificate,External,Not Employed,92.3,19.4,3.35,Yes,Counselling,Yes,4,4,No,72.48,Pass,2.75
STU-00607,2024,3,Health Sciences,Full-time,Transfer / Credit,Male,International,25,Upper-Mid ($110–160k),Bachelor,External,Not Employed,84.1,16.6,1.84,Yes,None,No,4,4,No,63.19,Pass,2.58
STU-00608,2022,4,Health Sciences,Full-time,Mature Age Entry,Female,Domestic,24,Mid ($70–110k),TAFE / Certificate,None,Not Employed,83.1,12.6,3.55,Yes,Peer Tutoring,No,4,4,No,58.39,Pass,2.43
STU-00609,2023,2,Engineering,Full-time,Transfer / Credit,Female,International,20,Mid ($70–110k),No Tertiary,Merit-Based,Part-time (≤20 hrs),65.5,24.8,2.72,Yes,Counselling,Yes,4,4,No,58.89,Pass,2.11
STU-00610,2023,2,Health Sciences,Full-time,High School (ATAR),Female,Domestic,22,Lower-Mid ($40–70k),Postgraduate,None,Not Employed,86.8,14.1,1.85,Yes,Multiple Services,Yes,4,4,No,57.63,Pass,2.49
STU-00611,2023,2,Education,Part-time,TAFE / Diploma,Male,Domestic,22,Lower-Mid ($40–70k),No Tertiary,Merit-Based,Not Employed,68.7,20.1,2.21,Yes,Academic Advisor,No,2,2,No,53.37,Pass,2.23
STU-00612,2022,4,Engineering,Part-time,High School (ATAR),Female,International,24,Mid ($70–110k),TAFE / Certificate,None,Not Employed,79.4,9.0,3.41,Yes,None,No,2,2,No,58.43,Pass,2.23
STU-00613,2024,3,Education,Full-time,TAFE / Diploma,Female,Domestic,23,Lower-Mid ($40–70k),Bachelor,None,Part-time (≤20 hrs),73.5,26.0,2.83,Yes,None,No,4,4,No,52.69,Pass,2.65
STU-00614,2023,2,Health Sciences,Full-time,High School (ATAR),Female,International,23,Mid ($70–110k),Bachelor,None,Not Employed,80.7,16.7,3.22,Yes,Academic Advisor,No,4,4,No,73.5,Pass,2.76
STU-00615,2023,4,Information Technology,Full-time,High School (ATAR),Female,Domestic,27,Upper-Mid ($110–160k),Bachelor,Merit-Based,Part-time (≤20 hrs),74.6,15.3,3.19,Yes,Peer Tutoring,No,4,4,No,70.52,Distinction,3.63
STU-00616,2023,2,Engineering,Full-time,High School (ATAR),Female,International,22,High (>$160k),TAFE / Certificate,None,Not Employed,79.2,23.0,2.98,Yes,None,No,4,4,No,52.91,Pass,2.69
STU-00617,2023,1,Information Technology,Full-time,TAFE / Diploma,Male,International,21,Upper-Mid ($110–160k),Bachelor,Equity / Need-Based,Not Employed,70.4,15.8,3.26,Yes,Peer Tutoring,No,4,4,No,57.37,Pass,2.38
STU-00618,2022,4,Engineering,Full-time,TAFE / Diploma,Male,Domestic,24,Low (<$40k),Postgraduate,None,Full-time (>20 hrs),68.6,11.7,3.59,Yes,Counselling,Yes,4,4,Yes,54.57,Pass,2.5
STU-00619,2023,4,Education,Full-time,TAFE / Diploma,Female,Domestic,22,Upper-Mid ($110–160k),Bachelor,Equity / Need-Based,Part-time (≤20 hrs),73.1,16.3,2.79,Yes,Academic Advisor,No,4,4,No,70.31,Distinction,3.06
STU-00620,2024,4,Health Sciences,Full-time,High School (ATAR),Male,Domestic,28,Mid ($70–110k),No Tertiary,None,Part-time (≤20 hrs),80.1,19.7,4.0,Yes,None,No,4,4,No,75.81,Pass,2.59
STU-00621,2024,2,Business,Part-time,Transfer / Credit,Male,Domestic,22,Low (<$40k),Postgraduate,None,Part-time (≤20 hrs),78.9,15.6,3.14,Yes,None,No,2,2,No,56.33,Pass,2.6
STU-00622,2024,1,Health Sciences,Full-time,High School (ATAR),Male,Domestic,20,High (>$160k),Postgraduate,External,Full-time (>20 hrs),82.7,18.3,2.69,Yes,Academic Advisor,No,4,2,Yes,50.05,Fail,1.86
STU-00623,2023,1,Arts & Humanities,Part-time,Mature Age Entry,Female,Domestic,24,Lower-Mid ($40–70k),No Tertiary,None,Part-time (≤20 hrs),87.4,22.2,2.73,Yes,None,No,2,2,No,54.38,Pass,2.88
STU-00624,2022,4,Arts & Humanities,Part-time,Mature Age Entry,Male,Domestic,27,Lower-Mid ($40–70k),TAFE / Certificate,External,Part-time (≤20 hrs),75.2,4.8,3.08,Yes,None,No,2,0,Yes,33.77,Fail,1.18
STU-00625,2023,2,Health Sciences,Part-time,Mature Age Entry,Female,Domestic,17,High (>$160k),Postgraduate,None,Part-time (≤20 hrs),61.1,10.9,2.45,Yes,None,No,2,0,No,45.69,Fail,1.4
STU-00626,2024,3,Engineering,Full-time,TAFE / Diploma,Female,International,24,Low (<$40k),Bachelor,None,Part-time (≤20 hrs),71.8,6.6,3.66,No,None,No,4,4,Yes,59.82,Pass,2.19
STU-00627,2022,3,Health Sciences,Full-time,High School (ATAR),Female,Domestic,24,Lower-Mid ($40–70k),No Tertiary,None,Not Employed,88.9,13.2,2.45,Yes,Academic Advisor,No,4,4,No,65.71,Pass,2.02
STU-00628,2022,4,Engineering,Full-time,Transfer / Credit,Female,Domestic,21,Mid ($70–110k),No Tertiary,Merit-Based,Part-time (≤20 hrs),68.7,27.2,2.34,Yes,Academic Advisor,No,4,4,No,62.44,Pass,2.44
STU-00629,2024,1,Engineering,Full-time,TAFE / Diploma,Female,International,25,Lower-Mid ($40–70k),TAFE / Certificate,Merit-Based,Not Employed,95.3,26.3,3.19,Yes,Multiple Services,Yes,4,4,No,77.51,Pass,2.53
STU-00630,2023,4,Education,Full-time,High School (ATAR),Female,International,25,Mid ($70–110k),Bachelor,Merit-Based,Full-time (>20 hrs),65.4,10.3,2.81,Yes,None,No,4,4,Yes,53.6,Pass,2.96
STU-00631,2024,3,Information Technology,Part-time,High School (ATAR),Female,Domestic,24,High (>$160k),Postgraduate,None,Part-time (≤20 hrs),37.1,13.6,3.73,Yes,Peer Tutoring,No,2,2,Yes,52.72,Pass,2.93
STU-00632,2024,3,Arts & Humanities,Full-time,High School (ATAR),Female,International,20,Lower-Mid ($40–70k),Bachelor,None,Not Employed,75.9,19.6,3.3,Yes,None,No,4,4,No,66.73,Pass,2.09
STU-00633,2022,2,Health Sciences,Full-time,Transfer / Credit,Female,Domestic,20,Upper-Mid ($110–160k),Postgraduate,None,Not Employed,76.4,16.1,2.47,Yes,Counselling,Yes,4,4,No,49.95,Pass,2.56
STU-00634,2023,2,Engineering,Full-time,High School (ATAR),Male,Domestic,19,Low (<$40k),Postgraduate,Equity / Need-Based,Part-time (≤20 hrs),91.5,17.4,2.7,Yes,None,No,4,4,No,58.17,Pass,2.95
STU-00635,2022,3,Business,Part-time,Mature Age Entry,Female,Domestic,25,Lower-Mid ($40–70k),No Tertiary,Equity / Need-Based,Part-time (≤20 hrs),58.2,12.6,2.68,Yes,None,No,2,2,Yes,45.85,Pass,2.38
STU-00636,2022,1,Business,Full-time,International Pathway,Female,International,22,Upper-Mid ($110–160k),TAFE / Certificate,Equity / Need-Based,Part-time (≤20 hrs),100.0,21.7,2.7,Yes,None,No,4,4,No,73.97,Pass,2.87
STU-00637,2024,3,Business,Full-time,High School (ATAR),Non-binary / Other,International,22,Mid ($70–110k),TAFE / Certificate,None,Part-time (≤20 hrs),74.0,9.2,4.0,Yes,Academic Advisor,No,4,4,No,62.21,Pass,2.61
STU-00638,2024,1,Education,Full-time,Mature Age Entry,Female,Domestic,23,Mid ($70–110k),TAFE / Certificate,None,Not Employed,82.4,15.4,2.42,Yes,Peer Tutoring,No,4,4,No,65.52,Pass,2.79
STU-00639,2022,3,Business,Full-time,TAFE / Diploma,Non-binary / Other,International,23,Low (<$40k),Postgraduate,None,Not Employed,65.6,19.2,2.9,Yes,None,No,4,4,No,54.2,Pass,2.65
STU-00640,2022,3,Arts & Humanities,Part-time,Transfer / Credit,Female,Domestic,25,Upper-Mid ($110–160k),Postgraduate,None,Part-time (≤20 hrs),66.4,26.8,2.81,Yes,Counselling,Yes,2,2,No,55.94,Pass,2.47
STU-00641,2022,4,Education,Full-time,High School (ATAR),Female,Domestic,23,High (>$160k),TAFE / Certificate,None,Full-time (>20 hrs),88.6,12.5,2.13,Yes,None,No,4,4,Yes,65.35,Pass,2.23
STU-00642,2023,3,Business,Part-time,TAFE / Diploma,Male,Domestic,20,Low (<$40k),Bachelor,None,Part-time (≤20 hrs),62.4,10.9,2.69,Yes,Academic Advisor,No,2,1,No,48.92,Fail,1.56
STU-00643,2022,3,Business,Full-time,Transfer / Credit,Female,Domestic,19,Upper-Mid ($110–160k),Bachelor,None,Part-time (≤20 hrs),72.0,15.9,2.42,Yes,Peer Tutoring,No,4,4,No,55.31,Pass,2.6
STU-00644,2024,1,Health Sciences,Part-time,Mature Age Entry,Male,International,20,Low (<$40k),Bachelor,Merit-Based,Part-time (≤20 hrs),85.6,14.2,3.29,Yes,Peer Tutoring,No,2,2,No,68.05,Pass,2.4
STU-00645,2023,2,Information Technology,Part-time,High School (ATAR),Male,Domestic,26,Lower-Mid ($40–70k),Bachelor,Merit-Based,Full-time (>20 hrs),41.0,15.9,3.11,Yes,Academic Advisor,No,2,0,Yes,36.07,Withdrawn,0.0
STU-00646,2022,1,Health Sciences,Full-time,High School (ATAR),Male,International,23,Lower-Mid ($40–70k),Bachelor,None,Not Employed,65.4,17.6,2.78,Yes,Peer Tutoring,No,4,4,No,55.41,Pass,2.85
STU-00647,2024,1,Business,Full-time,Transfer / Credit,Male,Domestic,24,Low (<$40k),Bachelor,Merit-Based,Full-time (>20 hrs),80.9,13.8,3.01,Yes,Peer Tutoring,No,4,4,Yes,45.28,Pass,2.49
STU-00648,2024,1,Engineering,Part-time,TAFE / Diploma,Male,Domestic,20,Mid ($70–110k),TAFE / Certificate,External,Not Employed,69.4,12.7,2.46,Yes,None,No,2,2,No,53.44,Pass,2.85
STU-00649,2023,2,Information Technology,Part-time,Transfer / Credit,Male,International,20,Upper-Mid ($110–160k),Postgraduate,Merit-Based,Full-time (>20 hrs),55.5,9.5,3.08,Yes,None,No,2,2,Yes,43.85,Pass,2.69
STU-00650,2024,1,Information Technology,Full-time,Mature Age Entry,Male,Domestic,17,Upper-Mid ($110–160k),Bachelor,Merit-Based,Part-time (≤20 hrs),57.1,28.3,3.71,Yes,None,No,4,4,Yes,70.21,Pass,2.03
STU-00651,2023,3,Health Sciences,Full-time,High School (ATAR),Male,Domestic,25,Lower-Mid ($40–70k),TAFE / Certificate,Merit-Based,Full-time (>20 hrs),85.8,10.5,3.28,Yes,Multiple Services,Yes,4,4,Yes,61.14,Pass,2.55
STU-00652,2023,1,Arts & Humanities,Full-time,High School (ATAR),Male,Domestic,24,High (>$160k),Bachelor,Equity / Need-Based,Not Employed,72.7,13.7,2.54,Yes,Academic Advisor,No,4,4,No,65.13,Pass,2.39
STU-00653,2022,2,Arts & Humanities,Full-time,Mature Age Entry,Female,International,26,Upper-Mid ($110–160k),TAFE / Certificate,None,Full-time (>20 hrs),75.0,13.2,3.18,Yes,Peer Tutoring,No,4,4,Yes,52.8,Pass,2.62
STU-00654,2024,4,Engineering,Full-time,High School (ATAR),Male,Domestic,26,Upper-Mid ($110–160k),No Tertiary,None,Not Employed,100.0,16.1,3.11,Yes,None,No,4,4,No,65.98,Pass,2.95
STU-00655,2023,2,Engineering,Part-time,High School (ATAR),Female,International,20,Low (<$40k),TAFE / Certificate,Merit-Based,Part-time (≤20 hrs),55.3,17.8,4.0,Yes,Peer Tutoring,No,2,0,Yes,45.18,Fail,1.0
STU-00656,2023,1,Health Sciences,Part-time,Mature Age Entry,Male,Domestic,17,Low (<$40k),Bachelor,None,Not Employed,86.2,14.6,3.32,Yes,Counselling,Yes,2,2,No,66.02,Pass,2.68
STU-00657,2022,2,Business,Full-time,TAFE / Diploma,Female,Domestic,23,High (>$160k),Postgraduate,Merit-Based,Full-time (>20 hrs),71.3,20.0,3.23,Yes,None,No,4,4,Yes,60.53,Pass,2.13
STU-00658,2024,1,Information Technology,Full-time,High School (ATAR),Male,International,19,Upper-Mid ($110–160k),Postgraduate,None,Part-time (≤20 hrs),79.0,18.2,3.28,Yes,None,No,4,4,No,59.14,Pass,2.69
STU-00659,2024,3,Arts & Humanities,Full-time,High School (ATAR),Female,International,24,Low (<$40k),No Tertiary,Merit-Based,Part-time (≤20 hrs),77.1,25.6,3.82,Yes,None,No,4,4,No,64.98,Pass,2.87
STU-00660,2024,1,Health Sciences,Full-time,Mature Age Entry,Male,Domestic,20,Upper-Mid ($110–160k),Bachelor,None,Not Employed,74.2,9.8,3.12,Yes,Academic Advisor,No,4,4,No,57.71,Pass,2.41
STU-00661,2023,1,Business,Full-time,TAFE / Diploma,Female,Domestic,22,Mid ($70–110k),No Tertiary,External,Not Employed,66.2,21.2,2.49,Yes,Peer Tutoring,No,4,4,No,64.15,Pass,2.59
STU-00662,2024,1,Business,Full-time,High School (ATAR),Female,Domestic,23,Upper-Mid ($110–160k),Bachelor,None,Part-time (≤20 hrs),64.2,15.4,2.42,Yes,Academic Advisor,No,4,4,No,61.44,Pass,2.84
STU-00663,2023,3,Education,Full-time,High School (ATAR),Male,Domestic,23,Upper-Mid ($110–160k),Postgraduate,None,Full-time (>20 hrs),58.0,11.4,3.53,Yes,None,No,4,3,Yes,51.22,Fail,0.94
STU-00664,2024,2,Business,Full-time,High School (ATAR),Female,International,22,Lower-Mid ($40–70k),No Tertiary,Merit-Based,Part-time (≤20 hrs),74.9,22.9,2.58,Yes,None,No,4,4,No,57.8,Pass,2.85
STU-00665,2023,1,Health Sciences,Full-time,TAFE / Diploma,Male,Domestic,18,Mid ($70–110k),No Tertiary,None,Not Employed,70.8,19.3,3.16,Yes,Academic Advisor,No,4,4,No,66.9,Pass,2.15
STU-00666,2023,1,Engineering,Full-time,High School (ATAR),Male,Domestic,21,Low (<$40k),Postgraduate,None,Not Employed,56.1,18.9,3.82,Yes,None,No,4,4,Yes,69.47,Distinction,3.08
STU-00667,2023,1,Health Sciences,Part-time,TAFE / Diploma,Male,International,21,Low (<$40k),Bachelor,None,Full-time (>20 hrs),60.0,15.6,3.18,Yes,None,No,2,0,No,47.7,Fail,0.89
STU-00668,2022,1,Business,Part-time,Transfer / Credit,Female,Domestic,19,Upper-Mid ($110–160k),Postgraduate,None,Full-time (>20 hrs),32.2,14.2,2.14,Yes,Counselling,Yes,2,0,Yes,29.54,Fail,1.37
STU-00669,2024,3,Education,Full-time,High School (ATAR),Female,Domestic,24,Upper-Mid ($110–160k),Bachelor,None,Not Employed,67.7,20.4,2.9,Yes,Peer Tutoring,No,4,4,No,63.76,Pass,2.77
STU-00670,2023,3,Information Technology,Part-time,Transfer / Credit,Female,Domestic,22,Lower-Mid ($40–70k),TAFE / Certificate,None,Part-time (≤20 hrs),80.3,14.6,2.86,Yes,Peer Tutoring,No,2,1,No,46.81,Fail,0.66
STU-00671,2022,1,Health Sciences,Part-time,High School (ATAR),Female,Domestic,22,Mid ($70–110k),Bachelor,None,Not Employed,74.3,13.8,3.78,Yes,None,No,2,0,No,49.44,Fail,0.88
STU-00672,2024,3,Education,Part-time,TAFE / Diploma,Male,Domestic,25,Mid ($70–110k),TAFE / Certificate,None,Not Employed,100.0,13.0,2.35,Yes,Academic Advisor,No,2,2,No,64.12,Pass,2.54
STU-00673,2024,3,Engineering,Full-time,Mature Age Entry,Female,Domestic,17,Mid ($70–110k),No Tertiary,None,Not Employed,68.3,11.7,2.33,Yes,None,No,4,4,No,61.91,Pass,2.43
STU-00674,2023,1,Arts & Humanities,Full-time,High School (ATAR),Male,Domestic,21,Lower-Mid ($40–70k),Bachelor,Equity / Need-Based,Not Employed,86.6,26.6,4.0,Yes,Counselling,Yes,4,4,No,81.49,Pass,2.17
STU-00675,2024,3,Engineering,Full-time,International Pathway,Female,Domestic,26,Lower-Mid ($40–70k),Bachelor,None,Not Employed,79.0,22.8,3.4,Yes,Academic Advisor,No,4,4,No,85.32,Distinction,3.08
STU-00676,2024,1,Business,Full-time,High School (ATAR),Female,Domestic,21,Upper-Mid ($110–160k),No Tertiary,None,Not Employed,62.1,22.7,2.53,Yes,None,No,4,4,No,56.0,Pass,2.83
STU-00677,2024,2,Arts & Humanities,Part-time,High School (ATAR),Male,Domestic,22,Mid ($70–110k),Bachelor,None,Part-time (≤20 hrs),89.9,12.2,3.73,Yes,Academic Advisor,No,2,2,No,55.98,Pass,2.19
STU-00678,2023,1,Health Sciences,Full-time,High School (ATAR),Female,International,20,Lower-Mid ($40–70k),No Tertiary,None,Not Employed,78.0,20.3,3.69,Yes,Counselling,Yes,4,4,No,56.48,Pass,2.17
STU-00679,2022,4,Business,Full-time,TAFE / Diploma,Female,Domestic,27,Low (<$40k),No Tertiary,Merit-Based,Part-time (≤20 hrs),71.9,15.0,3.96,Yes,Counselling,Yes,4,4,No,61.09,Pass,2.86
STU-00680,2022,3,Health Sciences,Full-time,International Pathway,Female,Domestic,23,Mid ($70–110k),Bachelor,Merit-Based,Full-time (>20 hrs),70.2,15.8,4.0,Yes,Academic Advisor,No,4,4,Yes,66.99,Pass,2.37
STU-00681,2024,3,Health Sciences,Full-time,High School (ATAR),Male,Domestic,24,Mid ($70–110k),TAFE / Certificate,None,Part-time (≤20 hrs),100.0,4.7,3.3,Yes,None,No,4,4,Yes,63.38,Pass,2.66
STU-00682,2024,3,Health Sciences,Full-time,Transfer / Credit,Female,Domestic,26,High (>$160k),Postgraduate,None,Not Employed,84.7,23.9,1.74,Yes,Academic Advisor,No,4,4,No,60.91,Pass,2.76
STU-00683,2022,3,Information Technology,Full-time,High School (ATAR),Female,Domestic,21,Lower-Mid ($40–70k),No Tertiary,None,Part-time (≤20 hrs),67.3,13.1,2.55,Yes,None,No,4,4,No,53.82,Pass,2.78
STU-00684,2024,4,Information Technology,Full-time,Transfer / Credit,Female,Domestic,30,Upper-Mid ($110–160k),No Tertiary,Equity / Need-Based,Part-time (≤20 hrs),68.9,15.6,3.9,Yes,Multiple Services,Yes,4,4,No,64.14,Pass,2.92
STU-00685,2022,4,Engineering,Full-time,High School (ATAR),Female,Domestic,22,Low (<$40k),No Tertiary,Merit-Based,Not Employed,67.8,16.2,2.45,Yes,Academic Advisor,No,4,4,No,46.67,Pass,2.81
STU-00686,2022,2,Health Sciences,Full-time,International Pathway,Male,Domestic,25,Lower-Mid ($40–70k),TAFE / Certificate,None,Not Employed,78.2,7.2,3.09,Yes,Counselling,Yes,4,4,Yes,53.85,Pass,2.59
STU-00687,2022,3,Engineering,Full-time,Mature Age Entry,Female,Domestic,25,Lower-Mid ($40–70k),Bachelor,Merit-Based,Full-time (>20 hrs),82.1,4.8,3.32,Yes,Academic Advisor,No,4,3,Yes,51.62,Fail,0.55
STU-00688,2022,1,Arts & Humanities,Full-time,Mature Age Entry,Female,International,27,Lower-Mid ($40–70k),Postgraduate,None,Part-time (≤20 hrs),88.6,17.3,3.65,Yes,None,No,4,4,No,73.15,Distinction,3.49
STU-00689,2022,1,Business,Part-time,TAFE / Diploma,Male,Domestic,22,Low (<$40k),Bachelor,None,Not Employed,67.7,6.8,2.36,Yes,Counselling,Yes,2,0,Yes,37.07,Withdrawn,0.0
STU-00690,2024,2,Engineering,Full-time,High School (ATAR),Female,Domestic,24,Low (<$40k),TAFE / Certificate,None,Full-time (>20 hrs),42.5,5.6,3.51,No,None,No,4,3,Yes,27.99,Fail,0.56
STU-00691,2023,3,Information Technology,Part-time,High School (ATAR),Female,International,25,High (>$160k),Bachelor,Merit-Based,Full-time (>20 hrs),76.6,6.8,3.83,Yes,None,No,2,2,Yes,63.84,Pass,2.87
STU-00692,2023,1,Business,Full-time,Mature Age Entry,Male,Domestic,19,High (>$160k),Postgraduate,Merit-Based,Part-time (≤20 hrs),52.8,14.7,2.67,Yes,Peer Tutoring,No,4,4,Yes,60.92,Pass,2.59
STU-00693,2024,4,Health Sciences,Full-time,TAFE / Diploma,Female,International,24,Lower-Mid ($40–70k),No Tertiary,None,Part-time (≤20 hrs),70.5,25.6,2.16,Yes,Peer Tutoring,No,4,4,No,57.78,Pass,2.89
STU-00694,2024,4,Information Technology,Part-time,TAFE / Diploma,Male,Domestic,23,Lower-Mid ($40–70k),TAFE / Certificate,None,Not Employed,72.8,17.3,3.57,Yes,Multiple Services,Yes,2,2,No,59.74,Pass,2.23
STU-00695,2022,3,Business,Full-time,High School (ATAR),Male,Domestic,24,Low (<$40k),Bachelor,None,Not Employed,95.8,11.7,3.75,Yes,Counselling,Yes,4,4,No,71.3,Pass,2.48
STU-00696,2023,1,Information Technology,Full-time,Mature Age Entry,Male,Domestic,23,Low (<$40k),Bachelor,External,Part-time (≤20 hrs),52.4,16.9,2.19,Yes,None,No,4,0,Yes,44.35,Fail,0.98
STU-00697,2024,3,Business,Full-time,High School (ATAR),Female,Domestic,27,High (>$160k),TAFE / Certificate,None,Part-time (≤20 hrs),65.4,21.2,2.97,Yes,Academic Advisor,No,4,2,No,48.3,Fail,0.81
STU-00698,2023,1,Health Sciences,Full-time,Transfer / Credit,Female,International,22,Mid ($70–110k),Postgraduate,None,Part-time (≤20 hrs),89.6,22.1,3.62,Yes,None,No,4,4,No,70.7,Pass,2.14
STU-00699,2024,3,Education,Full-time,High School (ATAR),Female,International,26,Upper-Mid ($110–160k),No Tertiary,None,Part-time (≤20 hrs),62.8,9.0,2.97,Yes,Counselling,Yes,4,2,No,42.77,Fail,1.23
STU-00700,2022,1,Engineering,Full-time,High School (ATAR),Female,Domestic,20,Upper-Mid ($110–160k),TAFE / Certificate,Equity / Need-Based,Full-time (>20 hrs),71.3,6.6,4.0,Yes,None,No,4,0,Yes,47.0,Fail,1.77
STU-00701,2024,3,Health Sciences,Full-time,International Pathway,Female,Domestic,23,Lower-Mid ($40–70k),Bachelor,Equity / Need-Based,Not Employed,70.8,10.8,2.82,Yes,Peer Tutoring,No,4,3,No,48.65,Fail,1.02
STU-00702,2024,3,Business,Part-time,High School (ATAR),Male,Domestic,22,Mid ($70–110k),Bachelor,Equity / Need-Based,Part-time (≤20 hrs),69.1,19.3,3.38,Yes,Peer Tutoring,No,2,2,No,64.13,Pass,2.81
STU-00703,2022,3,Information Technology,Part-time,High School (ATAR),Female,International,22,High (>$160k),Postgraduate,None,Full-time (>20 hrs),76.0,3.3,3.33,Yes,None,No,2,1,Yes,45.79,Fail,0.95
STU-00704,2023,1,Engineering,Full-time,Mature Age Entry,Male,Domestic,17,Lower-Mid ($40–70k),Postgraduate,None,Not Employed,82.3,20.2,3.04,Yes,None,No,4,4,No,60.54,Pass,2.21
STU-00705,2023,4,Business,Part-time,Transfer / Credit,Female,International,27,Upper-Mid ($110–160k),No Tertiary,External,Part-time (≤20 hrs),64.0,9.9,4.0,Yes,None,No,2,2,No,49.14,Pass,2.68
STU-00706,2023,1,Education,Part-time,High School (ATAR),Male,International,19,Low (<$40k),No Tertiary,Equity / Need-Based,Not Employed,55.1,6.2,2.94,Yes,None,No,2,0,Yes,37.43,Withdrawn,0.0
STU-00707,2023,2,Education,Full-time,Mature Age Entry,Male,Domestic,17,Low (<$40k),No Tertiary,External,Full-time (>20 hrs),57.9,8.3,3.91,Yes,None,No,4,0,Yes,30.85,Withdrawn,0.0
STU-00708,2023,1,Business,Full-time,High School (ATAR),Male,Domestic,21,Mid ($70–110k),Postgraduate,None,Part-time (≤20 hrs),80.0,18.0,3.52,Yes,None,No,4,4,No,58.69,Pass,2.81
STU-00709,2022,3,Business,Full-time,Transfer / Credit,Female,Domestic,25,Mid ($70–110k),Postgraduate,Equity / Need-Based,Part-time (≤20 hrs),77.7,18.3,3.9,Yes,Academic Advisor,No,4,4,No,71.12,Pass,2.6
STU-00710,2022,3,Business,Full-time,International Pathway,Female,Domestic,27,High (>$160k),Bachelor,None,Not Employed,42.5,24.6,2.91,Yes,Academic Advisor,No,4,4,Yes,62.05,Pass,2.83
STU-00711,2024,3,Business,Full-time,High School (ATAR),Male,Domestic,23,Low (<$40k),TAFE / Certificate,Merit-Based,Full-time (>20 hrs),60.2,11.8,3.08,No,Counselling,Yes,4,0,Yes,40.79,Fail,1.77
STU-00712,2024,1,Business,Part-time,TAFE / Diploma,Male,International,22,Mid ($70–110k),Postgraduate,External,Part-time (≤20 hrs),78.7,15.4,2.22,Yes,Multiple Services,Yes,2,2,No,56.2,Pass,2.24
STU-00713,2022,2,Education,Part-time,Transfer / Credit,Male,International,25,Lower-Mid ($40–70k),Bachelor,None,Not Employed,94.7,13.4,3.8,Yes,Peer Tutoring,No,2,2,No,75.99,Distinction,3.33
STU-00714,2024,2,Business,Full-time,TAFE / Diploma,Female,Domestic,22,Low (<$40k),TAFE / Certificate,None,Part-time (≤20 hrs),66.2,17.3,1.44,Yes,Peer Tutoring,No,4,2,No,51.14,Fail,1.15
STU-00715,2023,1,Engineering,Full-time,Mature Age Entry,Male,Domestic,22,Upper-Mid ($110–160k),Postgraduate,None,Part-time (≤20 hrs),92.8,6.0,2.92,Yes,None,No,4,4,Yes,60.25,Pass,2.03
STU-00716,2023,2,Engineering,Full-time,TAFE / Diploma,Male,Domestic,28,Mid ($70–110k),No Tertiary,External,Part-time (≤20 hrs),66.9,17.4,3.39,Yes,None,No,4,4,No,49.31,Pass,2.85
STU-00717,2022,1,Education,Full-time,TAFE / Diploma,Male,Domestic,22,Mid ($70–110k),Postgraduate,None,Part-time (≤20 hrs),100.0,22.3,2.79,Yes,Academic Advisor,No,4,4,No,59.74,Pass,2.3
STU-00718,2022,3,Information Technology,Full-time,TAFE / Diploma,Female,Domestic,26,High (>$160k),No Tertiary,Merit-Based,Part-time (≤20 hrs),51.1,24.9,2.79,Yes,Academic Advisor,No,4,4,Yes,54.67,Pass,2.3
STU-00719,2023,2,Arts & Humanities,Full-time,High School (ATAR),Male,Domestic,24,High (>$160k),TAFE / Certificate,None,Full-time (>20 hrs),67.3,9.0,3.57,Yes,None,No,4,4,Yes,52.16,Pass,2.55
STU-00720,2024,3,Information Technology,Full-time,High School (ATAR),Male,Domestic,26,Lower-Mid ($40–70k),TAFE / Certificate,None,Not Employed,62.5,17.3,2.8,Yes,None,No,4,2,No,51.83,Fail,1.75
STU-00721,2024,1,Information Technology,Full-time,Mature Age Entry,Female,Domestic,26,Lower-Mid ($40–70k),Postgraduate,None,Not Employed,71.5,14.2,2.05,Yes,None,No,4,3,No,46.84,Fail,0.9
STU-00722,2023,3,Health Sciences,Full-time,High School (ATAR),Male,International,25,Upper-Mid ($110–160k),Postgraduate,External,Not Employed,71.9,7.5,4.0,Yes,None,No,4,4,Yes,57.94,Pass,2.71
STU-00723,2022,2,Information Technology,Part-time,High School (ATAR),Female,Domestic,22,Lower-Mid ($40–70k),Postgraduate,None,Part-time (≤20 hrs),73.0,10.1,4.0,Yes,Multiple Services,Yes,2,1,No,50.54,Fail,1.7
STU-00724,2023,2,Health Sciences,Part-time,High School (ATAR),Male,Domestic,27,Upper-Mid ($110–160k),Postgraduate,Merit-Based,Not Employed,75.0,26.6,3.4,Yes,Counselling,Yes,2,2,No,75.28,Pass,2.55
STU-00725,2024,4,Education,Full-time,TAFE / Diploma,Female,International,25,Lower-Mid ($40–70k),Postgraduate,External,Full-time (>20 hrs),65.0,3.2,3.16,Yes,Peer Tutoring,No,4,4,Yes,38.81,Pass,2.67
STU-00726,2024,4,Information Technology,Full-time,High School (ATAR),Male,International,25,Mid ($70–110k),Bachelor,Merit-Based,Not Employed,56.0,15.2,4.0,Yes,None,No,4,4,Yes,62.06,Pass,2.45
STU-00727,2024,1,Business,Full-time,TAFE / Diploma,Female,Domestic,20,Mid ($70–110k),Bachelor,Merit-Based,Part-time (≤20 hrs),95.2,14.2,2.24,Yes,None,No,4,4,No,64.97,Pass,2.13
STU-00728,2022,4,Health Sciences,Full-time,High School (ATAR),Male,International,28,Low (<$40k),Postgraduate,None,Not Employed,76.5,15.3,3.43,Yes,None,No,4,2,No,48.26,Fail,1.45
STU-00729,2022,4,Health Sciences,Full-time,High School (ATAR),Female,International,22,Low (<$40k),No Tertiary,None,Full-time (>20 hrs),84.6,17.7,3.26,No,None,No,4,0,Yes,47.93,Fail,0.96
STU-00730,2022,3,Education,Part-time,TAFE / Diploma,Female,Domestic,24,Lower-Mid ($40–70k),No Tertiary,None,Part-time (≤20 hrs),85.1,25.8,2.33,Yes,Academic Advisor,No,2,2,No,58.03,Pass,2.25
STU-00731,2023,2,Information Technology,Full-time,Transfer / Credit,Female,Domestic,23,Upper-Mid ($110–160k),Bachelor,Equity / Need-Based,Not Employed,69.8,18.4,3.11,Yes,Peer Tutoring,No,4,4,No,60.22,Pass,2.05
STU-00732,2022,1,Arts & Humanities,Full-time,High School (ATAR),Male,Domestic,20,Mid ($70–110k),No Tertiary,External,Part-time (≤20 hrs),44.5,15.7,3.37,Yes,Multiple Services,Yes,4,4,Yes,59.13,Pass,2.71
STU-00733,2024,3,Engineering,Full-time,Mature Age Entry,Female,International,23,Low (<$40k),Bachelor,None,Not Employed,86.0,10.7,2.9,No,None,No,4,4,No,60.34,Pass,2.81
STU-00734,2024,3,Health Sciences,Part-time,High School (ATAR),Male,International,24,Mid ($70–110k),No Tertiary,None,Not Employed,58.3,11.8,3.08,Yes,Peer Tutoring,No,2,1,Yes,51.59,Fail,1.87
STU-00735,2023,4,Business,Part-time,Transfer / Credit,Female,Domestic,23,Upper-Mid ($110–160k),Postgraduate,None,Not Employed,81.9,14.3,2.86,Yes,Academic Advisor,No,2,2,No,68.94,Pass,2.88
STU-00736,2024,3,Health Sciences,Full-time,High School (ATAR),Female,International,22,Upper-Mid ($110–160k),No Tertiary,Merit-Based,Part-time (≤20 hrs),69.9,13.0,2.82,Yes,None,No,4,4,No,62.35,Pass,2.12
STU-00737,2022,1,Engineering,Part-time,International Pathway,Female,Domestic,20,Upper-Mid ($110–160k),No Tertiary,External,Full-time (>20 hrs),63.7,11.8,3.51,Yes,None,No,2,2,No,42.82,Pass,2.06
STU-00738,2022,2,Engineering,Full-time,TAFE / Diploma,Non-binary / Other,Domestic,21,Lower-Mid ($40–70k),Postgraduate,None,Not Employed,68.1,14.9,3.45,Yes,Academic Advisor,No,4,4,No,57.9,Pass,2.42
STU-00739,2022,1,Business,Part-time,Mature Age Entry,Female,Domestic,17,Mid ($70–110k),Bachelor,Equity / Need-Based,Full-time (>20 hrs),58.1,12.7,2.8,Yes,None,No,2,2,Yes,53.17,Pass,2.38
STU-00740,2024,3,Engineering,Full-time,Mature Age Entry,Male,Domestic,20,Upper-Mid ($110–160k),TAFE / Certificate,Merit-Based,Part-time (≤20 hrs),74.0,19.3,3.61,Yes,Peer Tutoring,No,4,4,No,64.87,Pass,2.22
STU-00741,2023,4,Business,Full-time,Transfer / Credit,Female,Domestic,23,Upper-Mid ($110–160k),Bachelor,External,Not Employed,68.8,19.3,1.89,Yes,Peer Tutoring,No,4,4,No,61.68,Pass,2.1
STU-00742,2024,2,Health Sciences,Full-time,High School (ATAR),Female,International,22,High (>$160k),Postgraduate,Equity / Need-Based,Not Employed,100.0,17.0,3.66,Yes,Peer Tutoring,No,4,4,No,75.51,Distinction,3.01
STU-00743,2024,1,Health Sciences,Full-time,High School (ATAR),Male,Domestic,21,Mid ($70–110k),Postgraduate,External,Not Employed,83.9,9.3,3.99,Yes,Counselling,Yes,4,4,No,67.62,Pass,2.4
STU-00744,2024,2,Engineering,Full-time,International Pathway,Male,Domestic,21,Lower-Mid ($40–70k),No Tertiary,External,Not Employed,73.8,22.3,1.47,Yes,Peer Tutoring,No,4,4,No,58.59,Pass,2.14
STU-00745,2024,1,Health Sciences,Part-time,High School (ATAR),Male,Domestic,19,Upper-Mid ($110–160k),Bachelor,None,Not Employed,72.8,13.9,3.69,Yes,None,No,2,2,No,61.76,Pass,2.9
STU-00746,2022,2,Arts & Humanities,Full-time,High School (ATAR),Male,Domestic,25,Mid ($70–110k),Postgraduate,None,Not Employed,68.1,21.4,3.02,Yes,Multiple Services,Yes,4,4,No,55.04,Pass,2.02
STU-00747,2024,1,Health Sciences,Full-time,High School (ATAR),Male,International,18,Upper-Mid ($110–160k),TAFE / Certificate,Merit-Based,Part-time (≤20 hrs),78.8,18.4,3.33,Yes,None,No,4,4,No,78.45,Distinction,3.57
STU-00748,2024,2,Information Technology,Part-time,High School (ATAR),Female,International,21,Mid ($70–110k),Bachelor,None,Not Employed,63.9,12.3,2.01,Yes,Peer Tutoring,No,2,2,No,53.83,Pass,2.46
STU-00749,2023,2,Business,Part-time,Mature Age Entry,Female,Domestic,26,Mid ($70–110k),Bachelor,None,Full-time (>20 hrs),34.0,13.1,1.62,Yes,None,No,2,0,Yes,33.97,Withdrawn,0.0
STU-00750,2023,1,Education,Part-time,Transfer / Credit,Male,Domestic,19,Upper-Mid ($110–160k),TAFE / Certificate,External,Part-time (≤20 hrs),64.1,19.7,2.15,Yes,Academic Advisor,No,2,2,No,54.23,Pass,2.03
STU-00751,2022,1,Education,Full-time,High School (ATAR),Female,Domestic,21,Lower-Mid ($40–70k),TAFE / Certificate,Merit-Based,Part-time (≤20 hrs),78.4,27.4,3.21,Yes,Academic Advisor,No,4,4,No,72.03,Pass,2.72
STU-00752,2024,3,Health Sciences,Full-time,Mature Age Entry,Male,International,17,Upper-Mid ($110–160k),TAFE / Certificate,Merit-Based,Full-time (>20 hrs),54.8,8.9,3.23,Yes,Academic Advisor,No,4,3,Yes,34.6,Fail,0.84
STU-00753,2023,2,Education,Full-time,High School (ATAR),Female,Domestic,24,Low (<$40k),No Tertiary,Merit-Based,Part-time (≤20 hrs),76.3,16.9,3.42,Yes,Multiple Services,Yes,4,4,No,58.16,Pass,2.01
STU-00754,2024,3,Arts & Humanities,Part-time,High School (ATAR),Female,International,25,Upper-Mid ($110–160k),Bachelor,None,Part-time (≤20 hrs),84.7,20.4,3.32,Yes,None,No,2,2,No,75.29,Pass,2.3
STU-00755,2023,3,Business,Full-time,Transfer / Credit,Non-binary / Other,Domestic,24,Lower-Mid ($40–70k),Bachelor,None,Not Employed,40.7,21.1,3.05,Yes,Academic Advisor,No,4,1,Yes,49.25,Fail,1.39
STU-00756,2023,3,Education,Full-time,High School (ATAR),Female,Domestic,27,Upper-Mid ($110–160k),No Tertiary,None,Part-time (≤20 hrs),90.2,24.7,3.25,Yes,Academic Advisor,No,4,4,No,79.95,Pass,2.7
STU-00757,2024,2,Business,Part-time,TAFE / Diploma,Female,Domestic,22,High (>$160k),No Tertiary,Equity / Need-Based,Part-time (≤20 hrs),53.9,17.1,2.95,Yes,Academic Advisor,No,2,2,Yes,55.33,Pass,2.26
STU-00758,2022,2,Arts & Humanities,Part-time,TAFE / Diploma,Female,Domestic,25,Mid ($70–110k),Bachelor,None,Part-time (≤20 hrs),66.9,11.8,3.21,Yes,None,No,2,0,No,41.57,Fail,1.54
STU-00759,2023,1,Engineering,Full-time,Transfer / Credit,Male,Domestic,19,Upper-Mid ($110–160k),TAFE / Certificate,Merit-Based,Full-time (>20 hrs),55.6,13.8,3.13,Yes,Counselling,Yes,4,0,Yes,44.52,Fail,1.4
STU-00760,2024,2,Information Technology,Full-time,High School (ATAR),Female,Domestic,19,Lower-Mid ($40–70k),TAFE / Certificate,None,Not Employed,67.9,19.1,2.8,Yes,None,No,4,4,No,53.42,Pass,2.5
STU-00761,2024,3,Education,Full-time,Mature Age Entry,Male,International,18,Lower-Mid ($40–70k),TAFE / Certificate,None,Part-time (≤20 hrs),81.7,21.5,2.73,Yes,None,No,4,4,No,62.19,Pass,2.34
STU-00762,2023,2,Information Technology,Full-time,TAFE / Diploma,Female,International,22,Upper-Mid ($110–160k),TAFE / Certificate,Merit-Based,Part-time (≤20 hrs),87.6,25.6,3.17,Yes,None,No,4,4,No,71.34,Distinction,3.4
STU-00763,2024,3,Education,Full-time,High School (ATAR),Male,Domestic,22,Upper-Mid ($110–160k),Postgraduate,None,Not Employed,69.5,19.3,4.0,Yes,None,No,4,4,No,58.75,Pass,2.22
STU-00764,2023,4,Information Technology,Full-time,TAFE / Diploma,Female,International,24,Mid ($70–110k),No Tertiary,External,Not Employed,83.5,11.7,3.37,Yes,None,No,4,4,No,66.21,Pass,2.66
STU-00765,2023,1,Health Sciences,Part-time,Transfer / Credit,Male,Domestic,24,Mid ($70–110k),TAFE / Certificate,None,Not Employed,57.1,22.2,3.62,Yes,None,No,2,2,Yes,62.52,Pass,2.27
STU-00766,2023,4,Business,Full-time,International Pathway,Male,Domestic,23,Low (<$40k),Bachelor,None,Part-time (≤20 hrs),64.8,10.3,3.69,Yes,Academic Advisor,No,4,3,No,50.81,Fail,1.85
STU-00767,2022,2,Engineering,Part-time,TAFE / Diploma,Female,Domestic,22,High (>$160k),Bachelor,Merit-Based,Part-time (≤20 hrs),60.7,19.1,2.55,Yes,Academic Advisor,No,2,2,No,58.86,Pass,2.7
STU-00768,2023,2,Engineering,Full-time,High School (ATAR),Female,International,23,Mid ($70–110k),No Tertiary,None,Not Employed,83.1,17.0,3.57,Yes,Academic Advisor,No,4,4,No,68.62,Distinction,3.69
STU-00769,2024,2,Business,Full-time,High School (ATAR),Male,Domestic,22,Upper-Mid ($110–160k),Bachelor,Equity / Need-Based,Part-time (≤20 hrs),77.0,26.0,3.99,Yes,Peer Tutoring,No,4,4,No,74.27,Distinction,3.4
STU-00770,2024,4,Education,Full-time,TAFE / Diploma,Female,Domestic,24,Low (<$40k),Bachelor,None,Full-time (>20 hrs),48.1,1.0,2.27,Yes,Peer Tutoring,No,4,2,Yes,25.49,Fail,1.88
STU-00771,2023,3,Engineering,Full-time,TAFE / Diploma,Male,International,19,High (>$160k),No Tertiary,None,Not Employed,75.9,14.0,2.14,Yes,Academic Advisor,No,4,4,No,66.23,Pass,2.4
STU-00772,2024,2,Business,Full-time,TAFE / Diploma,Female,Domestic,24,Mid ($70–110k),Bachelor,None,Part-time (≤20 hrs),78.9,5.6,3.14,Yes,Peer Tutoring,No,4,4,Yes,54.8,Pass,2.55
STU-00773,2023,1,Business,Part-time,Mature Age Entry,Female,Domestic,25,Mid ($70–110k),Postgraduate,None,Not Employed,56.4,5.7,2.12,Yes,Multiple Services,Yes,2,1,Yes,41.29,Fail,1.63
STU-00774,2022,1,Information Technology,Part-time,TAFE / Diploma,Female,Domestic,20,Mid ($70–110k),Postgraduate,None,Not Employed,62.3,11.9,3.27,Yes,None,No,2,2,No,57.52,Pass,2.38
STU-00775,2023,2,Engineering,Full-time,High School (ATAR),Female,International,21,High (>$160k),TAFE / Certificate,External,Full-time (>20 hrs),60.5,18.3,3.2,Yes,None,No,4,0,Yes,46.49,Fail,0.7
STU-00776,2023,1,Business,Full-time,High School (ATAR),Non-binary / Other,Domestic,21,Lower-Mid ($40–70k),Bachelor,None,Full-time (>20 hrs),81.0,11.1,2.35,Yes,Peer Tutoring,No,4,1,Yes,51.67,Fail,1.42
STU-00777,2022,1,Health Sciences,Part-time,Mature Age Entry,Female,Domestic,23,Low (<$40k),Bachelor,External,Part-time (≤20 hrs),77.1,16.7,2.7,Yes,Peer Tutoring,No,2,2,No,54.29,Pass,2.89
STU-00778,2022,1,Engineering,Full-time,TAFE / Diploma,Male,Domestic,21,Mid ($70–110k),Bachelor,Merit-Based,Part-time (≤20 hrs),87.0,19.7,3.51,Yes,Multiple Services,Yes,4,4,No,69.29,Pass,2.93
STU-00779,2024,2,Engineering,Part-time,Mature Age Entry,Female,Domestic,28,Low (<$40k),Postgraduate,None,Not Employed,99.3,20.1,3.1,No,None,No,2,2,No,78.94,Distinction,3.48
STU-00780,2023,3,Education,Part-time,International Pathway,Male,International,22,Mid ($70–110k),Bachelor,None,Part-time (≤20 hrs),100.0,17.3,2.29,Yes,None,No,2,2,No,57.53,Pass,2.18
STU-00781,2023,4,Arts & Humanities,Full-time,TAFE / Diploma,Female,Domestic,23,Lower-Mid ($40–70k),Postgraduate,None,Part-time (≤20 hrs),58.7,15.3,2.49,Yes,None,No,4,3,Yes,51.2,Fail,1.73
STU-00782,2022,2,Health Sciences,Full-time,TAFE / Diploma,Female,Domestic,21,Low (<$40k),TAFE / Certificate,External,Part-time (≤20 hrs),86.0,22.7,3.34,Yes,None,No,4,4,No,60.76,Pass,2.72
STU-00783,2023,3,Engineering,Full-time,High School (ATAR),Male,International,26,Lower-Mid ($40–70k),TAFE / Certificate,Equity / Need-Based,Part-time (≤20 hrs),77.8,20.3,3.03,Yes,Peer Tutoring,No,4,4,No,65.37,Pass,2.56
STU-00784,2022,1,Engineering,Full-time,Transfer / Credit,Female,Domestic,18,Mid ($70–110k),TAFE / Certificate,None,Full-time (>20 hrs),47.4,7.9,2.95,Yes,None,No,4,0,Yes,17.21,Withdrawn,0.0
STU-00785,2022,3,Education,Part-time,Mature Age Entry,Male,International,25,Mid ($70–110k),TAFE / Certificate,None,Not Employed,89.3,16.6,1.91,Yes,None,No,2,2,No,65.93,Pass,2.87
STU-00786,2024,1,Information Technology,Full-time,Transfer / Credit,Female,International,21,Upper-Mid ($110–160k),TAFE / Certificate,Merit-Based,Part-time (≤20 hrs),74.4,21.3,3.09,Yes,Multiple Services,Yes,4,4,No,69.18,Distinction,3.16
STU-00787,2023,2,Arts & Humanities,Part-time,TAFE / Diploma,Female,International,21,Mid ($70–110k),Postgraduate,None,Part-time (≤20 hrs),84.9,13.2,3.14,Yes,Peer Tutoring,No,2,2,No,64.11,Pass,2.69
STU-00788,2023,2,Engineering,Full-time,TAFE / Diploma,Male,International,24,Upper-Mid ($110–160k),Postgraduate,None,Not Employed,85.3,28.9,2.3,Yes,Academic Advisor,No,4,4,No,73.31,Distinction,3.68
STU-00789,2022,3,Health Sciences,Part-time,Mature Age Entry,Male,International,17,Low (<$40k),No Tertiary,None,Part-time (≤20 hrs),70.9,10.9,3.52,Yes,None,No,2,0,No,36.78,Fail,0.68
STU-00790,2022,1,Health Sciences,Full-time,Transfer / Credit,Female,Domestic,25,Mid ($70–110k),Bachelor,Equity / Need-Based,Not Employed,79.6,16.2,3.3,Yes,None,No,4,4,No,69.95,Pass,2.49
STU-00791,2022,3,Education,Full-time,TAFE / Diploma,Male,Domestic,26,Upper-Mid ($110–160k),TAFE / Certificate,Equity / Need-Based,Part-time (≤20 hrs),89.0,25.3,3.32,Yes,Multiple Services,Yes,4,4,No,77.47,Pass,2.21
STU-00792,2023,1,Education,Part-time,High School (ATAR),Male,International,25,Upper-Mid ($110–160k),Bachelor,None,Part-time (≤20 hrs),84.3,19.4,4.0,Yes,Multiple Services,Yes,2,2,No,60.33,Pass,2.07
STU-00793,2024,1,Engineering,Full-time,Mature Age Entry,Female,International,21,Upper-Mid ($110–160k),Postgraduate,None,Part-time (≤20 hrs),70.0,12.5,3.1,Yes,Counselling,Yes,4,4,No,53.49,Pass,2.9
STU-00794,2023,1,Arts & Humanities,Full-time,International Pathway,Male,Domestic,20,Mid ($70–110k),Bachelor,None,Part-time (≤20 hrs),45.8,18.3,2.7,Yes,Academic Advisor,No,4,0,Yes,46.5,Fail,1.13
STU-00795,2024,3,Health Sciences,Full-time,High School (ATAR),Female,Domestic,26,Lower-Mid ($40–70k),Bachelor,None,Not Employed,89.3,21.4,1.89,Yes,None,No,4,4,No,63.86,Pass,2.87
STU-00796,2023,2,Engineering,Part-time,International Pathway,Female,Domestic,21,Lower-Mid ($40–70k),Bachelor,Equity / Need-Based,Not Employed,79.9,9.3,2.91,Yes,Counselling,Yes,2,1,No,50.14,Fail,1.91
STU-00797,2022,4,Engineering,Part-time,Mature Age Entry,Male,Domestic,23,Mid ($70–110k),No Tertiary,External,Full-time (>20 hrs),42.9,11.2,3.16,Yes,Peer Tutoring,No,2,1,Yes,35.88,Fail,1.9
STU-00798,2024,3,Business,Full-time,Mature Age Entry,Male,International,27,Lower-Mid ($40–70k),Bachelor,None,Not Employed,77.2,18.4,1.75,Yes,Peer Tutoring,No,4,4,No,70.02,Distinction,3.06
STU-00799,2024,2,Engineering,Full-time,International Pathway,Male,Domestic,25,Mid ($70–110k),TAFE / Certificate,External,Not Employed,70.7,25.2,2.42,Yes,Peer Tutoring,No,4,4,No,63.7,Pass,2.43
STU-00800,2023,4,Business,Part-time,Transfer / Credit,Male,Domestic,24,Mid ($70–110k),Bachelor,External,Part-time (≤20 hrs),61.9,4.7,3.02,Yes,Counselling,Yes,2,2,Yes,53.35,Pass,2.11
STU-00801,2022,4,Engineering,Part-time,High School (ATAR),Female,International,28,Lower-Mid ($40–70k),Bachelor,Equity / Need-Based,Part-time (≤20 hrs),79.0,10.7,3.74,Yes,None,No,2,2,No,72.28,Distinction,3.62
STU-00802,2022,1,Education,Full-time,Mature Age Entry,Male,Domestic,23,Lower-Mid ($40–70k),No Tertiary,None,Part-time (≤20 hrs),62.1,15.7,2.58,Yes,None,No,4,4,No,51.82,Pass,2.68
STU-00803,2024,1,Information Technology,Full-time,Transfer / Credit,Male,Domestic,26,Mid ($70–110k),Postgraduate,Merit-Based,Part-time (≤20 hrs),82.7,18.8,4.0,Yes,None,No,4,4,No,67.92,Pass,2.71
STU-00804,2024,4,Education,Part-time,High School (ATAR),Female,International,22,Lower-Mid ($40–70k),No Tertiary,None,Part-time (≤20 hrs),75.5,1.0,4.0,Yes,None,No,2,1,Yes,47.75,Fail,1.39
STU-00805,2024,2,Information Technology,Part-time,High School (ATAR),Female,Domestic,19,Lower-Mid ($40–70k),No Tertiary,None,Part-time (≤20 hrs),67.6,17.0,2.15,Yes,None,No,2,1,No,50.36,Fail,1.38
STU-00806,2024,1,Education,Full-time,International Pathway,Female,Domestic,24,Low (<$40k),Bachelor,Equity / Need-Based,Part-time (≤20 hrs),73.5,10.4,2.68,No,None,No,4,0,No,44.73,Fail,0.59
STU-00807,2024,1,Education,Part-time,High School (ATAR),Female,Domestic,22,Mid ($70–110k),Postgraduate,None,Part-time (≤20 hrs),63.3,23.2,1.93,Yes,None,No,2,0,No,50.22,Fail,1.17
STU-00808,2024,1,Education,Part-time,High School (ATAR),Female,Domestic,23,Lower-Mid ($40–70k),No Tertiary,None,Not Employed,79.3,22.7,3.41,Yes,Academic Advisor,No,2,2,No,70.92,Pass,2.2
STU-00809,2023,1,Business,Full-time,High School (ATAR),Male,Domestic,22,Mid ($70–110k),No Tertiary,None,Not Employed,52.0,19.6,3.47,Yes,Academic Advisor,No,4,4,Yes,53.42,Pass,2.5
STU-00810,2022,3,Information Technology,Part-time,High School (ATAR),Female,Domestic,23,Upper-Mid ($110–160k),Bachelor,External,Part-time (≤20 hrs),90.9,11.4,3.11,Yes,Counselling,Yes,2,2,No,58.73,Pass,2.75
STU-00811,2024,2,Engineering,Full-time,High School (ATAR),Male,Domestic,23,Low (<$40k),Bachelor,None,Not Employed,79.3,20.6,3.03,Yes,Peer Tutoring,No,4,4,No,53.73,Pass,2.63
STU-00812,2022,1,Business,Part-time,High School (ATAR),Female,International,26,Mid ($70–110k),Postgraduate,Merit-Based,Not Employed,77.6,20.5,2.21,Yes,None,No,2,2,No,68.97,Distinction,3.61
STU-00813,2024,1,Information Technology,Part-time,Mature Age Entry,Male,Domestic,24,Lower-Mid ($40–70k),No Tertiary,External,Full-time (>20 hrs),73.9,10.9,2.43,Yes,Multiple Services,Yes,2,1,No,41.95,Fail,1.62
STU-00814,2024,1,Education,Full-time,Transfer / Credit,Female,Domestic,21,Lower-Mid ($40–70k),Bachelor,Equity / Need-Based,Part-time (≤20 hrs),60.3,21.1,2.88,Yes,Academic Advisor,No,4,4,No,59.62,Pass,2.69
STU-00815,2024,3,Business,Full-time,TAFE / Diploma,Female,International,23,Lower-Mid ($40–70k),Postgraduate,None,Part-time (≤20 hrs),92.0,18.5,2.79,Yes,Multiple Services,Yes,4,4,No,76.24,Pass,2.01
STU-00816,2023,2,Education,Part-time,International Pathway,Female,Domestic,23,Low (<$40k),Bachelor,None,Not Employed,66.0,13.0,3.18,Yes,None,No,2,0,No,51.9,Fail,1.13
STU-00817,2023,1,Health Sciences,Full-time,High School (ATAR),Female,Domestic,23,Mid ($70–110k),No Tertiary,None,Part-time (≤20 hrs),54.0,13.2,3.58,Yes,Peer Tutoring,No,4,4,Yes,52.84,Pass,2.79
STU-00818,2023,1,Health Sciences,Full-time,High School (ATAR),Female,Domestic,20,Mid ($70–110k),TAFE / Certificate,None,Part-time (≤20 hrs),67.5,13.2,2.72,Yes,Academic Advisor,No,4,4,No,55.15,Pass,2.99
STU-00819,2024,1,Health Sciences,Part-time,High School (ATAR),Female,Domestic,21,Upper-Mid ($110–160k),Postgraduate,Merit-Based,Not Employed,68.9,5.2,2.78,Yes,Academic Advisor,No,2,2,Yes,53.56,Pass,2.97
STU-00820,2022,3,Engineering,Full-time,Mature Age Entry,Female,International,21,Low (<$40k),TAFE / Certificate,None,Part-time (≤20 hrs),81.6,21.6,3.18,Yes,None,No,4,4,No,55.78,Pass,2.57
STU-00821,2022,1,Arts & Humanities,Part-time,High School (ATAR),Female,Domestic,21,Low (<$40k),TAFE / Certificate,External,Full-time (>20 hrs),58.3,11.7,3.39,No,None,No,2,1,Yes,36.21,Fail,0.95
STU-00822,2022,1,Engineering,Full-time,Mature Age Entry,Female,Domestic,24,Lower-Mid ($40–70k),TAFE / Certificate,Merit-Based,Not Employed,87.4,19.7,4.0,Yes,Academic Advisor,No,4,4,No,80.18,Pass,2.0
STU-00823,2024,1,Engineering,Part-time,Mature Age Entry,Male,Domestic,22,Lower-Mid ($40–70k),Postgraduate,None,Part-time (≤20 hrs),59.9,15.4,2.54,Yes,None,No,2,2,Yes,42.32,Pass,2.27
STU-00824,2024,1,Arts & Humanities,Part-time,Transfer / Credit,Female,International,23,High (>$160k),TAFE / Certificate,Equity / Need-Based,Part-time (≤20 hrs),75.2,19.5,1.65,Yes,None,No,2,2,No,49.14,Pass,2.56
STU-00825,2022,2,Arts & Humanities,Full-time,International Pathway,Female,International,20,Low (<$40k),Postgraduate,Merit-Based,Part-time (≤20 hrs),94.1,23.2,4.0,Yes,None,No,4,4,No,74.22,Pass,2.82
STU-00826,2024,4,Information Technology,Full-time,TAFE / Diploma,Female,Domestic,22,Lower-Mid ($40–70k),No Tertiary,None,Full-time (>20 hrs),52.6,10.3,3.0,Yes,Multiple Services,Yes,4,3,Yes,29.48,Fail,0.59
STU-00827,2024,3,Engineering,Full-time,High School (ATAR),Female,International,25,Upper-Mid ($110–160k),Postgraduate,None,Part-time (≤20 hrs),78.0,14.8,3.76,Yes,Peer Tutoring,No,4,4,No,60.22,Pass,2.97
STU-00828,2024,1,Business,Part-time,High School (ATAR),Female,International,21,Mid ($70–110k),Postgraduate,Merit-Based,Part-time (≤20 hrs),68.0,18.8,4.0,Yes,None,No,2,2,No,67.63,Pass,2.5
STU-00829,2022,3,Business,Full-time,Transfer / Credit,Male,Domestic,22,High (>$160k),No Tertiary,None,Part-time (≤20 hrs),78.0,14.8,3.05,Yes,Academic Advisor,No,4,4,No,57.0,Pass,2.42
STU-00830,2024,2,Arts & Humanities,Full-time,International Pathway,Male,International,23,Mid ($70–110k),Postgraduate,None,Full-time (>20 hrs),71.5,10.3,2.9,Yes,Multiple Services,Yes,4,4,Yes,59.14,Pass,2.72
STU-00831,2022,2,Arts & Humanities,Part-time,High School (ATAR),Male,Domestic,25,Lower-Mid ($40–70k),No Tertiary,Merit-Based,Not Employed,56.1,16.6,4.0,Yes,None,No,2,2,Yes,56.54,Pass,2.29
STU-00832,2022,4,Business,Full-time,High School (ATAR),Male,International,24,Upper-Mid ($110–160k),Postgraduate,External,Full-time (>20 hrs),65.8,10.6,3.43,Yes,Peer Tutoring,No,4,3,Yes,48.55,Fail,1.89
STU-00833,2023,4,Arts & Humanities,Full-time,TAFE / Diploma,Female,Domestic,26,Low (<$40k),Bachelor,None,Not Employed,68.8,13.3,2.88,Yes,None,No,4,4,No,47.59,Pass,2.02
STU-00834,2024,4,Education,Full-time,High School (ATAR),Male,Domestic,24,Mid ($70–110k),No Tertiary,None,Part-time (≤20 hrs),73.6,22.1,3.26,Yes,None,No,4,4,No,56.32,Pass,2.36
STU-00835,2022,2,Health Sciences,Full-time,High School (ATAR),Male,International,23,High (>$160k),Postgraduate,None,Not Employed,63.4,13.8,2.77,Yes,Academic Advisor,No,4,4,No,61.21,Pass,2.36
STU-00836,2022,3,Business,Part-time,High School (ATAR),Male,Domestic,23,Mid ($70–110k),TAFE / Certificate,External,Not Employed,74.0,9.5,3.05,Yes,Peer Tutoring,No,2,2,No,53.5,Pass,2.54
STU-00837,2022,3,Health Sciences,Full-time,High School (ATAR),Female,Domestic,24,Low (<$40k),Postgraduate,Merit-Based,Part-time (≤20 hrs),84.4,17.5,2.03,Yes,None,No,4,3,No,46.17,Fail,1.1
STU-00838,2023,2,Information Technology,Full-time,High School (ATAR),Female,International,21,High (>$160k),Postgraduate,None,Not Employed,66.9,29.1,2.28,Yes,Peer Tutoring,No,4,4,No,60.12,Pass,2.32
STU-00839,2022,4,Arts & Humanities,Part-time,High School (ATAR),Female,Domestic,22,Low (<$40k),TAFE / Certificate,Equity / Need-Based,Part-time (≤20 hrs),80.6,20.0,3.47,Yes,Academic Advisor,No,2,2,No,50.48,Pass,2.82
STU-00840,2022,4,Health Sciences,Part-time,Mature Age Entry,Female,Domestic,30,High (>$160k),TAFE / Certificate,None,Part-time (≤20 hrs),85.2,6.2,3.58,Yes,None,No,2,2,Yes,42.45,Pass,2.57
STU-00841,2024,1,Information Technology,Full-time,High School (ATAR),Male,International,24,High (>$160k),No Tertiary,None,Full-time (>20 hrs),54.2,7.7,3.28,Yes,Peer Tutoring,No,4,0,Yes,43.04,Fail,1.6
STU-00842,2022,4,Business,Full-time,Mature Age Entry,Male,International,32,Lower-Mid ($40–70k),TAFE / Certificate,Equity / Need-Based,Full-time (>20 hrs),78.6,11.1,2.71,Yes,Multiple Services,Yes,4,4,Yes,52.39,Pass,2.06
STU-00843,2023,1,Engineering,Full-time,Transfer / Credit,Male,Domestic,24,Lower-Mid ($40–70k),Bachelor,None,Not Employed,84.3,19.8,3.16,Yes,Academic Advisor,No,4,4,No,75.18,Pass,2.34
STU-00844,2024,2,Information Technology,Part-time,TAFE / Diploma,Male,Domestic,22,Low (<$40k),Bachelor,None,Not Employed,88.0,19.1,3.19,Yes,None,No,2,2,No,60.81,Pass,2.97
STU-00845,2024,4,Arts & Humanities,Part-time,Transfer / Credit,Female,Domestic,23,Low (<$40k),TAFE / Certificate,Equity / Need-Based,Part-time (≤20 hrs),95.1,9.2,3.09,Yes,None,No,2,2,No,51.22,Pass,2.07
STU-00846,2022,3,Arts & Humanities,Full-time,High School (ATAR),Male,International,21,Mid ($70–110k),Bachelor,None,Not Employed,100.0,24.5,3.57,Yes,Peer Tutoring,No,4,4,No,78.17,Pass,2.99
STU-00847,2024,3,Business,Full-time,International Pathway,Female,International,21,Upper-Mid ($110–160k),Bachelor,External,Part-time (≤20 hrs),63.2,15.0,1.94,Yes,Peer Tutoring,No,4,4,No,50.97,Pass,2.79
STU-00848,2022,2,Education,Part-time,High School (ATAR),Male,Domestic,22,Low (<$40k),Postgraduate,External,Full-time (>20 hrs),56.9,9.6,2.5,Yes,Academic Advisor,No,2,1,Yes,46.59,Fail,0.69
STU-00849,2024,3,Health Sciences,Part-time,High School (ATAR),Female,International,22,Lower-Mid ($40–70k),No Tertiary,None,Part-time (≤20 hrs),41.5,12.1,4.0,Yes,None,No,2,2,Yes,43.24,Pass,2.31
STU-00850,2024,2,Arts & Humanities,Full-time,High School (ATAR),Male,International,24,Mid ($70–110k),Postgraduate,External,Not Employed,63.0,17.8,2.72,Yes,Counselling,Yes,4,4,No,61.03,Pass,2.95
STU-00851,2023,3,Arts & Humanities,Full-time,High School (ATAR),Male,International,24,Upper-Mid ($110–160k),No Tertiary,None,Not Employed,75.1,17.0,3.14,Yes,Multiple Services,Yes,4,4,No,61.86,Pass,2.29
STU-00852,2023,2,Education,Full-time,Transfer / Credit,Female,Domestic,21,Mid ($70–110k),Postgraduate,None,Not Employed,65.2,5.7,2.75,Yes,None,No,4,4,Yes,41.95,Pass,2.33
STU-00853,2024,2,Engineering,Part-time,Mature Age Entry,Female,International,17,Low (<$40k),Bachelor,None,Not Employed,62.0,22.1,2.44,No,Peer Tutoring,No,2,2,No,56.16,Pass,2.24
STU-00854,2022,1,Engineering,Full-time,Transfer / Credit,Female,Domestic,20,Lower-Mid ($40–70k),Bachelor,None,Not Employed,80.7,13.7,2.58,Yes,Multiple Services,Yes,4,4,No,59.77,Pass,2.5
STU-00855,2023,3,Information Technology,Part-time,International Pathway,Male,Domestic,23,Mid ($70–110k),TAFE / Certificate,None,Part-time (≤20 hrs),63.3,17.8,2.81,Yes,Academic Advisor,No,2,2,No,54.5,Pass,2.35
STU-00856,2022,3,Information Technology,Full-time,Transfer / Credit,Female,Domestic,24,Lower-Mid ($40–70k),Bachelor,Equity / Need-Based,Part-time (≤20 hrs),65.3,14.6,3.19,Yes,None,No,4,4,No,52.77,Pass,2.15
STU-00857,2024,2,Education,Full-time,High School (ATAR),Male,Domestic,23,Mid ($70–110k),TAFE / Certificate,None,Part-time (≤20 hrs),76.9,9.8,2.13,Yes,Multiple Services,Yes,4,4,No,57.62,Pass,2.42
STU-00858,2024,2,Health Sciences,Part-time,Mature Age Entry,Female,Domestic,25,Mid ($70–110k),No Tertiary,Merit-Based,Not Employed,65.1,10.9,3.73,Yes,Academic Advisor,No,2,2,No,54.11,Pass,2.04
STU-00859,2024,4,Health Sciences,Full-time,High School (ATAR),Male,International,24,Mid ($70–110k),Bachelor,Equity / Need-Based,Part-time (≤20 hrs),94.9,28.1,3.52,Yes,Peer Tutoring,No,4,4,No,84.18,High Distinction,3.85
STU-00860,2022,3,Engineering,Part-time,High School (ATAR),Male,Domestic,24,Upper-Mid ($110–160k),Postgraduate,None,Part-time (≤20 hrs),89.2,16.9,3.87,Yes,None,No,2,2,No,62.07,Pass,2.63
STU-00861,2024,2,Engineering,Full-time,High School (ATAR),Male,International,24,Upper-Mid ($110–160k),TAFE / Certificate,None,Part-time (≤20 hrs),70.6,18.9,2.89,Yes,None,No,4,4,No,55.08,Pass,2.25
STU-00862,2024,1,Health Sciences,Part-time,High School (ATAR),Male,Domestic,24,Mid ($70–110k),No Tertiary,Merit-Based,Part-time (≤20 hrs),64.1,12.9,3.65,Yes,Peer Tutoring,No,2,0,No,41.61,Fail,1.05
STU-00863,2024,2,Business,Full-time,International Pathway,Non-binary / Other,International,24,Upper-Mid ($110–160k),No Tertiary,Merit-Based,Full-time (>20 hrs),78.0,11.8,3.09,Yes,Peer Tutoring,No,4,1,Yes,50.06,Fail,1.5
STU-00864,2024,2,Engineering,Full-time,High School (ATAR),Female,International,22,Lower-Mid ($40–70k),No Tertiary,Merit-Based,Part-time (≤20 hrs),93.9,26.8,3.3,Yes,None,No,4,4,No,71.13,Pass,2.03
STU-00865,2022,3,Information Technology,Full-time,Mature Age Entry,Male,International,17,High (>$160k),Bachelor,External,Full-time (>20 hrs),70.7,9.4,2.61,Yes,Peer Tutoring,No,4,0,Yes,38.71,Fail,1.43
STU-00866,2024,1,Business,Full-time,Transfer / Credit,Female,Domestic,21,Mid ($70–110k),Bachelor,None,Not Employed,69.7,9.8,3.28,Yes,Academic Advisor,No,4,4,No,52.01,Pass,2.85
STU-00867,2024,1,Engineering,Full-time,TAFE / Diploma,Male,Domestic,21,Low (<$40k),TAFE / Certificate,Equity / Need-Based,Full-time (>20 hrs),53.1,2.9,3.52,Yes,Peer Tutoring,No,4,3,Yes,25.72,Fail,0.92
STU-00868,2024,3,Health Sciences,Part-time,TAFE / Diploma,Male,International,23,Lower-Mid ($40–70k),Postgraduate,Equity / Need-Based,Not Employed,78.7,24.7,2.4,Yes,None,No,2,2,No,69.81,Distinction,3.09
STU-00869,2023,4,Information Technology,Part-time,High School (ATAR),Female,Domestic,26,Lower-Mid ($40–70k),Postgraduate,None,Part-time (≤20 hrs),72.4,13.3,2.84,Yes,None,No,2,2,No,53.5,Pass,2.15
STU-00870,2023,1,Information Technology,Part-time,High School (ATAR),Female,International,24,Low (<$40k),TAFE / Certificate,None,Not Employed,73.0,8.2,3.09,Yes,Academic Advisor,No,2,0,No,46.65,Fail,1.31
STU-00871,2024,3,Information Technology,Full-time,High School (ATAR),Male,Domestic,22,High (>$160k),No Tertiary,None,Part-time (≤20 hrs),80.2,19.0,4.0,Yes,Academic Advisor,No,4,4,No,67.02,Pass,2.62
STU-00872,2022,1,Business,Full-time,High School (ATAR),Female,Domestic,24,Mid ($70–110k),No Tertiary,Merit-Based,Part-time (≤20 hrs),69.5,19.4,3.78,Yes,Peer Tutoring,No,4,4,No,49.74,Pass,2.28
STU-00873,2022,2,Information Technology,Full-time,Mature Age Entry,Male,Domestic,27,Lower-Mid ($40–70k),Bachelor,None,Part-time (≤20 hrs),71.7,15.7,3.43,Yes,None,No,4,4,No,65.72,Pass,2.52
STU-00874,2022,1,Arts & Humanities,Full-time,High School (ATAR),Female,International,19,High (>$160k),TAFE / Certificate,None,Not Employed,49.4,15.0,3.08,Yes,None,No,4,0,Yes,36.17,Withdrawn,0.0
STU-00875,2022,4,Information Technology,Full-time,TAFE / Diploma,Male,Domestic,29,Mid ($70–110k),TAFE / Certificate,None,Part-time (≤20 hrs),93.0,16.7,3.29,Yes,Multiple Services,Yes,4,4,No,75.77,Pass,2.73
STU-00876,2024,2,Health Sciences,Part-time,Mature Age Entry,Male,Domestic,18,Mid ($70–110k),No Tertiary,None,Part-time (≤20 hrs),76.3,6.1,3.46,Yes,Academic Advisor,No,2,0,Yes,44.66,Fail,1.35
STU-00877,2022,4,Engineering,Full-time,High School (ATAR),Male,International,23,Mid ($70–110k),Postgraduate,None,Full-time (>20 hrs),76.1,7.1,3.76,Yes,Peer Tutoring,No,4,2,Yes,47.43,Fail,0.75
STU-00878,2023,3,Business,Full-time,High School (ATAR),Female,International,25,Lower-Mid ($40–70k),No Tertiary,None,Not Employed,88.0,11.1,3.22,Yes,Academic Advisor,No,4,4,No,60.87,Pass,2.64
STU-00879,2024,2,Arts & Humanities,Part-time,International Pathway,Male,International,23,Low (<$40k),Bachelor,None,Not Employed,68.8,17.3,1.66,Yes,None,No,2,2,No,40.31,Pass,2.36
STU-00880,2022,1,Health Sciences,Full-time,High School (ATAR),Male,International,20,Low (<$40k),TAFE / Certificate,None,Part-time (≤20 hrs),62.7,16.1,3.47,No,None,No,4,4,No,54.5,Pass,2.55
STU-00881,2024,4,Information Technology,Full-time,High School (ATAR),Male,Domestic,25,Lower-Mid ($40–70k),Bachelor,None,Not Employed,78.3,16.7,2.7,Yes,Academic Advisor,No,4,4,No,71.18,Distinction,3.01
STU-00882,2024,3,Engineering,Full-time,High School (ATAR),Male,Domestic,20,Lower-Mid ($40–70k),TAFE / Certificate,External,Not Employed,91.2,9.7,3.45,Yes,None,No,4,4,No,63.38,Pass,2.98
STU-00883,2024,1,Health Sciences,Full-time,Mature Age Entry,Female,Domestic,17,Mid ($70–110k),No Tertiary,None,Not Employed,50.5,18.2,2.25,Yes,Multiple Services,Yes,4,3,Yes,50.03,Fail,1.28
STU-00884,2023,1,Information Technology,Full-time,High School (ATAR),Male,Domestic,22,Lower-Mid ($40–70k),Postgraduate,External,Part-time (≤20 hrs),79.3,11.1,2.09,Yes,Academic Advisor,No,4,4,No,67.22,Pass,2.93
STU-00885,2023,1,Arts & Humanities,Full-time,International Pathway,Male,Domestic,20,Low (<$40k),TAFE / Certificate,None,Part-time (≤20 hrs),75.3,11.0,2.81,Yes,None,No,4,3,No,45.5,Fail,1.67
STU-00886,2022,1,Engineering,Full-time,High School (ATAR),Female,Domestic,21,Low (<$40k),TAFE / Certificate,None,Part-time (≤20 hrs),81.3,23.7,3.13,Yes,None,No,4,4,No,54.42,Pass,2.66
STU-00887,2023,4,Arts & Humanities,Part-time,Transfer / Credit,Male,International,21,Upper-Mid ($110–160k),Bachelor,Equity / Need-Based,Not Employed,64.0,11.8,3.31,Yes,Peer Tutoring,No,2,2,No,54.21,Pass,2.48
STU-00888,2023,2,Business,Full-time,High School (ATAR),Male,Domestic,24,Mid ($70–110k),Postgraduate,Merit-Based,Not Employed,73.7,18.2,3.45,Yes,None,No,4,4,No,72.47,Distinction,3.29
STU-00889,2024,1,Arts & Humanities,Part-time,High School (ATAR),Male,International,21,Upper-Mid ($110–160k),No Tertiary,None,Full-time (>20 hrs),54.3,20.7,3.37,Yes,None,No,2,0,Yes,33.38,Withdrawn,0.0
STU-00890,2022,2,Arts & Humanities,Full-time,High School (ATAR),Female,Domestic,21,Upper-Mid ($110–160k),Postgraduate,Equity / Need-Based,Part-time (≤20 hrs),72.1,10.8,3.46,Yes,Counselling,Yes,4,4,No,69.88,Pass,2.34
STU-00891,2024,4,Health Sciences,Full-time,High School (ATAR),Male,Domestic,24,Mid ($70–110k),No Tertiary,None,Full-time (>20 hrs),49.2,7.0,3.33,Yes,Peer Tutoring,No,4,3,Yes,34.39,Fail,0.68
STU-00892,2024,4,Health Sciences,Full-time,High School (ATAR),Female,International,24,Mid ($70–110k),No Tertiary,None,Part-time (≤20 hrs),77.2,17.7,2.99,Yes,None,No,4,3,No,50.51,Fail,1.01
STU-00893,2024,1,Information Technology,Part-time,Mature Age Entry,Male,Domestic,23,Lower-Mid ($40–70k),Bachelor,None,Full-time (>20 hrs),44.4,16.0,2.3,Yes,Academic Advisor,No,2,1,Yes,27.61,Fail,1.12
STU-00894,2023,3,Education,Full-time,High School (ATAR),Female,Domestic,24,High (>$160k),TAFE / Certificate,Merit-Based,Not Employed,71.1,9.7,4.0,Yes,None,No,4,4,No,68.77,Distinction,3.15
STU-00895,2023,3,Engineering,Full-time,High School (ATAR),Female,Domestic,24,Mid ($70–110k),TAFE / Certificate,None,Part-time (≤20 hrs),60.9,17.0,3.38,Yes,Peer Tutoring,No,4,4,No,52.65,Pass,2.13
STU-00896,2023,1,Business,Full-time,High School (ATAR),Female,Domestic,20,Upper-Mid ($110–160k),Bachelor,Merit-Based,Not Employed,69.6,25.6,2.39,Yes,None,No,4,4,No,74.21,Pass,2.78
STU-00897,2023,2,Engineering,Full-time,TAFE / Diploma,Male,Domestic,26,Upper-Mid ($110–160k),Postgraduate,Equity / Need-Based,Full-time (>20 hrs),74.6,14.2,3.26,Yes,None,No,4,4,Yes,65.13,Pass,2.24
STU-00898,2024,1,Health Sciences,Part-time,TAFE / Diploma,Male,Domestic,21,Lower-Mid ($40–70k),Bachelor,None,Full-time (>20 hrs),64.0,7.3,1.63,Yes,Academic Advisor,No,2,1,Yes,41.11,Fail,1.42
STU-00899,2022,2,Health Sciences,Full-time,High School (ATAR),Male,Domestic,22,Lower-Mid ($40–70k),No Tertiary,Merit-Based,Part-time (≤20 hrs),55.5,12.4,2.71,Yes,Academic Advisor,No,4,4,Yes,52.9,Pass,2.43
STU-00900,2023,3,Business,Full-time,Transfer / Credit,Non-binary / Other,International,23,Lower-Mid ($40–70k),Bachelor,None,Full-time (>20 hrs),69.7,13.8,2.22,Yes,Counselling,Yes,4,3,Yes,40.91,Fail,1.12
STU-00901,2023,2,Business,Part-time,Mature Age Entry,Male,Domestic,17,Lower-Mid ($40–70k),Postgraduate,None,Part-time (≤20 hrs),69.5,19.6,3.73,Yes,None,No,2,2,No,52.73,Pass,2.24
STU-00902,2023,1,Business,Full-time,International Pathway,Female,Domestic,20,Upper-Mid ($110–160k),No Tertiary,Equity / Need-Based,Not Employed,79.9,28.5,3.73,Yes,Multiple Services,Yes,4,4,No,58.12,Pass,2.14
STU-00903,2024,2,Business,Full-time,International Pathway,Male,Domestic,25,High (>$160k),Bachelor,None,Full-time (>20 hrs),70.6,12.5,2.5,Yes,None,No,4,0,Yes,42.36,Fail,1.43
STU-00904,2023,1,Business,Full-time,High School (ATAR),Male,International,18,Mid ($70–110k),Postgraduate,Equity / Need-Based,Full-time (>20 hrs),56.2,12.9,3.23,Yes,Academic Advisor,No,4,4,Yes,57.97,Pass,2.27
STU-00905,2024,2,Business,Full-time,High School (ATAR),Male,Domestic,23,Low (<$40k),TAFE / Certificate,None,Part-time (≤20 hrs),97.7,16.5,2.21,Yes,None,No,4,0,No,49.15,Fail,1.5
STU-00906,2023,1,Education,Full-time,High School (ATAR),Female,Domestic,22,Mid ($70–110k),Postgraduate,External,Part-time (≤20 hrs),80.3,27.1,3.25,Yes,None,No,4,4,No,64.88,Pass,2.12
STU-00907,2023,2,Business,Full-time,Mature Age Entry,Male,Domestic,29,Low (<$40k),No Tertiary,None,Not Employed,70.4,5.3,2.26,No,Counselling,Yes,4,4,Yes,45.24,Pass,2.16
STU-00908,2022,2,Business,Full-time,Transfer / Credit,Male,Domestic,24,Mid ($70–110k),TAFE / Certificate,Equity / Need-Based,Part-time (≤20 hrs),86.6,20.6,3.0,Yes,None,No,4,4,No,59.76,Pass,2.05
STU-00909,2022,1,Business,Full-time,High School (ATAR),Male,International,24,Lower-Mid ($40–70k),Bachelor,External,Part-time (≤20 hrs),72.8,14.3,3.38,Yes,Peer Tutoring,No,4,4,No,67.78,Pass,2.28
STU-00910,2024,1,Business,Full-time,High School (ATAR),Female,International,20,Upper-Mid ($110–160k),Bachelor,Merit-Based,Part-time (≤20 hrs),81.1,20.6,2.9,Yes,None,No,4,4,No,78.24,Pass,2.29
STU-00911,2024,1,Information Technology,Full-time,High School (ATAR),Female,Domestic,25,Upper-Mid ($110–160k),TAFE / Certificate,None,Part-time (≤20 hrs),81.7,17.7,2.51,Yes,None,No,4,4,No,58.09,Pass,2.64
STU-00912,2024,1,Information Technology,Full-time,TAFE / Diploma,Female,Domestic,21,Mid ($70–110k),Bachelor,Equity / Need-Based,Part-time (≤20 hrs),57.5,15.3,1.89,Yes,Peer Tutoring,No,4,3,Yes,48.86,Fail,1.64
STU-00913,2024,3,Arts & Humanities,Full-time,High School (ATAR),Male,Domestic,25,Mid ($70–110k),No Tertiary,None,Full-time (>20 hrs),36.3,17.2,1.74,Yes,Multiple Services,Yes,4,0,Yes,38.71,Fail,0.65
STU-00914,2024,2,Information Technology,Full-time,High School (ATAR),Male,Domestic,26,Mid ($70–110k),Bachelor,None,Part-time (≤20 hrs),90.8,15.8,2.88,Yes,Peer Tutoring,No,4,4,No,64.09,Pass,2.37
STU-00915,2024,2,Arts & Humanities,Full-time,TAFE / Diploma,Female,Domestic,25,Mid ($70–110k),Bachelor,Equity / Need-Based,Part-time (≤20 hrs),70.8,22.7,2.37,Yes,Academic Advisor,No,4,4,No,49.1,Pass,2.02
STU-00916,2022,3,Information Technology,Full-time,Transfer / Credit,Female,Domestic,25,Low (<$40k),No Tertiary,None,Part-time (≤20 hrs),90.4,23.2,2.5,Yes,Academic Advisor,No,4,4,No,53.26,Pass,2.05
STU-00917,2024,2,Business,Full-time,TAFE / Diploma,Male,Domestic,22,High (>$160k),No Tertiary,None,Not Employed,86.3,25.5,3.01,Yes,Peer Tutoring,No,4,4,No,74.44,Distinction,3.39
STU-00918,2024,2,Business,Full-time,TAFE / Diploma,Female,Domestic,22,Mid ($70–110k),Postgraduate,None,Part-time (≤20 hrs),64.0,19.5,2.93,Yes,Multiple Services,Yes,4,1,No,51.37,Fail,0.79
STU-00919,2024,3,Information Technology,Part-time,Mature Age Entry,Female,Domestic,22,Lower-Mid ($40–70k),Bachelor,None,Full-time (>20 hrs),82.2,8.3,2.36,Yes,Peer Tutoring,No,2,2,No,56.23,Pass,2.84
STU-00920,2022,4,Information Technology,Full-time,High School (ATAR),Male,International,29,Lower-Mid ($40–70k),TAFE / Certificate,None,Part-time (≤20 hrs),87.9,13.4,4.0,Yes,Academic Advisor,No,4,4,No,60.1,Pass,2.26
STU-00921,2023,2,Business,Part-time,Mature Age Entry,Female,Domestic,30,Mid ($70–110k),No Tertiary,None,Part-time (≤20 hrs),55.4,20.8,3.07,Yes,None,No,2,1,Yes,51.3,Fail,1.16
STU-00922,2024,2,Information Technology,Full-time,High School (ATAR),Male,Domestic,23,Upper-Mid ($110–160k),No Tertiary,None,Not Employed,72.3,21.3,4.0,Yes,Academic Advisor,No,4,4,No,64.43,Pass,2.32
STU-00923,2022,2,Arts & Humanities,Part-time,TAFE / Diploma,Male,Domestic,25,Upper-Mid ($110–160k),Postgraduate,External,Full-time (>20 hrs),59.3,10.9,2.42,Yes,Academic Advisor,No,2,2,Yes,45.64,Pass,2.08
STU-00924,2022,4,Information Technology,Full-time,High School (ATAR),Male,International,23,High (>$160k),Bachelor,External,Part-time (≤20 hrs),55.2,16.8,4.0,Yes,None,No,4,4,Yes,64.77,Pass,2.12
STU-00925,2022,2,Business,Full-time,High School (ATAR),Female,Domestic,27,Mid ($70–110k),Bachelor,None,Not Employed,49.2,16.1,3.02,Yes,Counselling,Yes,4,4,Yes,54.43,Pass,2.73
STU-00926,2023,4,Engineering,Full-time,High School (ATAR),Male,International,25,Mid ($70–110k),No Tertiary,None,Not Employed,74.9,16.5,3.13,Yes,Academic Advisor,No,4,4,No,59.15,Pass,2.82
STU-00927,2024,2,Engineering,Full-time,High School (ATAR),Male,Domestic,23,Upper-Mid ($110–160k),No Tertiary,Merit-Based,Part-time (≤20 hrs),77.3,20.5,3.12,Yes,None,No,4,4,No,52.77,Pass,2.55
STU-00928,2023,4,Arts & Humanities,Part-time,TAFE / Diploma,Male,Domestic,22,Upper-Mid ($110–160k),Postgraduate,None,Part-time (≤20 hrs),64.0,14.7,3.42,Yes,Multiple Services,Yes,2,0,No,50.77,Fail,0.76
STU-00929,2023,4,Engineering,Part-time,High School (ATAR),Female,Domestic,25,Upper-Mid ($110–160k),Bachelor,Equity / Need-Based,Full-time (>20 hrs),23.1,9.1,3.64,Yes,Academic Advisor,No,2,1,Yes,38.09,Fail,0.8
STU-00930,2023,3,Arts & Humanities,Part-time,Mature Age Entry,Female,Domestic,23,Lower-Mid ($40–70k),TAFE / Certificate,Merit-Based,Full-time (>20 hrs),59.1,5.0,3.49,Yes,Academic Advisor,No,2,0,Yes,35.19,Withdrawn,0.0
STU-00931,2024,3,Arts & Humanities,Part-time,High School (ATAR),Male,Domestic,24,Mid ($70–110k),Bachelor,Equity / Need-Based,Part-time (≤20 hrs),61.4,4.3,4.0,Yes,None,No,2,2,Yes,52.28,Pass,2.76
STU-00932,2023,3,Arts & Humanities,Full-time,International Pathway,Male,Domestic,25,Mid ($70–110k),No Tertiary,None,Part-time (≤20 hrs),87.0,16.5,2.51,Yes,Multiple Services,Yes,4,4,No,56.38,Pass,2.3
STU-00933,2023,3,Engineering,Full-time,High School (ATAR),Female,Domestic,21,Mid ($70–110k),No Tertiary,External,Full-time (>20 hrs),59.7,13.2,3.27,Yes,None,No,4,0,Yes,35.36,Fail,1.64
STU-00934,2023,3,Health Sciences,Full-time,Mature Age Entry,Male,International,23,High (>$160k),TAFE / Certificate,Merit-Based,Full-time (>20 hrs),76.6,19.1,3.72,Yes,Counselling,Yes,4,4,Yes,63.07,Pass,2.97
STU-00935,2022,2,Health Sciences,Full-time,Mature Age Entry,Male,Domestic,20,Upper-Mid ($110–160k),TAFE / Certificate,None,Not Employed,71.9,19.3,2.95,Yes,Academic Advisor,No,4,4,No,60.29,Pass,2.14
STU-00936,2023,3,Health Sciences,Full-time,TAFE / Diploma,Male,International,20,Mid ($70–110k),Postgraduate,None,Part-time (≤20 hrs),82.3,11.6,3.41,Yes,None,No,4,4,No,60.75,Pass,2.38
STU-00937,2022,3,Education,Full-time,Transfer / Credit,Male,International,22,Lower-Mid ($40–70k),Bachelor,Merit-Based,Part-time (≤20 hrs),93.1,18.0,2.78,Yes,Multiple Services,Yes,4,4,No,60.17,Pass,2.16
STU-00938,2022,2,Health Sciences,Full-time,Transfer / Credit,Male,Domestic,22,Upper-Mid ($110–160k),TAFE / Certificate,None,Part-time (≤20 hrs),90.2,14.2,1.6,Yes,Academic Advisor,No,4,4,No,63.95,Pass,2.12
STU-00939,2024,1,Health Sciences,Part-time,High School (ATAR),Male,Domestic,20,Mid ($70–110k),Postgraduate,None,Full-time (>20 hrs),48.0,7.4,2.48,Yes,Counselling,Yes,2,1,Yes,36.61,Fail,1.38
STU-00940,2024,2,Health Sciences,Full-time,High School (ATAR),Male,Domestic,24,Mid ($70–110k),TAFE / Certificate,None,Not Employed,84.7,15.7,2.13,Yes,None,No,4,4,No,63.41,Pass,2.49
STU-00941,2022,4,Information Technology,Full-time,Transfer / Credit,Female,Domestic,26,Low (<$40k),No Tertiary,None,Not Employed,80.8,21.2,2.24,Yes,None,No,4,3,No,51.35,Fail,1.83
STU-00942,2023,2,Engineering,Full-time,Mature Age Entry,Male,Domestic,22,Lower-Mid ($40–70k),Postgraduate,None,Not Employed,72.5,20.8,3.16,Yes,Academic Advisor,No,4,4,No,74.58,Pass,2.32
STU-00943,2023,3,Business,Full-time,High School (ATAR),Male,International,23,Upper-Mid ($110–160k),Bachelor,Merit-Based,Part-time (≤20 hrs),80.7,19.4,2.94,Yes,Peer Tutoring,No,4,4,No,65.32,Pass,2.5
STU-00944,2023,1,Health Sciences,Full-time,High School (ATAR),Female,International,22,Mid ($70–110k),No Tertiary,None,Part-time (≤20 hrs),81.1,17.7,3.62,Yes,None,No,4,4,No,66.97,Pass,2.33
STU-00945,2024,4,Engineering,Full-time,High School (ATAR),Male,Domestic,25,Mid ($70–110k),Bachelor,None,Part-time (≤20 hrs),94.2,15.9,3.05,Yes,None,No,4,4,No,69.62,Distinction,3.3
STU-00946,2023,1,Education,Full-time,Mature Age Entry,Female,Domestic,21,Mid ($70–110k),Postgraduate,None,Not Employed,73.0,17.9,2.18,Yes,Academic Advisor,No,4,4,No,54.1,Pass,2.08
STU-00947,2024,1,Education,Full-time,High School (ATAR),Male,International,24,Mid ($70–110k),Postgraduate,Merit-Based,Not Employed,72.8,19.8,3.75,Yes,Peer Tutoring,No,4,4,No,74.12,Distinction,3.18
STU-00948,2022,3,Arts & Humanities,Part-time,High School (ATAR),Female,Domestic,20,Mid ($70–110k),No Tertiary,Merit-Based,Full-time (>20 hrs),72.4,9.8,2.81,Yes,Academic Advisor,No,2,2,No,53.4,Pass,2.89
STU-00949,2023,2,Health Sciences,Full-time,TAFE / Diploma,Male,Domestic,22,Low (<$40k),No Tertiary,None,Part-time (≤20 hrs),77.2,16.1,1.8,Yes,None,No,4,4,No,43.62,Pass,2.75
STU-00950,2023,4,Engineering,Full-time,Mature Age Entry,Female,Domestic,28,Lower-Mid ($40–70k),TAFE / Certificate,None,Not Employed,56.7,16.9,3.33,Yes,Peer Tutoring,No,4,4,Yes,53.92,Pass,2.49
STU-00951,2022,1,Business,Part-time,Mature Age Entry,Male,Domestic,23,Lower-Mid ($40–70k),TAFE / Certificate,None,Part-time (≤20 hrs),67.2,12.7,2.97,Yes,None,No,2,1,No,40.25,Fail,1.89
STU-00952,2024,2,Business,Part-time,TAFE / Diploma,Male,Domestic,19,High (>$160k),Postgraduate,None,Part-time (≤20 hrs),81.0,11.0,3.08,Yes,Peer Tutoring,No,2,2,No,58.66,Pass,2.97
STU-00953,2023,4,Business,Full-time,High School (ATAR),Female,International,26,High (>$160k),TAFE / Certificate,None,Full-time (>20 hrs),55.6,18.9,2.47,Yes,Peer Tutoring,No,4,2,Yes,45.66,Fail,0.53
STU-00954,2023,4,Business,Part-time,High School (ATAR),Female,Domestic,24,Lower-Mid ($40–70k),Bachelor,None,Part-time (≤20 hrs),73.5,14.8,3.58,Yes,Counselling,Yes,2,2,No,69.02,Distinction,3.49
STU-00955,2022,2,Arts & Humanities,Part-time,High School (ATAR),Female,International,21,Mid ($70–110k),Bachelor,Equity / Need-Based,Full-time (>20 hrs),52.1,8.1,4.0,Yes,None,No,2,2,Yes,49.35,Pass,2.76
STU-00956,2023,2,Engineering,Full-time,TAFE / Diploma,Male,Domestic,23,Mid ($70–110k),Bachelor,External,Full-time (>20 hrs),65.2,6.5,2.81,Yes,Academic Advisor,No,4,0,Yes,29.74,Withdrawn,0.0
STU-00957,2022,4,Business,Full-time,TAFE / Diploma,Female,Domestic,26,Low (<$40k),Postgraduate,None,Not Employed,67.5,13.4,2.24,Yes,None,No,4,4,No,48.14,Pass,2.74
STU-00958,2022,2,Business,Part-time,High School (ATAR),Female,Domestic,19,Low (<$40k),TAFE / Certificate,None,Not Employed,74.4,13.4,3.04,Yes,Academic Advisor,No,2,1,No,50.48,Fail,1.91
STU-00959,2023,4,Engineering,Full-time,TAFE / Diploma,Male,Domestic,26,Lower-Mid ($40–70k),Bachelor,None,Part-time (≤20 hrs),88.4,9.0,3.09,Yes,Academic Advisor,No,4,4,No,61.16,Pass,2.6
STU-00960,2023,4,Information Technology,Full-time,High School (ATAR),Male,Domestic,22,High (>$160k),No Tertiary,None,Not Employed,71.8,22.7,3.55,Yes,Academic Advisor,No,4,4,No,72.36,Distinction,3.69
STU-00961,2023,2,Health Sciences,Full-time,Mature Age Entry,Male,International,28,Lower-Mid ($40–70k),No Tertiary,None,Part-time (≤20 hrs),64.1,13.2,1.73,Yes,Peer Tutoring,No,4,1,No,34.79,Fail,1.72
STU-00962,2023,2,Information Technology,Full-time,TAFE / Diploma,Male,International,24,Upper-Mid ($110–160k),No Tertiary,None,Full-time (>20 hrs),57.8,18.4,3.33,Yes,Multiple Services,Yes,4,3,Yes,46.14,Fail,1.79
STU-00963,2024,2,Information Technology,Full-time,TAFE / Diploma,Male,International,17,Low (<$40k),Postgraduate,Equity / Need-Based,Not Employed,53.2,1.9,2.62,Yes,Peer Tutoring,No,4,0,Yes,33.2,Fail,1.51
STU-00964,2023,1,Arts & Humanities,Full-time,TAFE / Diploma,Female,Domestic,19,Lower-Mid ($40–70k),Bachelor,None,Part-time (≤20 hrs),83.8,19.9,1.37,Yes,Multiple Services,Yes,4,4,No,64.88,Pass,2.22
STU-00965,2022,1,Information Technology,Full-time,High School (ATAR),Female,Domestic,22,Upper-Mid ($110–160k),Postgraduate,None,Part-time (≤20 hrs),65.5,28.3,2.36,Yes,Peer Tutoring,No,4,4,No,58.97,Pass,2.39
STU-00966,2023,4,Information Technology,Full-time,TAFE / Diploma,Male,Domestic,26,High (>$160k),Bachelor,None,Not Employed,60.6,29.4,2.69,Yes,Peer Tutoring,No,4,4,No,66.01,Pass,2.07
STU-00967,2023,3,Health Sciences,Full-time,International Pathway,Male,Domestic,23,Lower-Mid ($40–70k),Postgraduate,External,Part-time (≤20 hrs),68.8,12.4,4.0,Yes,Peer Tutoring,No,4,4,No,67.67,Pass,2.68
STU-00968,2022,2,Arts & Humanities,Full-time,TAFE / Diploma,Male,Domestic,25,Mid ($70–110k),Postgraduate,Equity / Need-Based,Full-time (>20 hrs),55.0,1.0,2.89,Yes,Multiple Services,Yes,4,3,Yes,38.58,Fail,1.93
STU-00969,2023,2,Education,Full-time,Mature Age Entry,Male,Domestic,19,Mid ($70–110k),No Tertiary,None,Full-time (>20 hrs),41.3,11.5,3.25,Yes,Academic Advisor,No,4,1,Yes,41.79,Fail,1.25
STU-00970,2024,1,Business,Full-time,TAFE / Diploma,Female,Domestic,21,Low (<$40k),Postgraduate,None,Not Employed,74.1,12.3,3.54,Yes,None,No,4,4,No,56.22,Pass,2.75
STU-00971,2024,2,Business,Part-time,High School (ATAR),Non-binary / Other,Domestic,23,Upper-Mid ($110–160k),Postgraduate,None,Not Employed,75.0,14.0,3.12,Yes,None,No,2,2,No,60.7,Pass,2.35
STU-00972,2022,1,Information Technology,Full-time,TAFE / Diploma,Female,Domestic,26,Low (<$40k),No Tertiary,Merit-Based,Not Employed,59.8,21.0,4.0,No,Multiple Services,Yes,4,4,Yes,56.58,Pass,2.43
STU-00973,2023,2,Health Sciences,Part-time,International Pathway,Non-binary / Other,International,24,High (>$160k),TAFE / Certificate,External,Part-time (≤20 hrs),80.8,13.5,2.77,Yes,Academic Advisor,No,2,2,No,68.45,Distinction,3.5
STU-00974,2022,4,Business,Full-time,Mature Age Entry,Female,Domestic,31,Low (<$40k),TAFE / Certificate,None,Part-time (≤20 hrs),54.7,9.5,2.19,Yes,Academic Advisor,No,4,2,Yes,29.82,Fail,0.69
STU-00975,2022,2,Business,Full-time,High School (ATAR),Male,Domestic,20,Lower-Mid ($40–70k),Bachelor,Merit-Based,Part-time (≤20 hrs),87.0,17.8,2.65,Yes,Multiple Services,Yes,4,4,No,57.06,Pass,2.21
STU-00976,2022,4,Arts & Humanities,Full-time,High School (ATAR),Female,Domestic,25,High (>$160k),Bachelor,None,Part-time (≤20 hrs),77.3,19.6,3.5,Yes,None,No,4,4,No,65.25,Pass,2.62
STU-00977,2023,1,Arts & Humanities,Full-time,High School (ATAR),Female,Domestic,19,Low (<$40k),Bachelor,None,Not Employed,70.7,8.5,2.46,Yes,None,No,4,2,No,38.65,Fail,0.99
STU-00978,2023,2,Information Technology,Full-time,Transfer / Credit,Non-binary / Other,Domestic,25,Mid ($70–110k),Postgraduate,None,Not Employed,66.3,25.1,2.26,Yes,Peer Tutoring,No,4,4,No,68.69,Pass,2.86
STU-00979,2024,2,Engineering,Full-time,International Pathway,Male,Domestic,24,Mid ($70–110k),TAFE / Certificate,Equity / Need-Based,Not Employed,63.0,12.8,2.92,Yes,Peer Tutoring,No,4,4,No,58.45,Pass,2.73
STU-00980,2023,3,Education,Full-time,Mature Age Entry,Male,Domestic,23,Mid ($70–110k),TAFE / Certificate,None,Full-time (>20 hrs),93.4,13.8,1.58,Yes,Peer Tutoring,No,4,1,Yes,42.35,Fail,1.31
STU-00981,2022,3,Business,Full-time,High School (ATAR),Male,Domestic,20,Lower-Mid ($40–70k),Bachelor,External,Part-time (≤20 hrs),100.0,23.7,3.84,Yes,Academic Advisor,No,4,4,No,79.55,Pass,2.45
STU-00982,2024,2,Engineering,Part-time,High School (ATAR),Female,International,24,Mid ($70–110k),Postgraduate,Equity / Need-Based,Part-time (≤20 hrs),67.1,14.1,3.06,Yes,None,No,2,2,No,52.21,Pass,2.13
STU-00983,2023,3,Information Technology,Full-time,TAFE / Diploma,Female,Domestic,24,Low (<$40k),Postgraduate,Merit-Based,Part-time (≤20 hrs),69.1,18.5,3.31,No,Academic Advisor,No,4,4,No,58.31,Pass,2.97
STU-00984,2024,1,Business,Full-time,High School (ATAR),Female,Domestic,24,High (>$160k),No Tertiary,None,Not Employed,48.8,19.5,3.17,Yes,Peer Tutoring,No,4,3,Yes,49.89,Fail,0.87
STU-00985,2022,4,Health Sciences,Part-time,High School (ATAR),Male,Domestic,25,Lower-Mid ($40–70k),TAFE / Certificate,None,Not Employed,74.7,16.3,3.24,Yes,Multiple Services,Yes,2,2,No,48.85,Pass,2.25
STU-00986,2024,1,Engineering,Part-time,TAFE / Diploma,Male,Domestic,25,Lower-Mid ($40–70k),Postgraduate,None,Part-time (≤20 hrs),87.3,9.5,3.66,Yes,None,No,2,2,No,55.87,Pass,2.33
STU-00987,2022,1,Business,Part-time,Transfer / Credit,Male,International,22,Upper-Mid ($110–160k),No Tertiary,Merit-Based,Full-time (>20 hrs),38.7,7.8,2.05,Yes,None,No,2,0,Yes,34.83,Withdrawn,0.0
STU-00988,2024,3,Health Sciences,Full-time,High School (ATAR),Male,International,24,Mid ($70–110k),Postgraduate,Equity / Need-Based,Part-time (≤20 hrs),99.6,13.3,3.04,Yes,None,No,4,4,No,63.25,Pass,2.28
STU-00989,2022,1,Business,Full-time,Transfer / Credit,Male,Domestic,20,Mid ($70–110k),Postgraduate,External,Not Employed,57.4,16.0,3.53,Yes,Academic Advisor,No,4,4,Yes,54.07,Pass,2.47
STU-00990,2022,1,Engineering,Full-time,TAFE / Diploma,Female,Domestic,20,Mid ($70–110k),No Tertiary,None,Not Employed,71.9,22.5,1.68,Yes,Counselling,Yes,4,4,No,47.84,Pass,2.39
STU-00991,2023,1,Engineering,Full-time,Transfer / Credit,Female,Domestic,17,Mid ($70–110k),Bachelor,None,Not Employed,84.1,16.7,2.74,Yes,Academic Advisor,No,4,4,No,72.42,Distinction,3.12
STU-00992,2022,4,Business,Full-time,Transfer / Credit,Female,International,23,Low (<$40k),Postgraduate,Equity / Need-Based,Not Employed,54.9,14.2,3.23,Yes,Academic Advisor,No,4,4,Yes,60.02,Pass,2.29
STU-00993,2023,3,Education,Full-time,High School (ATAR),Male,Domestic,22,Mid ($70–110k),TAFE / Certificate,External,Part-time (≤20 hrs),67.1,15.5,3.01,Yes,Multiple Services,Yes,4,4,No,64.69,Pass,2.87
STU-00994,2023,4,Information Technology,Full-time,Mature Age Entry,Male,Domestic,18,Upper-Mid ($110–160k),Bachelor,Merit-Based,Full-time (>20 hrs),68.4,18.4,4.0,Yes,None,No,4,4,Yes,45.21,Pass,2.18
STU-00995,2024,1,Information Technology,Part-time,Mature Age Entry,Male,International,22,Mid ($70–110k),No Tertiary,Merit-Based,Part-time (≤20 hrs),79.5,14.1,2.72,Yes,None,No,2,1,No,47.86,Fail,0.66
STU-00996,2023,2,Arts & Humanities,Full-time,High School (ATAR),Female,International,22,Lower-Mid ($40–70k),TAFE / Certificate,None,Part-time (≤20 hrs),73.9,26.1,2.52,Yes,None,No,4,4,No,70.82,Pass,2.63
STU-00997,2022,2,Arts & Humanities,Full-time,High School (ATAR),Male,Domestic,19,Lower-Mid ($40–70k),Bachelor,None,Part-time (≤20 hrs),52.7,15.8,2.78,Yes,None,No,4,4,Yes,57.65,Pass,2.83
STU-00998,2022,2,Arts & Humanities,Part-time,Mature Age Entry,Female,Domestic,26,Lower-Mid ($40–70k),Bachelor,None,Not Employed,65.8,14.9,2.97,Yes,Multiple Services,Yes,2,2,No,57.36,Pass,2.44
STU-00999,2023,3,Information Technology,Part-time,TAFE / Diploma,Male,Domestic,22,Low (<$40k),Bachelor,None,Full-time (>20 hrs),58.7,7.5,2.53,Yes,Peer Tutoring,No,2,0,Yes,24.29,Withdrawn,0.0
STU-01000,2024,2,Information Technology,Part-time,High School (ATAR),Female,Domestic,23,Mid ($70–110k),Bachelor,Merit-Based,Not Employed,57.7,26.8,3.09,Yes,None,No,2,2,Yes,56.93,Pass,2.24
STU-01001,2022,2,Engineering,Full-time,High School (ATAR),Female,International,21,Low (<$40k),TAFE / Certificate,Merit-Based,Part-time (≤20 hrs),95.9,22.3,2.52,Yes,Academic Advisor,No,4,4,No,73.76,Pass,2.57
STU-01002,2022,3,Engineering,Full-time,High School (ATAR),Male,International,25,Lower-Mid ($40–70k),No Tertiary,None,Part-time (≤20 hrs),75.2,22.2,3.03,Yes,None,No,4,4,No,57.11,Pass,2.79
STU-01003,2024,3,Engineering,Full-time,TAFE / Diploma,Male,Domestic,24,Upper-Mid ($110–160k),Postgraduate,None,Not Employed,78.4,25.8,2.32,Yes,Peer Tutoring,No,4,4,No,59.26,Pass,2.94
STU-01004,2023,3,Engineering,Full-time,High School (ATAR),Male,International,25,Upper-Mid ($110–160k),No Tertiary,None,Full-time (>20 hrs),71.6,6.4,2.88,Yes,Peer Tutoring,No,4,2,Yes,37.24,Fail,1.87
STU-01005,2022,1,Information Technology,Full-time,Transfer / Credit,Female,Domestic,20,High (>$160k),TAFE / Certificate,Merit-Based,Full-time (>20 hrs),55.4,14.7,3.65,Yes,Peer Tutoring,No,4,4,Yes,53.52,Pass,2.11
STU-01006,2024,3,Business,Full-time,TAFE / Diploma,Female,Domestic,26,Low (<$40k),Postgraduate,Equity / Need-Based,Not Employed,72.9,19.4,2.7,Yes,Academic Advisor,No,4,4,No,58.23,Pass,2.04
STU-01007,2022,4,Engineering,Part-time,Transfer / Credit,Female,Domestic,28,Mid ($70–110k),No Tertiary,None,Part-time (≤20 hrs),72.7,9.5,2.95,Yes,None,No,2,2,No,38.32,Pass,2.84
STU-01008,2022,3,Education,Part-time,High School (ATAR),Male,Domestic,27,Mid ($70–110k),Bachelor,Merit-Based,Not Employed,61.3,17.2,4.0,Yes,Multiple Services,Yes,2,2,No,69.14,Pass,2.3
STU-01009,2024,1,Business,Full-time,High School (ATAR),Female,Domestic,20,Mid ($70–110k),Postgraduate,None,Part-time (≤20 hrs),97.0,19.7,3.68,Yes,None,No,4,4,No,56.44,Pass,2.26
STU-01010,2022,1,Arts & Humanities,Full-time,Mature Age Entry,Female,International,27,Mid ($70–110k),Bachelor,None,Not Employed,100.0,16.8,4.0,Yes,Counselling,Yes,4,4,No,68.17,Pass,2.79
STU-01011,2022,2,Education,Part-time,Transfer / Credit,Female,Domestic,18,High (>$160k),No Tertiary,None,Not Employed,63.4,20.1,2.75,Yes,None,No,2,2,No,54.87,Pass,2.78
STU-01012,2022,2,Health Sciences,Full-time,High School (ATAR),Female,International,22,Lower-Mid ($40–70k),Postgraduate,None,Full-time (>20 hrs),82.0,19.4,4.0,Yes,None,No,4,4,Yes,62.83,Pass,2.04
STU-01013,2024,3,Engineering,Full-time,Mature Age Entry,Male,Domestic,22,Low (<$40k),No Tertiary,Equity / Need-Based,Not Employed,51.4,10.8,2.55,No,Academic Advisor,No,4,2,Yes,43.23,Fail,1.1
STU-01014,2024,4,Arts & Humanities,Full-time,TAFE / Diploma,Male,Domestic,25,Low (<$40k),Postgraduate,Merit-Based,Part-time (≤20 hrs),68.5,17.5,3.95,Yes,None,No,4,4,No,58.54,Pass,2.2
STU-01015,2023,1,Arts & Humanities,Part-time,High School (ATAR),Female,Domestic,24,Mid ($70–110k),Bachelor,None,Part-time (≤20 hrs),71.7,12.2,4.0,Yes,Peer Tutoring,No,2,2,No,54.9,Pass,2.06
STU-01016,2023,2,Arts & Humanities,Full-time,High School (ATAR),Female,Domestic,25,Upper-Mid ($110–160k),Bachelor,None,Part-time (≤20 hrs),56.5,19.8,2.03,Yes,Peer Tutoring,No,4,3,Yes,46.52,Fail,0.55
STU-01017,2022,3,Information Technology,Part-time,Transfer / Credit,Male,International,21,Mid ($70–110k),Postgraduate,None,Not Employed,73.0,15.9,2.58,Yes,None,No,2,2,No,53.13,Pass,2.36
STU-01018,2023,3,Information Technology,Full-time,High School (ATAR),Male,International,21,Lower-Mid ($40–70k),Bachelor,Equity / Need-Based,Not Employed,66.1,16.6,2.99,Yes,Counselling,Yes,4,4,No,45.35,Pass,2.82
STU-01019,2022,2,Business,Part-time,Mature Age Entry,Female,Domestic,26,Lower-Mid ($40–70k),Postgraduate,None,Full-time (>20 hrs),57.9,8.4,3.08,Yes,Multiple Services,Yes,2,2,Yes,47.7,Pass,2.43
STU-01020,2024,2,Business,Full-time,Mature Age Entry,Male,International,32,Upper-Mid ($110–160k),Bachelor,None,Not Employed,69.4,14.8,2.79,Yes,Peer Tutoring,No,4,4,No,62.31,Pass,2.76
STU-01021,2023,3,Arts & Humanities,Part-time,High School (ATAR),Male,Domestic,22,Upper-Mid ($110–160k),Bachelor,None,Part-time (≤20 hrs),87.8,5.5,3.29,Yes,None,No,2,2,Yes,55.22,Pass,2.62
STU-01022,2024,3,Arts & Humanities,Part-time,Mature Age Entry,Male,Domestic,29,Low (<$40k),No Tertiary,None,Not Employed,77.3,14.2,2.37,No,None,No,2,2,No,54.9,Pass,2.6
STU-01023,2022,1,Engineering,Full-time,Mature Age Entry,Male,Domestic,27,Lower-Mid ($40–70k),TAFE / Certificate,None,Part-time (≤20 hrs),85.4,27.0,2.69,Yes,Academic Advisor,No,4,4,No,68.33,Distinction,3.43
STU-01024,2023,1,Engineering,Full-time,TAFE / Diploma,Female,Domestic,23,Low (<$40k),Bachelor,None,Not Employed,69.4,20.8,2.13,Yes,Academic Advisor,No,4,4,No,53.49,Pass,2.73
STU-01025,2024,3,Engineering,Full-time,High School (ATAR),Male,International,22,Mid ($70–110k),Postgraduate,Equity / Need-Based,Part-time (≤20 hrs),99.0,15.7,2.72,Yes,Academic Advisor,No,4,4,No,61.7,Pass,2.94
STU-01026,2023,2,Engineering,Part-time,High School (ATAR),Female,Domestic,21,High (>$160k),TAFE / Certificate,None,Not Employed,69.1,13.0,3.44,Yes,None,No,2,0,No,44.99,Fail,0.56
STU-01027,2023,2,Business,Part-time,Transfer / Credit,Female,Domestic,24,Low (<$40k),Bachelor,None,Full-time (>20 hrs),66.3,5.8,2.31,Yes,Academic Advisor,No,2,0,Yes,43.38,Fail,0.88
STU-01028,2023,1,Health Sciences,Full-time,High School (ATAR),Male,International,24,Mid ($70–110k),Postgraduate,None,Not Employed,100.0,17.8,3.5,Yes,Academic Advisor,No,4,4,No,73.0,Distinction,3.11
STU-01029,2023,3,Information Technology,Full-time,High School (ATAR),Male,Domestic,21,Upper-Mid ($110–160k),No Tertiary,Merit-Based,Not Employed,76.2,17.0,3.36,Yes,Academic Advisor,No,4,4,No,63.59,Pass,2.86
STU-01030,2023,2,Business,Full-time,High School (ATAR),Female,Domestic,20,High (>$160k),No Tertiary,None,Full-time (>20 hrs),59.9,17.2,2.74,Yes,Multiple Services,Yes,4,4,Yes,41.62,Pass,2.56
STU-01031,2024,3,Information Technology,Full-time,High School (ATAR),Female,Domestic,25,Low (<$40k),TAFE / Certificate,None,Part-time (≤20 hrs),60.3,27.2,3.95,Yes,None,No,4,4,No,54.6,Pass,2.47
STU-01032,2022,2,Information Technology,Full-time,High School (ATAR),Female,Domestic,25,High (>$160k),Bachelor,None,Part-time (≤20 hrs),61.7,14.2,2.48,Yes,Counselling,Yes,4,3,No,42.65,Fail,1.9
STU-01033,2023,2,Business,Full-time,High School (ATAR),Male,Domestic,19,Lower-Mid ($40–70k),Bachelor,None,Full-time (>20 hrs),91.6,14.8,3.74,Yes,Peer Tutoring,No,4,4,Yes,58.42,Pass,2.22
STU-01034,2023,1,Business,Full-time,TAFE / Diploma,Female,Domestic,22,Upper-Mid ($110–160k),TAFE / Certificate,External,Part-time (≤20 hrs),74.9,24.9,2.89,Yes,Counselling,Yes,4,4,No,71.15,Pass,2.1
STU-01035,2024,4,Information Technology,Full-time,Mature Age Entry,Male,International,22,Low (<$40k),Bachelor,Equity / Need-Based,Not Employed,67.3,14.9,3.12,Yes,Peer Tutoring,No,4,4,No,62.54,Pass,2.93
STU-01036,2022,2,Information Technology,Full-time,High School (ATAR),Female,Domestic,21,Low (<$40k),TAFE / Certificate,Merit-Based,Not Employed,68.9,14.5,3.1,Yes,None,No,4,4,No,53.78,Pass,2.64
STU-01037,2024,2,Education,Part-time,High School (ATAR),Male,Domestic,22,Mid ($70–110k),TAFE / Certificate,None,Part-time (≤20 hrs),66.2,15.5,1.88,Yes,None,No,2,0,No,46.86,Fail,0.97
STU-01038,2024,1,Health Sciences,Part-time,Transfer / Credit,Female,Domestic,22,Upper-Mid ($110–160k),Bachelor,None,Part-time (≤20 hrs),52.5,14.8,2.25,Yes,None,No,2,2,Yes,38.32,Pass,2.86
STU-01039,2023,2,Engineering,Part-time,TAFE / Diploma,Non-binary / Other,International,24,Mid ($70–110k),No Tertiary,None,Part-time (≤20 hrs),69.7,10.5,3.01,Yes,Peer Tutoring,No,2,1,No,44.94,Fail,1.92
STU-01040,2023,1,Arts & Humanities,Part-time,TAFE / Diploma,Male,International,23,Mid ($70–110k),Postgraduate,None,Part-time (≤20 hrs),77.6,10.9,2.85,Yes,Multiple Services,Yes,2,2,No,56.78,Pass,2.77
STU-01041,2022,3,Arts & Humanities,Full-time,TAFE / Diploma,Female,Domestic,25,Mid ($70–110k),TAFE / Certificate,None,Part-time (≤20 hrs),70.7,17.4,2.75,Yes,None,No,4,4,No,56.56,Pass,2.28
STU-01042,2024,2,Health Sciences,Part-time,Transfer / Credit,Female,Domestic,20,Low (<$40k),Postgraduate,None,Not Employed,58.5,20.4,4.0,Yes,None,No,2,2,Yes,61.03,Pass,2.61
STU-01043,2022,4,Arts & Humanities,Part-time,TAFE / Diploma,Non-binary / Other,Domestic,26,Lower-Mid ($40–70k),Bachelor,Merit-Based,Not Employed,87.4,21.4,3.51,Yes,Peer Tutoring,No,2,2,No,74.96,Distinction,3.59
STU-01044,2022,1,Information Technology,Full-time,High School (ATAR),Male,Domestic,24,Mid ($70–110k),No Tertiary,None,Not Employed,71.6,13.2,3.53,Yes,None,No,4,4,No,47.77,Pass,2.7
STU-01045,2022,4,Business,Full-time,TAFE / Diploma,Male,Domestic,26,High (>$160k),Bachelor,None,Not Employed,78.4,15.4,2.69,Yes,None,No,4,4,No,64.83,Pass,2.87
STU-01046,2023,1,Arts & Humanities,Full-time,High School (ATAR),Female,Domestic,21,High (>$160k),Bachelor,None,Part-time (≤20 hrs),78.3,22.9,3.2,Yes,None,No,4,4,No,60.96,Pass,2.51
STU-01047,2024,2,Engineering,Full-time,TAFE / Diploma,Male,Domestic,23,Upper-Mid ($110–160k),TAFE / Certificate,None,Part-time (≤20 hrs),61.3,13.6,3.04,Yes,None,No,4,4,No,40.36,Pass,2.12
STU-01048,2023,2,Engineering,Full-time,Mature Age Entry,Female,Domestic,18,High (>$160k),TAFE / Certificate,Merit-Based,Full-time (>20 hrs),86.2,19.3,3.06,Yes,None,No,4,4,Yes,62.53,Pass,2.64
STU-01049,2023,3,Engineering,Full-time,High School (ATAR),Female,Domestic,25,Upper-Mid ($110–160k),No Tertiary,None,Not Employed,50.0,12.2,4.0,Yes,None,No,4,4,Yes,54.68,Pass,2.52
STU-01050,2024,2,Engineering,Part-time,High School (ATAR),Female,Domestic,25,High (>$160k),Bachelor,None,Part-time (≤20 hrs),62.2,16.0,3.7,Yes,Multiple Services,Yes,2,2,No,60.57,Pass,2.66
STU-01051,2024,1,Health Sciences,Full-time,High School (ATAR),Male,Domestic,23,Low (<$40k),No Tertiary,None,Not Employed,65.0,16.9,2.43,No,None,No,4,4,No,52.16,Pass,2.13
STU-01052,2024,1,Education,Full-time,High School (ATAR),Male,Domestic,24,Lower-Mid ($40–70k),No Tertiary,None,Not Employed,32.7,19.6,2.58,Yes,None,No,4,4,Yes,46.04,Pass,2.73
STU-01053,2024,4,Engineering,Full-time,International Pathway,Male,Domestic,21,Mid ($70–110k),TAFE / Certificate,Merit-Based,Part-time (≤20 hrs),73.5,15.7,3.65,Yes,Multiple Services,Yes,4,4,No,68.11,Pass,2.65
STU-01054,2024,1,Engineering,Full-time,High School (ATAR),Male,Domestic,25,Mid ($70–110k),No Tertiary,None,Full-time (>20 hrs),36.8,23.3,2.6,Yes,None,No,4,4,Yes,40.92,Pass,2.4
STU-01055,2024,4,Health Sciences,Full-time,High School (ATAR),Female,Domestic,21,High (>$160k),No Tertiary,None,Not Employed,86.5,14.6,1.7,Yes,None,No,4,4,No,59.32,Pass,2.48
STU-01056,2024,3,Health Sciences,Part-time,Mature Age Entry,Male,International,24,Mid ($70–110k),Bachelor,Merit-Based,Part-time (≤20 hrs),60.6,15.7,2.0,Yes,None,No,2,0,No,40.6,Fail,0.79
STU-01057,2022,3,Business,Full-time,TAFE / Diploma,Male,Domestic,22,Mid ($70–110k),TAFE / Certificate,Equity / Need-Based,Part-time (≤20 hrs),74.1,7.0,3.36,Yes,Counselling,Yes,4,4,Yes,57.89,Pass,2.92
STU-01058,2024,1,Business,Part-time,High School (ATAR),Male,Domestic,24,High (>$160k),Bachelor,None,Part-time (≤20 hrs),53.3,17.1,2.36,Yes,None,No,2,1,Yes,39.22,Fail,1.92
STU-01059,2023,1,Information Technology,Full-time,Transfer / Credit,Female,Domestic,23,Upper-Mid ($110–160k),TAFE / Certificate,None,Part-time (≤20 hrs),92.2,18.0,2.12,Yes,None,No,4,4,No,58.26,Pass,2.18
STU-01060,2022,2,Health Sciences,Full-time,High School (ATAR),Male,Domestic,22,Mid ($70–110k),Postgraduate,Equity / Need-Based,Not Employed,80.5,22.8,3.64,Yes,Academic Advisor,No,4,4,No,78.82,Distinction,3.37
STU-01061,2024,3,Business,Full-time,High School (ATAR),Non-binary / Other,International,24,Lower-Mid ($40–70k),Bachelor,None,Full-time (>20 hrs),56.8,14.6,2.81,Yes,None,No,4,4,Yes,64.79,Pass,2.7
STU-01062,2022,2,Education,Part-time,Mature Age Entry,Female,Domestic,17,Mid ($70–110k),Postgraduate,None,Part-time (≤20 hrs),83.7,8.3,3.52,Yes,None,No,2,0,No,47.04,Fail,1.32
STU-01063,2024,2,Business,Part-time,Transfer / Credit,Male,Domestic,22,Mid ($70–110k),TAFE / Certificate,None,Part-time (≤20 hrs),40.1,15.4,3.53,Yes,Multiple Services,Yes,2,2,Yes,46.98,Pass,2.64
STU-01064,2023,1,Engineering,Full-time,High School (ATAR),Male,International,19,Upper-Mid ($110–160k),Postgraduate,None,Not Employed,67.5,16.4,3.81,Yes,Peer Tutoring,No,4,4,No,67.0,Pass,2.73
STU-01065,2023,1,Business,Full-time,High School (ATAR),Female,Domestic,25,Mid ($70–110k),Bachelor,None,Part-time (≤20 hrs),63.2,16.4,3.62,Yes,None,No,4,4,No,51.27,Pass,2.0
STU-01066,2024,2,Arts & Humanities,Full-time,High School (ATAR),Female,Domestic,24,Mid ($70–110k),No Tertiary,None,Not Employed,69.0,16.9,2.92,Yes,None,No,4,4,No,60.25,Pass,2.27
STU-01067,2023,2,Education,Full-time,Transfer / Credit,Male,International,26,High (>$160k),No Tertiary,None,Not Employed,82.6,19.3,3.58,Yes,None,No,4,4,No,63.93,Pass,2.67
STU-01068,2023,1,Business,Full-time,Transfer / Credit,Male,Domestic,20,Mid ($70–110k),Bachelor,None,Part-time (≤20 hrs),70.7,19.9,1.5,Yes,None,No,4,0,No,48.24,Fail,0.83
STU-01069,2024,3,Health Sciences,Full-time,High School (ATAR),Female,International,25,Mid ($70–110k),No Tertiary,None,Full-time (>20 hrs),76.8,7.1,2.57,Yes,None,No,4,0,Yes,36.85,Withdrawn,0.0
STU-01070,2023,1,Business,Full-time,High School (ATAR),Male,Domestic,20,Low (<$40k),Bachelor,Equity / Need-Based,Part-time (≤20 hrs),88.8,13.7,3.03,Yes,Academic Advisor,No,4,4,No,65.48,Pass,2.81
STU-01071,2023,2,Engineering,Full-time,High School (ATAR),Female,Domestic,21,Upper-Mid ($110–160k),Postgraduate,Merit-Based,Full-time (>20 hrs),61.1,20.2,4.0,Yes,Counselling,Yes,4,4,Yes,53.53,Pass,2.58
STU-01072,2022,4,Business,Full-time,High School (ATAR),Male,Domestic,25,Lower-Mid ($40–70k),Bachelor,None,Part-time (≤20 hrs),70.8,19.1,2.51,Yes,Peer Tutoring,No,4,4,No,56.08,Pass,2.1
STU-01073,2024,3,Engineering,Part-time,Transfer / Credit,Male,Domestic,24,Upper-Mid ($110–160k),TAFE / Certificate,None,Full-time (>20 hrs),52.4,3.5,2.81,Yes,None,No,2,1,Yes,32.06,Fail,0.75
STU-01074,2023,1,Engineering,Full-time,Mature Age Entry,Male,International,22,Low (<$40k),No Tertiary,None,Full-time (>20 hrs),74.8,6.1,2.81,Yes,Peer Tutoring,No,4,4,Yes,41.41,Pass,2.8
STU-01075,2022,3,Health Sciences,Full-time,Transfer / Credit,Female,Domestic,26,Lower-Mid ($40–70k),TAFE / Certificate,Equity / Need-Based,Not Employed,83.7,13.3,2.91,Yes,Peer Tutoring,No,4,4,No,61.78,Pass,2.92
STU-01076,2022,1,Engineering,Full-time,International Pathway,Female,International,24,Upper-Mid ($110–160k),Postgraduate,Equity / Need-Based,Part-time (≤20 hrs),100.0,13.5,2.56,Yes,Academic Advisor,No,4,4,No,80.41,Pass,2.95
STU-01077,2023,1,Education,Part-time,High School (ATAR),Female,International,23,Mid ($70–110k),Bachelor,Merit-Based,Not Employed,57.6,18.0,3.12,Yes,Peer Tutoring,No,2,2,Yes,63.33,Pass,2.18
STU-01078,2024,1,Health Sciences,Full-time,High School (ATAR),Female,International,21,High (>$160k),Bachelor,Merit-Based,Part-time (≤20 hrs),84.1,15.8,3.45,Yes,Multiple Services,Yes,4,4,No,73.33,Distinction,3.29
STU-01079,2023,4,Engineering,Full-time,Transfer / Credit,Female,Domestic,27,Lower-Mid ($40–70k),Bachelor,Merit-Based,Not Employed,61.7,18.2,3.52,Yes,Counselling,Yes,4,4,No,68.47,Pass,2.29
STU-01080,2023,2,Arts & Humanities,Part-time,High School (ATAR),Female,Domestic,24,Low (<$40k),Bachelor,None,Not Employed,53.3,11.5,2.2,Yes,None,No,2,0,Yes,41.18,Fail,1.15
STU-01081,2023,1,Arts & Humanities,Part-time,High School (ATAR),Male,Domestic,24,Lower-Mid ($40–70k),Bachelor,External,Part-time (≤20 hrs),77.5,14.3,2.67,Yes,None,No,2,1,No,50.11,Fail,1.01
STU-01082,2024,3,Business,Full-time,High School (ATAR),Female,Domestic,23,Upper-Mid ($110–160k),Bachelor,Merit-Based,Not Employed,67.8,17.6,3.47,Yes,Peer Tutoring,No,4,4,No,74.72,Pass,2.12
STU-01083,2023,4,Arts & Humanities,Full-time,TAFE / Diploma,Male,Domestic,24,Mid ($70–110k),Bachelor,None,Part-time (≤20 hrs),71.9,18.3,2.51,Yes,Peer Tutoring,No,4,4,No,57.54,Pass,2.93
STU-01084,2022,2,Business,Full-time,Transfer / Credit,Male,International,24,Mid ($70–110k),Bachelor,Merit-Based,Part-time (≤20 hrs),80.5,13.0,2.63,Yes,Peer Tutoring,No,4,4,No,58.52,Pass,2.8
STU-01085,2024,1,Engineering,Full-time,High School (ATAR),Female,Domestic,21,Upper-Mid ($110–160k),Bachelor,None,Full-time (>20 hrs),77.3,16.0,3.18,Yes,Peer Tutoring,No,4,4,Yes,67.28,Pass,2.55
STU-01086,2023,2,Business,Full-time,International Pathway,Female,Domestic,22,Lower-Mid ($40–70k),Bachelor,Merit-Based,Not Employed,61.6,22.3,3.59,Yes,Academic Advisor,No,4,4,No,73.57,Pass,2.55
STU-01087,2024,2,Business,Part-time,Transfer / Credit,Female,International,20,Low (<$40k),No Tertiary,None,Full-time (>20 hrs),47.0,11.8,1.58,Yes,None,No,2,0,Yes,24.08,Withdrawn,0.0
STU-01088,2022,2,Arts & Humanities,Full-time,High School (ATAR),Male,Domestic,25,Mid ($70–110k),Bachelor,None,Part-time (≤20 hrs),75.1,14.9,3.23,Yes,None,No,4,4,No,57.61,Pass,2.98
STU-01089,2024,3,Health Sciences,Part-time,TAFE / Diploma,Male,Domestic,22,Lower-Mid ($40–70k),Bachelor,None,Not Employed,53.0,4.2,3.18,Yes,Academic Advisor,No,2,0,Yes,41.91,Fail,0.99
STU-01090,2023,1,Business,Part-time,Mature Age Entry,Male,International,22,Mid ($70–110k),Postgraduate,None,Part-time (≤20 hrs),76.0,17.7,4.0,Yes,None,No,2,2,No,68.12,Pass,2.95
STU-01091,2022,4,Business,Full-time,High School (ATAR),Female,Domestic,26,Upper-Mid ($110–160k),Bachelor,None,Not Employed,86.2,12.4,3.61,Yes,Academic Advisor,No,4,4,No,73.28,Pass,2.79
STU-01092,2024,2,Business,Full-time,Mature Age Entry,Male,International,30,Mid ($70–110k),Postgraduate,Equity / Need-Based,Part-time (≤20 hrs),62.9,23.2,2.69,Yes,None,No,4,4,No,60.79,Pass,2.88
STU-01093,2022,3,Engineering,Full-time,TAFE / Diploma,Male,Domestic,25,Mid ($70–110k),Bachelor,None,Not Employed,70.0,15.9,3.26,Yes,None,No,4,4,No,68.24,Pass,2.63
STU-01094,2023,3,Business,Full-time,TAFE / Diploma,Female,Domestic,21,High (>$160k),Bachelor,External,Not Employed,86.9,14.7,3.67,Yes,None,No,4,4,No,62.69,Pass,2.36
STU-01095,2024,3,Engineering,Full-time,Mature Age Entry,Female,Domestic,23,High (>$160k),Postgraduate,Equity / Need-Based,Not Employed,63.7,14.2,1.99,Yes,Multiple Services,Yes,4,4,No,55.12,Pass,2.6
STU-01096,2024,2,Health Sciences,Full-time,TAFE / Diploma,Female,Domestic,24,Mid ($70–110k),Bachelor,Merit-Based,Not Employed,72.3,10.2,4.0,Yes,None,No,4,4,No,63.29,Pass,2.17
STU-01097,2022,3,Engineering,Full-time,International Pathway,Female,Domestic,23,Mid ($70–110k),Bachelor,None,Part-time (≤20 hrs),86.7,26.3,2.2,Yes,None,No,4,4,No,67.53,Pass,2.51
STU-01098,2022,1,Business,Full-time,High School (ATAR),Female,International,19,Upper-Mid ($110–160k),TAFE / Certificate,None,Not Employed,93.3,16.9,2.31,Yes,Peer Tutoring,No,4,4,No,60.54,Pass,2.52
STU-01099,2024,1,Health Sciences,Full-time,High School (ATAR),Male,Domestic,23,High (>$160k),Postgraduate,None,Not Employed,71.4,19.3,3.75,Yes,None,No,4,4,No,64.37,Pass,2.66
STU-01100,2022,3,Health Sciences,Part-time,Mature Age Entry,Male,Domestic,22,Low (<$40k),Bachelor,External,Not Employed,76.5,13.3,3.51,Yes,None,No,2,2,No,60.03,Pass,2.62
STU-01101,2023,3,Business,Full-time,TAFE / Diploma,Male,Domestic,26,Lower-Mid ($40–70k),TAFE / Certificate,None,Not Employed,62.5,9.5,2.46,Yes,Academic Advisor,No,4,4,No,58.25,Pass,2.96
STU-01102,2023,4,Business,Full-time,High School (ATAR),Male,Domestic,26,Upper-Mid ($110–160k),No Tertiary,None,Full-time (>20 hrs),59.2,11.2,3.71,Yes,None,No,4,4,Yes,54.09,Pass,2.75
STU-01103,2022,3,Education,Part-time,TAFE / Diploma,Male,International,26,Low (<$40k),Bachelor,None,Part-time (≤20 hrs),61.5,14.3,2.85,No,Academic Advisor,No,2,2,No,54.27,Pass,2.06
STU-01104,2023,3,Education,Full-time,High School (ATAR),Male,Domestic,25,Upper-Mid ($110–160k),TAFE / Certificate,Equity / Need-Based,Part-time (≤20 hrs),72.1,7.3,2.95,Yes,Peer Tutoring,No,4,4,Yes,46.42,Pass,2.45
STU-01105,2022,4,Health Sciences,Full-time,Mature Age Entry,Male,International,23,Upper-Mid ($110–160k),Postgraduate,Equity / Need-Based,Part-time (≤20 hrs),70.4,20.3,1.24,Yes,None,No,4,4,No,52.23,Pass,2.62
STU-01106,2024,1,Health Sciences,Part-time,Transfer / Credit,Female,Domestic,22,Lower-Mid ($40–70k),Bachelor,None,Part-time (≤20 hrs),64.1,18.9,3.57,Yes,Counselling,Yes,2,2,No,54.74,Pass,2.17
STU-01107,2023,1,Education,Full-time,Mature Age Entry,Female,Domestic,22,Mid ($70–110k),No Tertiary,None,Not Employed,45.7,13.5,2.47,Yes,Multiple Services,Yes,4,1,Yes,37.66,Fail,1.78
STU-01108,2022,3,Information Technology,Full-time,Mature Age Entry,Male,Domestic,26,High (>$160k),No Tertiary,None,Part-time (≤20 hrs),78.4,18.2,3.47,Yes,Academic Advisor,No,4,4,No,65.23,Pass,2.42
STU-01109,2022,2,Information Technology,Part-time,International Pathway,Male,Domestic,22,Low (<$40k),Postgraduate,Merit-Based,Not Employed,62.9,20.3,3.95,No,Multiple Services,Yes,2,2,No,66.74,Pass,2.09
STU-01110,2023,4,Business,Part-time,Mature Age Entry,Female,International,21,Low (<$40k),Bachelor,None,Part-time (≤20 hrs),73.3,20.2,3.15,Yes,Peer Tutoring,No,2,2,No,61.57,Pass,2.84
STU-01111,2024,1,Health Sciences,Full-time,High School (ATAR),Male,Domestic,17,Lower-Mid ($40–70k),Postgraduate,None,Not Employed,73.0,13.7,3.15,Yes,Counselling,Yes,4,4,No,65.89,Pass,2.49
STU-01112,2023,1,Information Technology,Full-time,High School (ATAR),Male,Domestic,21,High (>$160k),TAFE / Certificate,Merit-Based,Part-time (≤20 hrs),65.8,20.9,2.28,Yes,Peer Tutoring,No,4,4,No,55.65,Pass,2.54
STU-01113,2024,3,Business,Full-time,High School (ATAR),Female,Domestic,23,Low (<$40k),Postgraduate,None,Part-time (≤20 hrs),55.4,20.3,2.69,Yes,None,No,4,2,Yes,43.44,Fail,1.3
STU-01114,2023,1,Health Sciences,Part-time,High School (ATAR),Male,International,20,Lower-Mid ($40–70k),No Tertiary,None,Not Employed,77.3,12.0,4.0,Yes,None,No,2,2,No,65.13,Pass,2.35
STU-01115,2024,1,Information Technology,Full-time,High School (ATAR),Male,Domestic,19,Low (<$40k),Bachelor,None,Part-time (≤20 hrs),68.8,11.6,3.83,No,None,No,4,0,No,50.75,Fail,1.41
STU-01116,2023,3,Engineering,Full-time,TAFE / Diploma,Female,Domestic,24,High (>$160k),TAFE / Certificate,None,Not Employed,84.5,19.4,3.39,Yes,None,No,4,4,No,57.45,Pass,2.5
STU-01117,2022,4,Health Sciences,Full-time,TAFE / Diploma,Male,Domestic,26,Mid ($70–110k),Postgraduate,None,Full-time (>20 hrs),59.8,9.0,3.7,Yes,Multiple Services,Yes,4,3,Yes,51.58,Fail,1.63
STU-01118,2022,4,Information Technology,Full-time,High School (ATAR),Non-binary / Other,Domestic,24,Mid ($70–110k),Bachelor,Merit-Based,Not Employed,84.4,25.7,2.98,Yes,Academic Advisor,No,4,4,No,69.8,Distinction,3.31
STU-01119,2022,2,Health Sciences,Full-time,High School (ATAR),Male,International,20,Lower-Mid ($40–70k),Postgraduate,None,Full-time (>20 hrs),82.3,8.7,3.12,Yes,Academic Advisor,No,4,4,Yes,44.4,Pass,2.67
STU-01120,2023,3,Business,Full-time,Transfer / Credit,Male,Domestic,22,Lower-Mid ($40–70k),Bachelor,None,Part-time (≤20 hrs),71.3,15.0,2.89,Yes,None,No,4,4,No,52.26,Pass,2.06
STU-01121,2023,2,Arts & Humanities,Part-time,Transfer / Credit,Male,Domestic,25,Lower-Mid ($40–70k),Bachelor,None,Not Employed,73.8,16.0,2.51,Yes,None,No,2,1,No,48.46,Fail,1.93
STU-01122,2024,4,Business,Full-time,High School (ATAR),Female,Domestic,26,Upper-Mid ($110–160k),Bachelor,None,Full-time (>20 hrs),72.1,11.2,2.42,Yes,Academic Advisor,No,4,3,Yes,35.61,Fail,1.75
STU-01123,2024,4,Engineering,Full-time,Transfer / Credit,Male,International,22,Lower-Mid ($40–70k),No Tertiary,External,Part-time (≤20 hrs),85.4,17.3,3.02,Yes,None,No,4,4,No,56.32,Pass,2.58
STU-01124,2024,2,Business,Full-time,International Pathway,Female,Domestic,21,Low (<$40k),TAFE / Certificate,Merit-Based,Part-time (≤20 hrs),48.4,16.3,3.38,Yes,None,No,4,3,Yes,38.09,Fail,1.7
STU-01125,2022,1,Arts & Humanities,Full-time,High School (ATAR),Male,Domestic,21,Mid ($70–110k),Bachelor,Merit-Based,Not Employed,64.0,22.1,3.97,Yes,Counselling,Yes,4,4,No,69.86,Pass,2.16
STU-01126,2024,3,Health Sciences,Full-time,Mature Age Entry,Female,International,19,Mid ($70–110k),Postgraduate,None,Not Employed,76.4,20.3,2.68,Yes,None,No,4,4,No,53.13,Pass,2.59
STU-01127,2024,4,Arts & Humanities,Full-time,TAFE / Diploma,Female,Domestic,26,Mid ($70–110k),No Tertiary,Merit-Based,Full-time (>20 hrs),57.9,8.6,3.74,Yes,Peer Tutoring,No,4,0,Yes,46.4,Fail,1.32
STU-01128,2023,4,Business,Part-time,High School (ATAR),Female,Domestic,27,Upper-Mid ($110–160k),Bachelor,None,Part-time (≤20 hrs),78.5,15.7,4.0,Yes,None,No,2,2,No,60.42,Pass,2.64
STU-01129,2022,4,Arts & Humanities,Full-time,High School (ATAR),Non-binary / Other,Domestic,24,High (>$160k),Bachelor,None,Part-time (≤20 hrs),62.7,17.9,3.27,Yes,Academic Advisor,No,4,0,No,47.97,Fail,0.83
STU-01130,2023,2,Education,Part-time,International Pathway,Male,International,22,Mid ($70–110k),Bachelor,Merit-Based,Not Employed,55.6,9.8,3.99,Yes,Academic Advisor,No,2,2,Yes,53.46,Pass,2.83
STU-01131,2024,2,Engineering,Part-time,Transfer / Credit,Female,Domestic,24,Upper-Mid ($110–160k),Bachelor,Merit-Based,Not Employed,81.5,11.5,3.62,Yes,None,No,2,2,No,71.8,Pass,2.97
STU-01132,2024,3,Information Technology,Part-time,High School (ATAR),Female,International,22,Lower-Mid ($40–70k),Postgraduate,External,Full-time (>20 hrs),65.3,3.5,2.92,Yes,None,No,2,0,Yes,31.93,Fail,1.4
STU-01133,2024,4,Education,Full-time,International Pathway,Female,International,24,Low (<$40k),No Tertiary,External,Full-time (>20 hrs),71.3,7.8,3.74,No,Academic Advisor,No,4,2,Yes,44.2,Fail,1.49
STU-01134,2022,4,Health Sciences,Part-time,TAFE / Diploma,Male,International,24,Lower-Mid ($40–70k),TAFE / Certificate,None,Full-time (>20 hrs),51.1,15.0,3.51,Yes,None,No,2,0,Yes,30.82,Withdrawn,0.0
STU-01135,2023,3,Business,Full-time,High School (ATAR),Female,Domestic,22,Upper-Mid ($110–160k),Postgraduate,None,Part-time (≤20 hrs),73.4,15.8,3.86,Yes,Academic Advisor,No,4,4,No,64.17,Pass,2.36
STU-01136,2023,1,Health Sciences,Full-time,International Pathway,Female,Domestic,27,Mid ($70–110k),No Tertiary,Equity / Need-Based,Part-time (≤20 hrs),63.2,18.6,2.67,Yes,Academic Advisor,No,4,4,No,56.62,Pass,2.76
STU-01137,2023,2,Information Technology,Full-time,Transfer / Credit,Male,Domestic,24,High (>$160k),TAFE / Certificate,Equity / Need-Based,Full-time (>20 hrs),71.1,1.0,3.26,Yes,Peer Tutoring,No,4,0,Yes,47.56,Fail,1.14
STU-01138,2024,3,Health Sciences,Full-time,High School (ATAR),Female,Domestic,23,Lower-Mid ($40–70k),No Tertiary,None,Not Employed,62.4,18.7,3.62,Yes,Academic Advisor,No,4,4,No,54.62,Pass,2.37
STU-01139,2023,4,Arts & Humanities,Full-time,High School (ATAR),Female,Domestic,26,Lower-Mid ($40–70k),No Tertiary,Equity / Need-Based,Not Employed,76.9,15.6,2.28,Yes,Peer Tutoring,No,4,4,No,57.36,Pass,2.91
STU-01140,2022,2,Information Technology,Full-time,High School (ATAR),Male,Domestic,22,Mid ($70–110k),Postgraduate,External,Part-time (≤20 hrs),52.5,16.0,3.71,Yes,Academic Advisor,No,4,4,Yes,58.62,Pass,2.99
STU-01141,2024,3,Information Technology,Full-time,High School (ATAR),Male,Domestic,20,Mid ($70–110k),No Tertiary,Merit-Based,Part-time (≤20 hrs),76.4,18.3,3.1,Yes,Academic Advisor,No,4,4,No,56.78,Pass,2.54
STU-01142,2023,1,Arts & Humanities,Full-time,Transfer / Credit,Female,Domestic,24,High (>$160k),Bachelor,None,Part-time (≤20 hrs),83.7,16.1,3.43,Yes,Multiple Services,Yes,4,4,No,62.86,Pass,2.68
STU-01143,2022,3,Arts & Humanities,Full-time,High School (ATAR),Male,Domestic,25,Upper-Mid ($110–160k),Postgraduate,None,Full-time (>20 hrs),61.1,8.0,3.25,Yes,Peer Tutoring,No,4,1,Yes,48.49,Fail,0.63
STU-01144,2023,1,Business,Full-time,Mature Age Entry,Female,Domestic,27,Mid ($70–110k),TAFE / Certificate,Equity / Need-Based,Not Employed,84.1,10.0,2.43,Yes,None,No,4,4,No,56.63,Pass,2.84
STU-01145,2022,1,Information Technology,Full-time,TAFE / Diploma,Female,Domestic,24,Low (<$40k),TAFE / Certificate,External,Full-time (>20 hrs),73.1,14.7,2.83,No,None,No,4,4,Yes,51.31,Pass,2.97
STU-01146,2023,2,Information Technology,Full-time,TAFE / Diploma,Male,Domestic,24,Mid ($70–110k),Bachelor,None,Part-time (≤20 hrs),96.7,25.6,2.71,Yes,None,No,4,4,No,70.34,Pass,2.97
STU-01147,2023,1,Business,Full-time,Mature Age Entry,Male,Domestic,18,Upper-Mid ($110–160k),Bachelor,Merit-Based,Part-time (≤20 hrs),87.7,16.5,4.0,Yes,None,No,4,4,No,66.74,Pass,2.57
STU-01148,2023,4,Arts & Humanities,Part-time,TAFE / Diploma,Female,International,29,Mid ($70–110k),No Tertiary,Merit-Based,Part-time (≤20 hrs),39.2,13.7,3.04,Yes,Multiple Services,Yes,2,2,Yes,42.99,Pass,2.27
STU-01149,2024,1,Engineering,Full-time,High School (ATAR),Female,Domestic,21,Upper-Mid ($110–160k),No Tertiary,None,Part-time (≤20 hrs),89.9,18.8,2.44,Yes,None,No,4,4,No,63.44,Pass,2.1
STU-01150,2024,3,Engineering,Full-time,TAFE / Diploma,Male,Domestic,23,Mid ($70–110k),TAFE / Certificate,None,Not Employed,89.6,26.9,2.73,Yes,Peer Tutoring,No,4,4,No,68.41,Pass,2.02
STU-01151,2022,3,Engineering,Full-time,TAFE / Diploma,Female,International,23,Low (<$40k),Bachelor,Equity / Need-Based,Part-time (≤20 hrs),49.3,16.6,2.36,Yes,None,No,4,3,Yes,36.04,Fail,0.93
STU-01152,2022,2,Arts & Humanities,Full-time,TAFE / Diploma,Female,Domestic,24,Lower-Mid ($40–70k),No Tertiary,None,Part-time (≤20 hrs),79.8,18.5,2.99,Yes,None,No,4,4,No,55.71,Pass,2.23
STU-01153,2023,1,Education,Full-time,TAFE / Diploma,Male,International,17,Upper-Mid ($110–160k),No Tertiary,None,Part-time (≤20 hrs),58.9,17.6,3.34,Yes,None,No,4,4,Yes,56.99,Pass,2.92
STU-01154,2022,3,Engineering,Full-time,High School (ATAR),Female,Domestic,24,Lower-Mid ($40–70k),No Tertiary,Merit-Based,Part-time (≤20 hrs),58.9,21.9,3.38,Yes,Multiple Services,Yes,4,2,Yes,47.45,Fail,1.09
STU-01155,2024,1,Health Sciences,Full-time,High School (ATAR),Female,International,19,Mid ($70–110k),No Tertiary,Merit-Based,Full-time (>20 hrs),65.9,20.4,2.85,Yes,None,No,4,4,Yes,45.91,Pass,2.91
STU-01156,2024,3,Business,Part-time,TAFE / Diploma,Female,Domestic,23,Low (<$40k),No Tertiary,None,Part-time (≤20 hrs),79.1,18.4,3.19,Yes,None,No,2,2,No,62.62,Pass,2.71
STU-01157,2024,2,Business,Full-time,Mature Age Entry,Male,Domestic,17,High (>$160k),Bachelor,None,Part-time (≤20 hrs),71.9,15.4,2.63,Yes,Academic Advisor,No,4,0,No,50.4,Fail,1.21
STU-01158,2022,1,Arts & Humanities,Full-time,High School (ATAR),Female,Domestic,21,High (>$160k),No Tertiary,Merit-Based,Part-time (≤20 hrs),86.8,12.5,2.98,Yes,Peer Tutoring,No,4,4,No,63.41,Pass,2.9
STU-01159,2022,1,Engineering,Part-time,High School (ATAR),Female,International,22,Mid ($70–110k),Bachelor,Merit-Based,Part-time (≤20 hrs),71.5,10.1,3.11,Yes,Multiple Services,Yes,2,0,No,48.16,Fail,0.87
STU-01160,2024,1,Engineering,Full-time,TAFE / Diploma,Male,Domestic,23,Upper-Mid ($110–160k),TAFE / Certificate,Merit-Based,Not Employed,87.4,20.0,3.26,Yes,None,No,4,4,No,72.0,Pass,2.76
STU-01161,2022,2,Business,Full-time,Mature Age Entry,Female,Domestic,23,Low (<$40k),Postgraduate,Merit-Based,Full-time (>20 hrs),80.6,6.0,3.88,No,None,No,4,0,Yes,46.41,Fail,1.36
STU-01162,2022,4,Arts & Humanities,Full-time,TAFE / Diploma,Male,Domestic,26,Low (<$40k),Postgraduate,External,Not Employed,78.1,20.1,2.88,Yes,None,No,4,4,No,79.02,Distinction,3.41
STU-01163,2023,3,Information Technology,Full-time,High School (ATAR),Female,International,20,Low (<$40k),Bachelor,Equity / Need-Based,Part-time (≤20 hrs),86.1,22.2,2.4,Yes,Academic Advisor,No,4,4,No,60.36,Pass,2.86
STU-01164,2024,2,Business,Full-time,High School (ATAR),Female,International,21,Upper-Mid ($110–160k),Bachelor,Merit-Based,Full-time (>20 hrs),94.8,21.4,2.36,Yes,Counselling,Yes,4,4,Yes,61.03,Pass,2.22
STU-01165,2024,1,Engineering,Full-time,High School (ATAR),Male,International,20,Low (<$40k),Bachelor,External,Part-time (≤20 hrs),74.8,14.4,2.92,Yes,Academic Advisor,No,4,3,No,38.77,Fail,0.53
STU-01166,2024,2,Education,Full-time,International Pathway,Male,Domestic,25,Lower-Mid ($40–70k),Postgraduate,Merit-Based,Not Employed,78.4,21.3,4.0,Yes,Academic Advisor,No,4,4,No,84.49,High Distinction,4.0
STU-01167,2023,3,Health Sciences,Full-time,High School (ATAR),Female,Domestic,22,Mid ($70–110k),Bachelor,Merit-Based,Part-time (≤20 hrs),64.7,20.3,3.51,Yes,Multiple Services,Yes,4,4,No,62.3,Pass,2.28
STU-01168,2022,2,Engineering,Part-time,High School (ATAR),Male,Domestic,28,Lower-Mid ($40–70k),Postgraduate,None,Not Employed,80.2,14.6,4.0,Yes,None,No,2,2,No,63.98,Pass,2.2
STU-01169,2023,3,Arts & Humanities,Part-time,TAFE / Diploma,Female,Domestic,21,Mid ($70–110k),Postgraduate,Merit-Based,Part-time (≤20 hrs),57.9,15.4,3.32,Yes,None,No,2,2,Yes,53.59,Pass,2.08
STU-01170,2024,2,Engineering,Part-time,High School (ATAR),Female,International,22,Upper-Mid ($110–160k),TAFE / Certificate,External,Part-time (≤20 hrs),78.6,18.5,2.14,Yes,Multiple Services,Yes,2,2,No,53.54,Pass,2.75
STU-01171,2023,3,Information Technology,Full-time,Mature Age Entry,Male,Domestic,23,Lower-Mid ($40–70k),Postgraduate,None,Part-time (≤20 hrs),54.8,18.8,3.42,Yes,None,No,4,2,Yes,50.09,Fail,0.83
STU-01172,2024,1,Business,Part-time,TAFE / Diploma,Male,Domestic,26,Mid ($70–110k),Bachelor,Equity / Need-Based,Part-time (≤20 hrs),58.4,12.9,3.77,Yes,None,No,2,1,Yes,51.36,Fail,1.25
STU-01173,2023,2,Engineering,Full-time,High School (ATAR),Male,Domestic,18,Low (<$40k),No Tertiary,None,Not Employed,75.9,18.1,2.75,No,Peer Tutoring,No,4,4,No,55.97,Pass,2.34
STU-01174,2022,2,Education,Full-time,High School (ATAR),Male,Domestic,22,Low (<$40k),Bachelor,None,Not Employed,57.9,19.8,3.18,Yes,None,No,4,4,Yes,56.22,Pass,2.69
STU-01175,2022,3,Information Technology,Full-time,High School (ATAR),Male,International,26,Upper-Mid ($110–160k),Bachelor,External,Not Employed,80.8,18.3,2.53,Yes,Academic Advisor,No,4,4,No,62.8,Pass,2.68
STU-01176,2024,2,Engineering,Full-time,High School (ATAR),Male,Domestic,24,Low (<$40k),Bachelor,None,Full-time (>20 hrs),57.7,14.5,3.24,Yes,Academic Advisor,No,4,1,Yes,46.13,Fail,1.25
STU-01177,2022,1,Engineering,Full-time,High School (ATAR),Male,Domestic,22,High (>$160k),No Tertiary,Merit-Based,Not Employed,40.7,20.4,2.06,Yes,Academic Advisor,No,4,4,Yes,49.63,Pass,2.17
STU-01178,2023,1,Engineering,Part-time,High School (ATAR),Female,International,22,High (>$160k),Postgraduate,Merit-Based,Part-time (≤20 hrs),74.6,12.6,2.99,Yes,Peer Tutoring,No,2,2,No,64.59,Pass,2.12
STU-01179,2023,2,Engineering,Full-time,High School (ATAR),Male,Domestic,22,Low (<$40k),TAFE / Certificate,External,Not Employed,100.0,9.6,2.85,Yes,Peer Tutoring,No,4,4,No,66.7,Pass,2.92
STU-01180,2023,3,Engineering,Full-time,TAFE / Diploma,Female,International,22,Upper-Mid ($110–160k),TAFE / Certificate,None,Not Employed,90.7,22.1,3.54,Yes,Academic Advisor,No,4,4,No,77.68,Pass,2.97
STU-01181,2023,3,Health Sciences,Part-time,High School (ATAR),Female,Domestic,25,Lower-Mid ($40–70k),Bachelor,Equity / Need-Based,Part-time (≤20 hrs),53.8,16.9,3.61,Yes,Peer Tutoring,No,2,2,Yes,55.41,Pass,2.45
STU-01182,2024,4,Arts & Humanities,Full-time,High School (ATAR),Male,International,20,Mid ($70–110k),Postgraduate,None,Full-time (>20 hrs),52.9,15.4,3.29,Yes,None,No,4,2,Yes,42.97,Fail,0.98
STU-01183,2023,1,Education,Full-time,High School (ATAR),Female,Domestic,20,Lower-Mid ($40–70k),No Tertiary,Equity / Need-Based,Not Employed,67.5,20.1,3.42,Yes,None,No,4,4,No,64.38,Pass,2.66
STU-01184,2024,3,Information Technology,Full-time,High School (ATAR),Male,International,25,Upper-Mid ($110–160k),Bachelor,None,Not Employed,90.5,17.0,3.73,Yes,Academic Advisor,No,4,4,No,80.68,Pass,2.18
STU-01185,2023,4,Health Sciences,Full-time,High School (ATAR),Male,International,25,Upper-Mid ($110–160k),No Tertiary,None,Part-time (≤20 hrs),39.9,18.2,3.16,Yes,None,No,4,4,Yes,55.12,Pass,2.81
STU-01186,2024,2,Health Sciences,Full-time,High School (ATAR),Male,Domestic,20,High (>$160k),Postgraduate,External,Not Employed,81.1,13.7,2.91,Yes,None,No,4,4,No,64.45,Pass,2.27
STU-01187,2023,1,Business,Full-time,TAFE / Diploma,Male,Domestic,18,Lower-Mid ($40–70k),No Tertiary,None,Full-time (>20 hrs),66.7,5.4,3.0,Yes,Academic Advisor,No,4,4,Yes,42.06,Pass,2.71
STU-01188,2023,4,Health Sciences,Part-time,TAFE / Diploma,Male,Domestic,27,Lower-Mid ($40–70k),Postgraduate,None,Not Employed,78.4,25.1,4.0,Yes,Academic Advisor,No,2,2,No,69.89,Pass,2.45
STU-01189,2024,1,Education,Full-time,Mature Age Entry,Female,Domestic,18,Upper-Mid ($110–160k),No Tertiary,None,Not Employed,62.8,21.7,2.12,Yes,None,No,4,1,No,48.33,Fail,0.8
STU-01190,2022,2,Health Sciences,Full-time,TAFE / Diploma,Male,Domestic,22,Lower-Mid ($40–70k),Bachelor,Equity / Need-Based,Part-time (≤20 hrs),70.1,21.7,2.42,Yes,Academic Advisor,No,4,4,No,55.74,Pass,2.06
STU-01191,2024,4,Education,Full-time,Mature Age Entry,Male,International,24,Low (<$40k),No Tertiary,External,Not Employed,57.4,18.8,2.63,Yes,Academic Advisor,No,4,3,Yes,44.9,Fail,1.46
STU-01192,2022,2,Education,Full-time,TAFE / Diploma,Female,Domestic,20,Mid ($70–110k),Bachelor,None,Part-time (≤20 hrs),58.6,13.1,3.29,Yes,None,No,4,4,Yes,51.32,Pass,2.97
STU-01193,2023,1,Engineering,Full-time,High School (ATAR),Male,Domestic,24,High (>$160k),Postgraduate,External,Part-time (≤20 hrs),74.3,16.8,3.76,Yes,None,No,4,4,No,53.32,Pass,2.63
STU-01194,2024,4,Information Technology,Full-time,Transfer / Credit,Male,Domestic,24,Upper-Mid ($110–160k),TAFE / Certificate,None,Not Employed,59.6,30.3,2.79,Yes,None,No,4,4,Yes,66.84,Pass,2.46
STU-01195,2022,2,Health Sciences,Full-time,High School (ATAR),Female,Domestic,22,Upper-Mid ($110–160k),Postgraduate,None,Not Employed,82.1,16.7,2.22,Yes,Multiple Services,Yes,4,4,No,66.68,Pass,2.81
STU-01196,2023,3,Engineering,Part-time,TAFE / Diploma,Female,International,23,High (>$160k),Bachelor,None,Part-time (≤20 hrs),82.7,18.5,3.15,Yes,Academic Advisor,No,2,2,No,69.31,Pass,2.17
STU-01197,2022,2,Arts & Humanities,Full-time,Mature Age Entry,Male,Domestic,24,Low (<$40k),Bachelor,Equity / Need-Based,Part-time (≤20 hrs),47.2,18.0,2.94,No,Multiple Services,Yes,4,3,Yes,51.59,Fail,0.6
STU-01198,2023,2,Arts & Humanities,Full-time,High School (ATAR),Male,Domestic,17,Mid ($70–110k),Bachelor,None,Full-time (>20 hrs),65.6,10.4,2.74,Yes,Peer Tutoring,No,4,4,Yes,46.5,Pass,2.48
STU-01199,2022,3,Engineering,Part-time,High School (ATAR),Female,Domestic,24,Lower-Mid ($40–70k),No Tertiary,None,Full-time (>20 hrs),81.3,14.9,2.65,Yes,Academic Advisor,No,2,2,No,42.1,Pass,2.89
STU-01200,2024,1,Health Sciences,Full-time,International Pathway,Female,International,20,Lower-Mid ($40–70k),Bachelor,None,Not Employed,96.9,18.5,2.42,Yes,None,No,4,4,No,54.07,Pass,2.12
STU-01201,2022,3,Health Sciences,Part-time,Mature Age Entry,Female,Domestic,27,Low (<$40k),Bachelor,None,Not Employed,58.0,4.2,2.19,Yes,None,No,2,0,Yes,25.19,Fail,1.2
STU-01202,2023,3,Engineering,Full-time,Transfer / Credit,Female,Domestic,22,High (>$160k),Bachelor,None,Part-time (≤20 hrs),59.0,21.2,2.74,Yes,Academic Advisor,No,4,4,Yes,62.95,Pass,2.41
STU-01203,2023,4,Health Sciences,Full-time,High School (ATAR),Male,Domestic,25,Upper-Mid ($110–160k),Bachelor,None,Part-time (≤20 hrs),76.9,22.4,3.1,Yes,Counselling,Yes,4,4,No,61.69,Pass,2.11
STU-01204,2022,3,Engineering,Full-time,TAFE / Diploma,Female,Domestic,24,Upper-Mid ($110–160k),No Tertiary,None,Part-time (≤20 hrs),62.6,17.0,2.27,Yes,None,No,4,4,No,53.52,Pass,2.41
STU-01205,2024,2,Engineering,Full-time,Transfer / Credit,Female,Domestic,24,Mid ($70–110k),Bachelor,None,Not Employed,81.6,11.4,3.61,Yes,Academic Advisor,No,4,4,No,66.27,Pass,2.0
STU-01206,2024,2,Arts & Humanities,Full-time,High School (ATAR),Female,Domestic,22,Low (<$40k),No Tertiary,None,Part-time (≤20 hrs),99.3,21.4,2.98,Yes,Academic Advisor,No,4,4,No,61.28,Pass,2.75
STU-01207,2023,2,Arts & Humanities,Full-time,High School (ATAR),Male,Domestic,24,Mid ($70–110k),TAFE / Certificate,None,Full-time (>20 hrs),72.5,19.6,2.55,Yes,Counselling,Yes,4,2,Yes,51.31,Fail,1.25
STU-01208,2023,2,Education,Full-time,High School (ATAR),Female,International,19,Upper-Mid ($110–160k),TAFE / Certificate,Equity / Need-Based,Part-time (≤20 hrs),90.8,19.1,3.38,Yes,None,No,4,4,No,64.38,Pass,2.51
STU-01209,2023,1,Health Sciences,Full-time,High School (ATAR),Female,Domestic,18,High (>$160k),No Tertiary,None,Part-time (≤20 hrs),73.6,25.7,2.58,Yes,None,No,4,4,No,63.7,Pass,2.71
STU-01210,2023,1,Arts & Humanities,Part-time,TAFE / Diploma,Male,Domestic,20,Lower-Mid ($40–70k),Bachelor,Merit-Based,Full-time (>20 hrs),78.4,10.8,3.16,Yes,Multiple Services,Yes,2,1,No,48.9,Fail,1.05
STU-01211,2022,2,Arts & Humanities,Full-time,High School (ATAR),Male,Domestic,21,Lower-Mid ($40–70k),TAFE / Certificate,Merit-Based,Not Employed,69.8,18.3,4.0,Yes,Peer Tutoring,No,4,4,No,63.8,Pass,2.9
STU-01212,2024,4,Arts & Humanities,Part-time,High School (ATAR),Male,Domestic,25,High (>$160k),Bachelor,External,Full-time (>20 hrs),32.5,7.5,2.42,Yes,Counselling,Yes,2,0,Yes,35.47,Withdrawn,0.0
STU-01213,2022,1,Arts & Humanities,Part-time,High School (ATAR),Female,International,21,Upper-Mid ($110–160k),No Tertiary,None,Part-time (≤20 hrs),61.2,12.8,3.07,Yes,Academic Advisor,No,2,2,No,55.35,Pass,2.98
STU-01214,2023,1,Arts & Humanities,Part-time,High School (ATAR),Female,Domestic,21,Mid ($70–110k),Postgraduate,None,Not Employed,77.8,14.7,3.37,Yes,None,No,2,2,No,62.87,Pass,2.39
STU-01215,2024,3,Arts & Humanities,Part-time,High School (ATAR),Female,Domestic,24,Lower-Mid ($40–70k),No Tertiary,None,Full-time (>20 hrs),61.7,1.3,2.66,Yes,Peer Tutoring,No,2,2,Yes,38.3,Pass,2.66
STU-01216,2024,2,Arts & Humanities,Part-time,TAFE / Diploma,Female,International,22,Lower-Mid ($40–70k),Bachelor,None,Part-time (≤20 hrs),78.1,2.6,3.48,Yes,None,No,2,1,Yes,46.34,Fail,0.84
STU-01217,2023,2,Arts & Humanities,Part-time,High School (ATAR),Female,Domestic,20,Upper-Mid ($110–160k),Bachelor,None,Full-time (>20 hrs),41.0,13.2,2.75,Yes,None,No,2,0,Yes,34.85,Withdrawn,0.0
STU-01218,2022,3,Arts & Humanities,Part-time,High School (ATAR),Female,Domestic,25,Mid ($70–110k),TAFE / Certificate,None,Not Employed,93.9,14.7,2.21,Yes,Peer Tutoring,No,2,0,No,48.22,Fail,0.74
STU-01219,2023,4,Business,Full-time,International Pathway,Female,Domestic,28,Mid ($70–110k),Bachelor,Merit-Based,Part-time (≤20 hrs),80.3,28.1,3.36,Yes,Academic Advisor,No,4,4,No,74.93,Distinction,3.13
STU-01220,2022,4,Engineering,Part-time,TAFE / Diploma,Male,International,27,High (>$160k),TAFE / Certificate,Merit-Based,Not Employed,49.8,16.6,3.23,Yes,None,No,2,2,Yes,62.36,Pass,2.5
STU-01221,2022,3,Engineering,Part-time,Mature Age Entry,Male,Domestic,25,Low (<$40k),Bachelor,Merit-Based,Not Employed,76.5,11.4,2.09,Yes,Academic Advisor,No,2,2,No,56.63,Pass,2.43
STU-01222,2022,2,Engineering,Full-time,TAFE / Diploma,Female,Domestic,23,Upper-Mid ($110–160k),TAFE / Certificate,None,Not Employed,78.2,9.2,2.51,Yes,Multiple Services,Yes,4,4,No,62.55,Pass,2.84
STU-01223,2023,1,Arts & Humanities,Full-time,High School (ATAR),Female,Domestic,19,High (>$160k),Bachelor,None,Part-time (≤20 hrs),83.3,13.7,2.97,Yes,None,No,4,4,No,60.94,Pass,2.2
STU-01224,2023,1,Engineering,Full-time,High School (ATAR),Female,Domestic,22,Upper-Mid ($110–160k),Bachelor,Merit-Based,Part-time (≤20 hrs),82.9,14.6,3.77,Yes,Peer Tutoring,No,4,4,No,61.74,Pass,2.87
STU-01225,2024,2,Arts & Humanities,Full-time,High School (ATAR),Male,International,22,Mid ($70–110k),Postgraduate,None,Part-time (≤20 hrs),80.4,19.3,2.77,Yes,Counselling,Yes,4,4,No,54.38,Pass,2.62
STU-01226,2023,2,Health Sciences,Full-time,High School (ATAR),Female,Domestic,21,Low (<$40k),Postgraduate,None,Part-time (≤20 hrs),94.1,19.7,2.85,Yes,Academic Advisor,No,4,4,No,62.29,Pass,2.29
STU-01227,2023,3,Information Technology,Full-time,High School (ATAR),Female,Domestic,25,Lower-Mid ($40–70k),Postgraduate,Equity / Need-Based,Part-time (≤20 hrs),62.6,14.5,3.59,Yes,Academic Advisor,No,4,4,No,59.79,Pass,2.43
STU-01228,2023,3,Business,Full-time,Mature Age Entry,Male,Domestic,23,Upper-Mid ($110–160k),TAFE / Certificate,None,Not Employed,91.0,10.7,2.71,Yes,None,No,4,3,No,50.53,Fail,1.27
STU-01229,2023,3,Engineering,Part-time,International Pathway,Female,International,23,High (>$160k),Bachelor,External,Part-time (≤20 hrs),63.4,17.6,3.63,Yes,Peer Tutoring,No,2,2,No,59.91,Pass,2.01
STU-01230,2022,2,Education,Part-time,Transfer / Credit,Female,Domestic,23,Low (<$40k),Postgraduate,None,Not Employed,49.0,13.5,1.71,Yes,None,No,2,0,Yes,38.84,Fail,1.24
STU-01231,2024,2,Arts & Humanities,Full-time,International Pathway,Male,International,23,Lower-Mid ($40–70k),Postgraduate,Merit-Based,Not Employed,94.7,15.1,2.79,Yes,Peer Tutoring,No,4,4,No,70.61,Distinction,3.62
STU-01232,2022,1,Health Sciences,Full-time,High School (ATAR),Male,Domestic,22,Low (<$40k),Bachelor,None,Part-time (≤20 hrs),59.0,10.4,3.03,Yes,None,No,4,3,Yes,34.14,Fail,0.88
STU-01233,2023,3,Health Sciences,Full-time,High School (ATAR),Female,Domestic,20,Lower-Mid ($40–70k),Bachelor,None,Part-time (≤20 hrs),84.6,21.0,3.31,Yes,Academic Advisor,No,4,4,No,56.42,Pass,2.14
STU-01234,2022,1,Engineering,Full-time,Mature Age Entry,Male,Domestic,22,Mid ($70–110k),No Tertiary,None,Part-time (≤20 hrs),92.5,12.2,3.06,Yes,None,No,4,0,No,47.92,Fail,1.88
STU-01235,2022,2,Engineering,Part-time,Mature Age Entry,Female,International,21,Upper-Mid ($110–160k),No Tertiary,Merit-Based,Not Employed,84.7,23.0,2.65,Yes,None,No,2,2,No,59.63,Pass,2.85
STU-01236,2024,2,Arts & Humanities,Full-time,TAFE / Diploma,Male,Domestic,24,Lower-Mid ($40–70k),TAFE / Certificate,External,Full-time (>20 hrs),81.4,10.0,4.0,Yes,Counselling,Yes,4,4,Yes,59.35,Pass,2.33
STU-01237,2022,3,Information Technology,Full-time,High School (ATAR),Male,International,26,High (>$160k),TAFE / Certificate,None,Not Employed,94.1,14.8,3.69,Yes,None,No,4,4,No,67.84,Pass,2.56
STU-01238,2024,3,Information Technology,Part-time,High School (ATAR),Male,Domestic,23,Low (<$40k),TAFE / Certificate,Merit-Based,Not Employed,75.7,15.7,3.27,No,Academic Advisor,No,2,2,No,70.79,Distinction,3.46
STU-01239,2024,4,Arts & Humanities,Full-time,TAFE / Diploma,Male,Domestic,27,Lower-Mid ($40–70k),Bachelor,Merit-Based,Full-time (>20 hrs),53.9,22.0,3.09,Yes,Peer Tutoring,No,4,4,Yes,41.79,Pass,2.69
STU-01240,2023,3,Arts & Humanities,Full-time,High School (ATAR),Female,International,22,Upper-Mid ($110–160k),Bachelor,Merit-Based,Not Employed,60.1,19.6,4.0,Yes,Peer Tutoring,No,4,4,No,65.07,Pass,2.53
STU-01241,2022,1,Business,Full-time,High School (ATAR),Male,International,21,Upper-Mid ($110–160k),No Tertiary,Merit-Based,Part-time (≤20 hrs),77.0,10.3,3.23,Yes,None,No,4,4,No,54.58,Pass,2.49
STU-01242,2022,3,Arts & Humanities,Part-time,High School (ATAR),Female,Domestic,22,Mid ($70–110k),Bachelor,Equity / Need-Based,Not Employed,66.3,12.3,2.92,Yes,Peer Tutoring,No,2,2,No,63.54,Pass,2.1
STU-01243,2023,3,Engineering,Part-time,High School (ATAR),Male,Domestic,23,Low (<$40k),Postgraduate,None,Part-time (≤20 hrs),58.1,7.3,2.42,Yes,Peer Tutoring,No,2,0,Yes,48.67,Fail,0.71
STU-01244,2023,2,Education,Full-time,High School (ATAR),Female,Domestic,22,Low (<$40k),TAFE / Certificate,None,Full-time (>20 hrs),80.3,5.1,2.45,Yes,Peer Tutoring,No,4,0,Yes,39.06,Fail,1.04
STU-01245,2024,1,Engineering,Full-time,High School (ATAR),Male,Domestic,25,Lower-Mid ($40–70k),Postgraduate,None,Not Employed,75.9,25.4,4.0,Yes,None,No,4,4,No,79.58,Distinction,3.33
STU-01246,2024,2,Information Technology,Full-time,Mature Age Entry,Female,Domestic,25,Mid ($70–110k),Bachelor,Merit-Based,Full-time (>20 hrs),92.0,7.3,3.03,Yes,Multiple Services,Yes,4,4,Yes,69.62,Pass,2.78
STU-01247,2022,2,Health Sciences,Part-time,High School (ATAR),Male,Domestic,22,Mid ($70–110k),Bachelor,None,Part-time (≤20 hrs),82.6,13.1,4.0,Yes,None,No,2,2,No,54.21,Pass,2.55
STU-01248,2022,1,Health Sciences,Full-time,High School (ATAR),Female,International,23,Upper-Mid ($110–160k),No Tertiary,Merit-Based,Not Employed,81.0,19.1,3.34,Yes,None,No,4,4,No,64.77,Pass,2.67
STU-01249,2023,3,Education,Part-time,High School (ATAR),Male,Domestic,22,Lower-Mid ($40–70k),Bachelor,External,Not Employed,79.5,16.8,3.74,Yes,Peer Tutoring,No,2,2,No,77.55,Pass,2.44
STU-01250,2024,4,Business,Part-time,TAFE / Diploma,Female,Domestic,25,Mid ($70–110k),Postgraduate,None,Not Employed,42.8,7.3,3.75,Yes,Academic Advisor,No,2,0,Yes,46.42,Fail,1.23
STU-01251,2022,2,Arts & Humanities,Full-time,High School (ATAR),Female,Domestic,27,Lower-Mid ($40–70k),Postgraduate,None,Not Employed,85.9,15.0,2.46,Yes,None,No,4,4,No,66.34,Pass,2.05
STU-01252,2023,3,Education,Part-time,TAFE / Diploma,Female,Domestic,26,Lower-Mid ($40–70k),Postgraduate,None,Not Employed,65.2,18.7,3.28,Yes,Peer Tutoring,No,2,2,No,60.15,Pass,2.59
STU-01253,2022,3,Education,Part-time,High School (ATAR),Female,Domestic,22,Lower-Mid ($40–70k),No Tertiary,None,Part-time (≤20 hrs),75.3,10.6,3.32,Yes,None,No,2,2,No,40.72,Pass,2.81
STU-01254,2023,3,Arts & Humanities,Full-time,TAFE / Diploma,Male,International,22,Upper-Mid ($110–160k),Bachelor,External,Part-time (≤20 hrs),59.2,21.4,3.04,Yes,None,No,4,4,Yes,52.44,Pass,2.61
STU-01255,2024,3,Business,Part-time,Transfer / Credit,Male,International,22,High (>$160k),Postgraduate,External,Not Employed,55.8,18.6,3.1,Yes,None,No,2,2,Yes,65.21,Pass,2.43
STU-01256,2022,2,Education,Part-time,High School (ATAR),Male,International,25,High (>$160k),No Tertiary,Merit-Based,Not Employed,55.2,22.7,3.15,Yes,None,No,2,2,Yes,60.14,Pass,2.85
STU-01257,2024,3,Information Technology,Part-time,TAFE / Diploma,Male,Domestic,23,Mid ($70–110k),No Tertiary,None,Not Employed,65.8,20.6,2.59,Yes,None,No,2,2,No,55.14,Pass,2.07
STU-01258,2022,2,Engineering,Part-time,Transfer / Credit,Non-binary / Other,International,22,Low (<$40k),TAFE / Certificate,None,Not Employed,70.4,8.8,4.0,No,Academic Advisor,No,2,2,No,46.74,Pass,2.5
STU-01259,2022,3,Health Sciences,Part-time,Transfer / Credit,Male,Domestic,24,Low (<$40k),TAFE / Certificate,External,Part-time (≤20 hrs),55.7,4.2,3.06,Yes,None,No,2,0,Yes,24.54,Fail,1.89
STU-01260,2023,3,Health Sciences,Full-time,TAFE / Diploma,Male,Domestic,22,Low (<$40k),No Tertiary,None,Part-time (≤20 hrs),64.3,19.7,3.68,Yes,Peer Tutoring,No,4,0,No,50.79,Fail,0.91
STU-01261,2024,3,Information Technology,Full-time,High School (ATAR),Male,Domestic,22,Lower-Mid ($40–70k),Postgraduate,None,Part-time (≤20 hrs),89.7,17.6,3.3,Yes,None,No,4,4,No,69.63,Distinction,3.02
STU-01262,2023,2,Arts & Humanities,Part-time,International Pathway,Female,International,20,Mid ($70–110k),Bachelor,None,Not Employed,59.1,14.4,3.12,Yes,Peer Tutoring,No,2,2,Yes,64.92,Pass,2.05
STU-01263,2023,3,Information Technology,Full-time,High School (ATAR),Female,Domestic,23,Lower-Mid ($40–70k),Postgraduate,None,Part-time (≤20 hrs),82.3,14.0,3.44,Yes,None,No,4,4,No,67.13,Pass,2.91
STU-01264,2024,3,Information Technology,Part-time,Transfer / Credit,Female,Domestic,24,Mid ($70–110k),Bachelor,Equity / Need-Based,Full-time (>20 hrs),69.3,7.3,3.05,Yes,Multiple Services,Yes,2,1,Yes,40.67,Fail,0.64
STU-01265,2024,3,Health Sciences,Part-time,TAFE / Diploma,Male,Domestic,23,Mid ($70–110k),No Tertiary,Merit-Based,Part-time (≤20 hrs),71.2,23.3,3.46,Yes,None,No,2,2,No,58.04,Pass,2.36
STU-01266,2022,2,Engineering,Part-time,TAFE / Diploma,Male,Domestic,20,High (>$160k),Bachelor,Merit-Based,Part-time (≤20 hrs),57.0,16.7,2.94,Yes,Multiple Services,Yes,2,2,Yes,61.19,Pass,2.28
STU-01267,2024,2,Education,Full-time,High School (ATAR),Male,Domestic,23,Upper-Mid ($110–160k),No Tertiary,External,Full-time (>20 hrs),73.0,11.6,2.33,Yes,None,No,4,4,Yes,44.35,Pass,2.27
STU-01268,2024,1,Arts & Humanities,Part-time,Transfer / Credit,Female,Domestic,22,High (>$160k),TAFE / Certificate,None,Full-time (>20 hrs),60.5,7.7,3.51,Yes,None,No,2,1,Yes,47.73,Fail,1.48
STU-01269,2022,3,Arts & Humanities,Full-time,High School (ATAR),Female,Domestic,20,Upper-Mid ($110–160k),Bachelor,Merit-Based,Not Employed,87.3,21.3,4.0,Yes,Multiple Services,Yes,4,4,No,82.64,High Distinction,3.77
STU-01270,2022,3,Information Technology,Full-time,TAFE / Diploma,Male,Domestic,28,High (>$160k),Bachelor,None,Part-time (≤20 hrs),52.4,22.9,2.23,Yes,None,No,4,1,Yes,50.07,Fail,0.56
STU-01271,2024,3,Information Technology,Full-time,International Pathway,Male,Domestic,23,Upper-Mid ($110–160k),No Tertiary,None,Not Employed,73.3,12.8,2.47,Yes,Academic Advisor,No,4,4,No,53.23,Pass,2.32
STU-01272,2024,2,Health Sciences,Part-time,TAFE / Diploma,Female,Domestic,20,Mid ($70–110k),Postgraduate,None,Part-time (≤20 hrs),70.3,5.2,3.71,Yes,Counselling,Yes,2,2,Yes,55.38,Pass,2.65
STU-01273,2023,2,Business,Full-time,High School (ATAR),Male,Domestic,22,Mid ($70–110k),Bachelor,None,Not Employed,69.4,24.4,4.0,Yes,None,No,4,4,No,81.19,Distinction,3.44
STU-01274,2022,3,Engineering,Full-time,High School (ATAR),Male,International,22,Lower-Mid ($40–70k),TAFE / Certificate,None,Not Employed,68.4,11.9,2.28,Yes,Peer Tutoring,No,4,4,No,43.69,Pass,2.66
STU-01275,2022,4,Information Technology,Full-time,High School (ATAR),Female,International,28,Upper-Mid ($110–160k),Postgraduate,None,Full-time (>20 hrs),66.0,12.4,4.0,Yes,Peer Tutoring,No,4,4,Yes,52.88,Pass,2.41
STU-01276,2022,3,Arts & Humanities,Full-time,High School (ATAR),Male,Domestic,25,Mid ($70–110k),Bachelor,None,Not Employed,65.1,14.8,3.69,Yes,Multiple Services,Yes,4,4,No,53.46,Pass,2.42
STU-01277,2023,3,Engineering,Full-time,High School (ATAR),Female,Domestic,22,Upper-Mid ($110–160k),Bachelor,External,Full-time (>20 hrs),81.5,13.1,2.74,Yes,None,No,4,4,Yes,65.9,Pass,2.75
STU-01278,2024,1,Information Technology,Part-time,Transfer / Credit,Female,Domestic,20,Lower-Mid ($40–70k),No Tertiary,None,Full-time (>20 hrs),56.9,1.0,2.96,Yes,None,No,2,0,Yes,18.03,Withdrawn,0.0
STU-01279,2024,3,Engineering,Full-time,Mature Age Entry,Female,Domestic,18,High (>$160k),Bachelor,Merit-Based,Not Employed,82.9,15.5,2.53,Yes,Academic Advisor,No,4,4,No,62.36,Pass,2.98
STU-01280,2022,2,Information Technology,Part-time,High School (ATAR),Female,Domestic,22,Low (<$40k),Bachelor,Merit-Based,Part-time (≤20 hrs),92.0,27.4,3.21,Yes,Peer Tutoring,No,2,2,No,70.5,Distinction,3.41
STU-01281,2024,3,Education,Full-time,High School (ATAR),Female,Domestic,26,Lower-Mid ($40–70k),Bachelor,None,Part-time (≤20 hrs),70.3,26.7,2.83,Yes,None,No,4,4,No,59.15,Pass,2.77
STU-01282,2024,3,Information Technology,Full-time,Mature Age Entry,Male,Domestic,23,Upper-Mid ($110–160k),TAFE / Certificate,None,Not Employed,69.5,20.9,2.96,Yes,None,No,4,4,No,66.45,Pass,2.25
STU-01283,2024,1,Engineering,Full-time,Mature Age Entry,Female,Domestic,19,Mid ($70–110k),Bachelor,Equity / Need-Based,Part-time (≤20 hrs),82.3,14.0,3.58,Yes,Peer Tutoring,No,4,4,No,57.76,Pass,2.35
STU-01284,2023,4,Business,Part-time,Mature Age Entry,Male,Domestic,28,Mid ($70–110k),Bachelor,External,Not Employed,74.4,18.0,2.83,Yes,Academic Advisor,No,2,2,No,65.96,Pass,2.89
STU-01285,2023,4,Business,Part-time,High School (ATAR),Male,Domestic,25,Low (<$40k),Bachelor,None,Part-time (≤20 hrs),71.0,10.9,3.37,Yes,None,No,2,1,No,47.53,Fail,1.54
STU-01286,2022,1,Health Sciences,Part-time,High School (ATAR),Male,International,19,Mid ($70–110k),Postgraduate,Merit-Based,Full-time (>20 hrs),58.7,16.0,4.0,Yes,Peer Tutoring,No,2,1,Yes,47.12,Fail,1.86
STU-01287,2024,1,Business,Part-time,High School (ATAR),Non-binary / Other,Domestic,23,High (>$160k),Bachelor,External,Part-time (≤20 hrs),69.6,20.1,2.57,Yes,None,No,2,2,No,59.44,Pass,2.0
STU-01288,2023,4,Education,Full-time,Transfer / Credit,Male,Domestic,24,High (>$160k),TAFE / Certificate,Merit-Based,Not Employed,58.2,26.2,4.0,Yes,Multiple Services,Yes,4,4,Yes,66.49,Pass,2.95
STU-01289,2024,4,Health Sciences,Full-time,High School (ATAR),Male,Domestic,25,Low (<$40k),Bachelor,Equity / Need-Based,Part-time (≤20 hrs),55.4,29.0,3.06,Yes,None,No,4,0,Yes,50.38,Fail,1.19
STU-01290,2024,1,Engineering,Full-time,Mature Age Entry,Female,Domestic,25,Mid ($70–110k),Bachelor,None,Part-time (≤20 hrs),79.1,11.7,2.44,Yes,Counselling,Yes,4,1,No,42.52,Fail,0.97
STU-01291,2024,3,Information Technology,Full-time,High School (ATAR),Male,Domestic,26,Lower-Mid ($40–70k),Bachelor,Equity / Need-Based,Part-time (≤20 hrs),64.6,17.7,2.67,Yes,Peer Tutoring,No,4,4,No,59.96,Pass,2.87
STU-01292,2024,3,Engineering,Part-time,Mature Age Entry,Male,Domestic,23,Mid ($70–110k),Bachelor,None,Not Employed,41.2,17.1,3.13,Yes,Counselling,Yes,2,2,Yes,48.81,Pass,2.72
STU-01293,2024,2,Education,Full-time,Transfer / Credit,Female,Domestic,24,Mid ($70–110k),Bachelor,None,Part-time (≤20 hrs),63.6,22.9,2.11,Yes,Academic Advisor,No,4,4,No,61.11,Pass,2.2
STU-01294,2024,1,Education,Part-time,High School (ATAR),Female,Domestic,22,Lower-Mid ($40–70k),Bachelor,None,Not Employed,58.7,4.5,3.88,Yes,None,No,2,2,Yes,49.71,Pass,2.17
STU-01295,2024,3,Education,Part-time,High School (ATAR),Male,Domestic,24,Mid ($70–110k),Postgraduate,None,Part-time (≤20 hrs),63.8,24.5,3.07,Yes,Multiple Services,Yes,2,2,No,59.44,Pass,2.57
STU-01296,2022,1,Arts & Humanities,Full-time,High School (ATAR),Male,Domestic,21,Lower-Mid ($40–70k),Bachelor,None,Full-time (>20 hrs),74.9,7.4,3.36,Yes,Multiple Services,Yes,4,2,Yes,40.92,Fail,1.4
STU-01297,2024,4,Engineering,Full-time,High School (ATAR),Male,Domestic,25,Upper-Mid ($110–160k),Bachelor,Equity / Need-Based,Not Employed,76.9,22.6,3.87,Yes,None,No,4,4,No,74.84,Distinction,3.54
STU-01298,2024,4,Engineering,Full-time,TAFE / Diploma,Male,Domestic,25,Mid ($70–110k),Bachelor,None,Part-time (≤20 hrs),76.9,20.0,2.36,Yes,Multiple Services,Yes,4,4,No,77.55,Pass,2.59
STU-01299,2023,1,Education,Full-time,TAFE / Diploma,Non-binary / Other,International,21,Lower-Mid ($40–70k),Bachelor,Merit-Based,Part-time (≤20 hrs),83.6,9.0,3.07,Yes,None,No,4,4,No,65.11,Pass,2.37
STU-01300,2024,3,Arts & Humanities,Full-time,TAFE / Diploma,Male,Domestic,22,Upper-Mid ($110–160k),Bachelor,None,Part-time (≤20 hrs),63.8,11.6,3.53,Yes,Counselling,Yes,4,4,No,56.83,Pass,2.77
STU-01301,2024,3,Business,Full-time,TAFE / Diploma,Female,Domestic,19,Low (<$40k),No Tertiary,None,Not Employed,49.2,12.7,2.23,Yes,Peer Tutoring,No,4,0,Yes,45.53,Fail,1.29
STU-01302,2024,3,Information Technology,Full-time,TAFE / Diploma,Male,Domestic,27,High (>$160k),Postgraduate,Merit-Based,Full-time (>20 hrs),58.4,11.1,4.0,Yes,Academic Advisor,No,4,4,Yes,58.34,Pass,2.48
STU-01303,2023,1,Arts & Humanities,Full-time,TAFE / Diploma,Female,Domestic,20,Mid ($70–110k),No Tertiary,External,Part-time (≤20 hrs),83.3,19.2,3.55,Yes,None,No,4,4,No,64.09,Pass,2.92
STU-01304,2022,1,Engineering,Full-time,TAFE / Diploma,Female,International,20,Upper-Mid ($110–160k),No Tertiary,None,Part-time (≤20 hrs),77.1,23.8,3.34,Yes,Peer Tutoring,No,4,4,No,55.0,Pass,2.64
STU-01305,2024,3,Engineering,Full-time,High School (ATAR),Male,Domestic,24,Upper-Mid ($110–160k),Bachelor,Merit-Based,Not Employed,74.4,16.2,3.13,Yes,Multiple Services,Yes,4,4,No,71.16,Distinction,3.51
STU-01306,2022,4,Business,Part-time,High School (ATAR),Male,International,26,High (>$160k),Bachelor,None,Part-time (≤20 hrs),76.3,12.2,3.84,Yes,None,No,2,2,No,53.58,Pass,2.71
STU-01307,2024,3,Arts & Humanities,Part-time,Mature Age Entry,Male,Domestic,28,Mid ($70–110k),No Tertiary,None,Part-time (≤20 hrs),82.6,19.6,2.95,Yes,None,No,2,0,No,42.94,Fail,1.13
STU-01308,2023,2,Information Technology,Full-time,High School (ATAR),Female,Domestic,20,Low (<$40k),No Tertiary,None,Not Employed,46.6,22.6,4.0,Yes,None,No,4,4,Yes,57.59,Pass,2.66
STU-01309,2022,3,Business,Full-time,High School (ATAR),Male,Domestic,21,Lower-Mid ($40–70k),TAFE / Certificate,Equity / Need-Based,Part-time (≤20 hrs),65.1,16.4,3.26,Yes,None,No,4,4,No,47.62,Pass,2.09
STU-01310,2022,1,Engineering,Full-time,International Pathway,Female,Domestic,22,High (>$160k),Bachelor,None,Not Employed,79.8,9.1,2.54,Yes,None,No,4,4,No,60.57,Pass,2.53
STU-01311,2024,3,Health Sciences,Part-time,High School (ATAR),Male,International,27,High (>$160k),Postgraduate,None,Full-time (>20 hrs),67.9,7.2,4.0,Yes,Counselling,Yes,2,1,Yes,44.26,Fail,1.26
STU-01312,2024,2,Engineering,Part-time,High School (ATAR),Male,Domestic,20,Mid ($70–110k),Postgraduate,None,Part-time (≤20 hrs),69.6,29.8,4.0,Yes,Multiple Services,Yes,2,2,No,67.82,Pass,2.79
STU-01313,2024,1,Business,Part-time,TAFE / Diploma,Female,Domestic,25,Lower-Mid ($40–70k),TAFE / Certificate,None,Part-time (≤20 hrs),49.2,18.8,3.3,Yes,Academic Advisor,No,2,1,Yes,47.67,Fail,1.14
STU-01314,2022,2,Information Technology,Full-time,High School (ATAR),Male,Domestic,22,Low (<$40k),TAFE / Certificate,None,Part-time (≤20 hrs),63.4,17.9,3.02,Yes,Peer Tutoring,No,4,1,No,49.25,Fail,1.85
STU-01315,2024,1,Business,Part-time,High School (ATAR),Female,Domestic,23,Low (<$40k),No Tertiary,None,Not Employed,60.5,12.4,3.03,Yes,Peer Tutoring,No,2,0,No,45.23,Fail,1.64
STU-01316,2022,3,Business,Full-time,High School (ATAR),Female,Domestic,21,Upper-Mid ($110–160k),Bachelor,None,Not Employed,82.2,10.8,3.5,Yes,Peer Tutoring,No,4,4,No,57.54,Pass,2.37
STU-01317,2023,2,Education,Full-time,TAFE / Diploma,Female,International,20,Upper-Mid ($110–160k),No Tertiary,None,Not Employed,90.9,20.0,3.08,Yes,Peer Tutoring,No,4,4,No,63.64,Pass,2.82
STU-01318,2023,2,Engineering,Full-time,Transfer / Credit,Female,Domestic,23,Upper-Mid ($110–160k),TAFE / Certificate,None,Not Employed,74.1,19.2,3.8,Yes,Peer Tutoring,No,4,4,No,56.64,Pass,2.15
STU-01319,2023,1,Business,Full-time,TAFE / Diploma,Female,Domestic,21,High (>$160k),Postgraduate,None,Not Employed,68.1,17.1,3.98,Yes,Peer Tutoring,No,4,4,No,63.97,Pass,2.1
STU-01320,2022,1,Information Technology,Part-time,High School (ATAR),Female,Domestic,24,Lower-Mid ($40–70k),Postgraduate,Equity / Need-Based,Part-time (≤20 hrs),56.3,8.9,3.71,Yes,None,No,2,2,Yes,50.33,Pass,2.04
STU-01321,2024,1,Engineering,Full-time,High School (ATAR),Female,Domestic,21,Lower-Mid ($40–70k),No Tertiary,None,Not Employed,68.8,19.7,3.02,Yes,Peer Tutoring,No,4,4,No,59.51,Pass,2.37
STU-01322,2023,1,Information Technology,Full-time,TAFE / Diploma,Female,Domestic,21,Low (<$40k),Bachelor,Merit-Based,Full-time (>20 hrs),74.2,16.0,3.0,Yes,None,No,4,4,Yes,48.68,Pass,2.41
STU-01323,2022,2,Engineering,Full-time,High School (ATAR),Male,Domestic,23,Mid ($70–110k),Bachelor,Merit-Based,Not Employed,70.5,13.7,4.0,Yes,None,No,4,4,No,66.04,Pass,2.18
STU-01324,2024,2,Arts & Humanities,Full-time,Mature Age Entry,Male,Domestic,17,Upper-Mid ($110–160k),Bachelor,Equity / Need-Based,Not Employed,68.5,12.6,3.68,Yes,Multiple Services,Yes,4,4,No,56.03,Pass,2.18
STU-01325,2024,3,Arts & Humanities,Full-time,High School (ATAR),Male,Domestic,23,Low (<$40k),Bachelor,None,Part-time (≤20 hrs),64.5,20.6,2.29,Yes,Peer Tutoring,No,4,1,No,51.32,Fail,1.4
STU-01326,2024,4,Health Sciences,Full-time,International Pathway,Male,Domestic,25,Mid ($70–110k),Bachelor,Merit-Based,Part-time (≤20 hrs),71.9,19.9,3.17,Yes,None,No,4,4,No,70.72,Pass,2.31
STU-01327,2023,2,Information Technology,Full-time,High School (ATAR),Male,International,26,Upper-Mid ($110–160k),TAFE / Certificate,Equity / Need-Based,Part-time (≤20 hrs),95.7,3.4,2.28,Yes,None,No,4,4,Yes,53.18,Pass,2.0
STU-01328,2024,2,Information Technology,Full-time,High School (ATAR),Male,International,25,Mid ($70–110k),Postgraduate,None,Not Employed,87.7,17.0,1.74,Yes,Academic Advisor,No,4,4,No,62.45,Pass,2.42
STU-01329,2024,4,Information Technology,Full-time,High School (ATAR),Male,Domestic,28,Lower-Mid ($40–70k),Postgraduate,None,Part-time (≤20 hrs),71.8,18.8,2.73,Yes,Multiple Services,Yes,4,4,No,65.85,Pass,2.34
STU-01330,2023,4,Arts & Humanities,Full-time,TAFE / Diploma,Male,International,26,Mid ($70–110k),Bachelor,External,Part-time (≤20 hrs),61.3,17.0,3.25,Yes,Academic Advisor,No,4,4,No,61.44,Pass,2.43
STU-01331,2023,3,Arts & Humanities,Part-time,Transfer / Credit,Female,International,22,High (>$160k),Postgraduate,None,Part-time (≤20 hrs),56.5,15.5,2.64,Yes,Academic Advisor,No,2,2,Yes,59.77,Pass,2.17
STU-01332,2022,1,Arts & Humanities,Full-time,TAFE / Diploma,Male,Domestic,22,Mid ($70–110k),TAFE / Certificate,None,Part-time (≤20 hrs),70.4,16.0,2.98,Yes,None,No,4,4,No,54.66,Pass,2.51
STU-01333,2023,1,Arts & Humanities,Part-time,Mature Age Entry,Male,International,17,Upper-Mid ($110–160k),Bachelor,None,Full-time (>20 hrs),50.9,6.4,3.07,Yes,None,No,2,0,Yes,30.16,Fail,1.99
STU-01334,2023,2,Engineering,Part-time,TAFE / Diploma,Male,International,23,Lower-Mid ($40–70k),TAFE / Certificate,External,Not Employed,58.9,11.8,3.32,Yes,None,No,2,2,Yes,53.64,Pass,2.86
STU-01335,2024,4,Health Sciences,Full-time,TAFE / Diploma,Male,Domestic,26,Low (<$40k),Bachelor,Merit-Based,Part-time (≤20 hrs),66.0,20.3,2.38,No,None,No,4,4,No,56.79,Pass,2.47
STU-01336,2022,2,Engineering,Part-time,Transfer / Credit,Female,Domestic,24,High (>$160k),Postgraduate,None,Full-time (>20 hrs),62.7,8.4,2.21,Yes,Academic Advisor,No,2,0,No,42.96,Fail,0.96
STU-01337,2022,2,Engineering,Full-time,Transfer / Credit,Female,International,23,Mid ($70–110k),No Tertiary,External,Part-time (≤20 hrs),71.7,18.4,3.3,Yes,None,No,4,4,No,67.89,Pass,2.03
STU-01338,2024,1,Health Sciences,Full-time,TAFE / Diploma,Female,Domestic,22,Mid ($70–110k),No Tertiary,None,Part-time (≤20 hrs),77.6,12.9,2.97,Yes,Counselling,Yes,4,2,No,48.14,Fail,1.23
STU-01339,2023,1,Business,Full-time,High School (ATAR),Female,Domestic,21,Low (<$40k),Bachelor,None,Not Employed,69.3,22.7,3.28,Yes,None,No,4,4,No,54.66,Pass,2.34
STU-01340,2022,2,Business,Full-time,Mature Age Entry,Female,Domestic,30,Lower-Mid ($40–70k),TAFE / Certificate,None,Not Employed,84.3,9.9,2.11,Yes,Academic Advisor,No,4,4,No,63.05,Pass,2.98
STU-01341,2023,1,Health Sciences,Part-time,High School (ATAR),Female,Domestic,21,Lower-Mid ($40–70k),No Tertiary,None,Full-time (>20 hrs),62.9,4.4,3.26,Yes,None,No,2,0,Yes,34.9,Withdrawn,0.0
STU-01342,2023,2,Business,Full-time,High School (ATAR),Male,Domestic,24,Upper-Mid ($110–160k),Bachelor,External,Not Employed,77.0,15.0,3.31,Yes,Academic Advisor,No,4,4,No,69.41,Distinction,3.6
STU-01343,2024,4,Education,Part-time,High School (ATAR),Female,International,21,High (>$160k),No Tertiary,Merit-Based,Part-time (≤20 hrs),58.3,24.9,3.42,Yes,Academic Advisor,No,2,2,Yes,57.9,Pass,2.51
STU-01344,2022,2,Health Sciences,Full-time,Transfer / Credit,Female,Domestic,27,Upper-Mid ($110–160k),TAFE / Certificate,None,Not Employed,83.1,20.7,2.48,Yes,None,No,4,4,No,62.75,Pass,2.59
STU-01345,2023,3,Information Technology,Full-time,High School (ATAR),Female,Domestic,23,Lower-Mid ($40–70k),Bachelor,None,Full-time (>20 hrs),84.8,13.8,3.05,Yes,None,No,4,4,Yes,66.41,Pass,2.23
STU-01346,2023,4,Information Technology,Full-time,Transfer / Credit,Male,International,28,Mid ($70–110k),No Tertiary,Merit-Based,Full-time (>20 hrs),60.7,27.1,3.16,Yes,Academic Advisor,No,4,4,Yes,64.36,Pass,2.48
STU-01347,2024,3,Health Sciences,Full-time,TAFE / Diploma,Female,Domestic,23,Upper-Mid ($110–160k),Postgraduate,None,Not Employed,60.7,19.2,3.67,Yes,Peer Tutoring,No,4,4,No,60.12,Pass,2.18
STU-01348,2024,2,Arts & Humanities,Full-time,Transfer / Credit,Male,Domestic,25,Upper-Mid ($110–160k),Bachelor,Merit-Based,Part-time (≤20 hrs),73.0,17.1,4.0,Yes,Peer Tutoring,No,4,4,No,74.3,Pass,2.99
STU-01349,2024,1,Education,Part-time,TAFE / Diploma,Male,Domestic,20,High (>$160k),No Tertiary,Merit-Based,Part-time (≤20 hrs),52.7,7.7,3.27,Yes,Peer Tutoring,No,2,1,Yes,42.93,Fail,1.08
STU-01350,2024,1,Health Sciences,Part-time,High School (ATAR),Female,International,21,Lower-Mid ($40–70k),Bachelor,Merit-Based,Part-time (≤20 hrs),88.6,15.8,2.96,Yes,None,No,2,2,No,59.51,Pass,2.27
STU-01351,2024,3,Engineering,Part-time,High School (ATAR),Female,Domestic,26,High (>$160k),TAFE / Certificate,External,Not Employed,59.0,13.9,3.28,Yes,None,No,2,2,Yes,56.5,Pass,2.65
STU-01352,2022,2,Health Sciences,Part-time,High School (ATAR),Male,Domestic,24,High (>$160k),Bachelor,None,Part-time (≤20 hrs),64.3,5.2,3.51,Yes,None,No,2,2,Yes,44.89,Pass,2.11
STU-01353,2023,1,Business,Part-time,Mature Age Entry,Male,International,23,Mid ($70–110k),TAFE / Certificate,Equity / Need-Based,Part-time (≤20 hrs),76.5,5.8,2.85,Yes,None,No,2,1,Yes,41.2,Fail,1.44
STU-01354,2024,4,Arts & Humanities,Full-time,Transfer / Credit,Non-binary / Other,International,27,Mid ($70–110k),No Tertiary,None,Part-time (≤20 hrs),67.1,22.3,2.61,Yes,Peer Tutoring,No,4,4,No,56.08,Pass,2.19
STU-01355,2024,1,Health Sciences,Full-time,High School (ATAR),Male,Domestic,23,Upper-Mid ($110–160k),TAFE / Certificate,Equity / Need-Based,Full-time (>20 hrs),79.0,11.7,2.15,Yes,None,No,4,4,Yes,43.31,Pass,2.22
STU-01356,2024,1,Information Technology,Full-time,High School (ATAR),Male,International,19,Mid ($70–110k),TAFE / Certificate,None,Part-time (≤20 hrs),76.6,20.3,3.05,Yes,None,No,4,4,No,64.2,Pass,2.22
STU-01357,2022,2,Arts & Humanities,Full-time,High School (ATAR),Male,International,22,Lower-Mid ($40–70k),Bachelor,None,Part-time (≤20 hrs),67.4,14.1,3.24,Yes,None,No,4,4,No,49.72,Pass,2.43
STU-01358,2023,4,Health Sciences,Part-time,TAFE / Diploma,Male,International,26,Lower-Mid ($40–70k),Postgraduate,None,Not Employed,60.5,16.9,2.78,Yes,Peer Tutoring,No,2,1,No,46.02,Fail,0.79
STU-01359,2024,1,Business,Full-time,High School (ATAR),Female,International,24,Low (<$40k),Bachelor,None,Not Employed,82.8,11.0,2.41,No,None,No,4,4,No,52.62,Pass,2.94
STU-01360,2024,1,Engineering,Full-time,Transfer / Credit,Female,Domestic,18,Mid ($70–110k),Bachelor,None,Not Employed,81.8,6.9,2.71,Yes,None,No,4,1,Yes,46.15,Fail,1.98
STU-01361,2023,2,Information Technology,Full-time,High School (ATAR),Male,Domestic,23,Mid ($70–110k),No Tertiary,None,Part-time (≤20 hrs),92.2,9.3,3.45,Yes,None,No,4,0,No,50.39,Fail,1.85
STU-01362,2023,2,Arts & Humanities,Full-time,International Pathway,Female,Domestic,21,Low (<$40k),Bachelor,Merit-Based,Part-time (≤20 hrs),75.5,28.6,2.66,No,None,No,4,4,No,65.41,Pass,2.51
STU-01363,2024,2,Health Sciences,Full-time,High School (ATAR),Male,Domestic,21,High (>$160k),TAFE / Certificate,Equity / Need-Based,Part-time (≤20 hrs),53.8,23.1,3.96,Yes,None,No,4,4,Yes,54.84,Pass,2.45
STU-01364,2022,1,Business,Part-time,TAFE / Diploma,Female,Domestic,23,Upper-Mid ($110–160k),TAFE / Certificate,Merit-Based,Part-time (≤20 hrs),58.4,10.0,3.91,Yes,Peer Tutoring,No,2,2,Yes,48.17,Pass,2.04
STU-01365,2022,3,Education,Part-time,Transfer / Credit,Female,Domestic,23,Upper-Mid ($110–160k),No Tertiary,Merit-Based,Not Employed,34.4,13.3,4.0,Yes,None,No,2,2,Yes,52.68,Pass,2.84
STU-01366,2023,1,Arts & Humanities,Full-time,Transfer / Credit,Female,Domestic,18,Low (<$40k),Postgraduate,None,Part-time (≤20 hrs),53.8,19.8,3.44,Yes,None,No,4,0,Yes,47.84,Fail,0.71
STU-01367,2023,2,Business,Full-time,High School (ATAR),Male,International,23,Mid ($70–110k),TAFE / Certificate,None,Part-time (≤20 hrs),86.2,18.8,2.69,Yes,None,No,4,4,No,58.62,Pass,2.24
STU-01368,2022,3,Business,Part-time,High School (ATAR),Male,Domestic,23,Upper-Mid ($110–160k),TAFE / Certificate,None,Not Employed,80.9,15.5,3.15,Yes,None,No,2,2,No,71.44,Pass,2.69
STU-01369,2024,2,Engineering,Full-time,High School (ATAR),Male,Domestic,23,Upper-Mid ($110–160k),Bachelor,External,Part-time (≤20 hrs),67.5,17.6,3.69,Yes,Academic Advisor,No,4,4,No,70.38,Distinction,3.3
STU-01370,2024,2,Health Sciences,Full-time,High School (ATAR),Female,Domestic,20,Lower-Mid ($40–70k),TAFE / Certificate,Merit-Based,Part-time (≤20 hrs),100.0,17.1,2.88,Yes,Academic Advisor,No,4,4,No,70.33,Pass,2.45
STU-01371,2024,4,Health Sciences,Full-time,Mature Age Entry,Male,Domestic,32,High (>$160k),TAFE / Certificate,None,Not Employed,80.4,25.9,1.95,Yes,Peer Tutoring,No,4,4,No,53.62,Pass,2.26
STU-01372,2024,1,Business,Full-time,High School (ATAR),Female,Domestic,22,Upper-Mid ($110–160k),No Tertiary,Equity / Need-Based,Part-time (≤20 hrs),74.6,13.4,2.27,Yes,Counselling,Yes,4,4,No,42.16,Pass,2.64
STU-01373,2022,3,Arts & Humanities,Part-time,High School (ATAR),Female,Domestic,23,Mid ($70–110k),Bachelor,None,Not Employed,100.0,13.8,3.5,Yes,None,No,2,2,No,60.28,Pass,2.97
STU-01374,2023,1,Health Sciences,Full-time,High School (ATAR),Male,Domestic,24,Upper-Mid ($110–160k),Bachelor,Merit-Based,Not Employed,73.0,18.8,3.58,Yes,Counselling,Yes,4,4,No,70.6,Pass,2.74
STU-01375,2024,4,Engineering,Full-time,High School (ATAR),Female,Domestic,25,Upper-Mid ($110–160k),Bachelor,None,Part-time (≤20 hrs),66.3,26.0,3.46,Yes,Academic Advisor,No,4,4,No,63.22,Pass,2.94
STU-01376,2023,2,Engineering,Full-time,High School (ATAR),Female,Domestic,22,Upper-Mid ($110–160k),Postgraduate,Equity / Need-Based,Not Employed,57.1,10.7,2.94,Yes,Peer Tutoring,No,4,4,Yes,69.95,Distinction,3.62
STU-01377,2024,3,Business,Full-time,TAFE / Diploma,Female,Domestic,22,Upper-Mid ($110–160k),Bachelor,None,Full-time (>20 hrs),73.3,19.4,2.45,Yes,Peer Tutoring,No,4,4,Yes,55.15,Pass,2.48
STU-01378,2023,3,Education,Part-time,Transfer / Credit,Female,Domestic,24,Lower-Mid ($40–70k),TAFE / Certificate,None,Not Employed,84.8,1.0,1.49,Yes,Counselling,Yes,2,0,Yes,41.75,Fail,0.72
STU-01379,2022,2,Business,Full-time,High School (ATAR),Male,International,22,High (>$160k),Postgraduate,None,Not Employed,82.7,20.8,2.53,Yes,Multiple Services,Yes,4,4,No,65.4,Pass,2.97
STU-01380,2024,2,Health Sciences,Full-time,High School (ATAR),Female,Domestic,23,Upper-Mid ($110–160k),Bachelor,None,Not Employed,80.6,16.6,3.54,Yes,None,No,4,4,No,65.1,Pass,2.61
STU-01381,2023,4,Arts & Humanities,Part-time,High School (ATAR),Male,International,24,Lower-Mid ($40–70k),No Tertiary,None,Part-time (≤20 hrs),68.9,8.9,2.81,Yes,None,No,2,0,No,32.18,Withdrawn,0.0
STU-01382,2023,1,Education,Full-time,TAFE / Diploma,Male,Domestic,22,Low (<$40k),Bachelor,None,Part-time (≤20 hrs),87.5,17.2,1.8,Yes,Peer Tutoring,No,4,3,No,43.9,Fail,1.54
STU-01383,2024,2,Business,Full-time,Mature Age Entry,Female,Domestic,24,Upper-Mid ($110–160k),No Tertiary,Equity / Need-Based,Part-time (≤20 hrs),90.3,19.7,3.11,Yes,None,No,4,4,No,63.63,Pass,2.09
STU-01384,2022,4,Information Technology,Part-time,High School (ATAR),Male,International,24,Low (<$40k),No Tertiary,None,Not Employed,82.5,10.6,3.18,Yes,None,No,2,2,No,56.45,Pass,2.15
STU-01385,2023,1,Engineering,Full-time,TAFE / Diploma,Female,Domestic,22,Mid ($70–110k),No Tertiary,External,Part-time (≤20 hrs),72.6,17.2,3.27,Yes,None,No,4,4,No,57.6,Pass,2.63
STU-01386,2022,2,Education,Full-time,Transfer / Credit,Male,Domestic,22,Mid ($70–110k),No Tertiary,None,Not Employed,79.9,8.4,3.33,Yes,Academic Advisor,No,4,4,No,60.03,Pass,2.43
STU-01387,2023,1,Arts & Humanities,Full-time,High School (ATAR),Male,Domestic,19,High (>$160k),Postgraduate,None,Not Employed,83.0,12.4,3.67,Yes,None,No,4,4,No,57.95,Pass,2.64
STU-01388,2022,2,Business,Part-time,International Pathway,Non-binary / Other,Domestic,23,Lower-Mid ($40–70k),No Tertiary,Equity / Need-Based,Full-time (>20 hrs),63.8,14.1,2.69,Yes,Peer Tutoring,No,2,0,No,45.49,Fail,1.49
STU-01389,2022,1,Education,Part-time,Transfer / Credit,Female,International,21,Mid ($70–110k),Bachelor,None,Part-time (≤20 hrs),80.5,11.7,2.85,Yes,Academic Advisor,No,2,1,No,51.6,Fail,1.5
STU-01390,2024,3,Health Sciences,Full-time,High School (ATAR),Male,International,20,Lower-Mid ($40–70k),No Tertiary,Merit-Based,Part-time (≤20 hrs),39.9,17.1,2.56,Yes,Academic Advisor,No,4,1,Yes,44.36,Fail,0.81
STU-01391,2022,4,Business,Part-time,High School (ATAR),Male,Domestic,25,Mid ($70–110k),TAFE / Certificate,Merit-Based,Not Employed,64.3,13.3,3.67,Yes,Multiple Services,Yes,2,2,No,55.98,Pass,2.8
STU-01392,2023,1,Health Sciences,Full-time,International Pathway,Female,Domestic,27,Lower-Mid ($40–70k),Postgraduate,None,Not Employed,68.4,24.7,2.7,Yes,Academic Advisor,No,4,4,No,62.46,Pass,2.64
STU-01393,2024,1,Health Sciences,Part-time,High School (ATAR),Female,Domestic,19,Low (<$40k),No Tertiary,None,Not Employed,46.8,14.6,3.2,No,Peer Tutoring,No,2,2,Yes,60.37,Pass,2.01
STU-01394,2023,1,Education,Part-time,Transfer / Credit,Female,Domestic,29,High (>$160k),No Tertiary,None,Not Employed,50.9,11.2,1.91,Yes,None,No,2,1,Yes,35.44,Fail,1.24
STU-01395,2023,3,Health Sciences,Part-time,High School (ATAR),Male,Domestic,24,Lower-Mid ($40–70k),Postgraduate,None,Not Employed,74.1,25.6,4.0,Yes,None,No,2,2,No,69.04,Pass,2.74
STU-01396,2024,2,Health Sciences,Part-time,TAFE / Diploma,Female,Domestic,22,Lower-Mid ($40–70k),Bachelor,None,Full-time (>20 hrs),42.2,2.5,2.89,Yes,Peer Tutoring,No,2,1,Yes,35.69,Fail,1.68
STU-01397,2024,1,Business,Full-time,Mature Age Entry,Male,Domestic,23,Mid ($70–110k),TAFE / Certificate,None,Not Employed,75.4,20.6,2.28,Yes,Multiple Services,Yes,4,4,No,55.46,Pass,2.16
STU-01398,2022,1,Arts & Humanities,Full-time,Transfer / Credit,Male,International,21,Mid ($70–110k),TAFE / Certificate,External,Part-time (≤20 hrs),67.5,15.8,2.65,Yes,Peer Tutoring,No,4,0,No,51.05,Fail,1.16
STU-01399,2022,3,Health Sciences,Full-time,High School (ATAR),Female,Domestic,19,High (>$160k),No Tertiary,None,Not Employed,75.6,13.0,2.21,Yes,Academic Advisor,No,4,4,No,55.74,Pass,2.3
STU-01400,2024,3,Information Technology,Full-time,Mature Age Entry,Male,International,17,Lower-Mid ($40–70k),TAFE / Certificate,Equity / Need-Based,Full-time (>20 hrs),74.4,13.9,2.42,Yes,Multiple Services,Yes,4,1,Yes,46.43,Fail,1.37
STU-01401,2023,3,Information Technology,Full-time,TAFE / Diploma,Male,Domestic,23,Mid ($70–110k),Bachelor,None,Not Employed,65.4,20.4,1.19,Yes,None,No,4,4,No,51.09,Pass,2.89
STU-01402,2024,2,Engineering,Part-time,High School (ATAR),Female,International,21,High (>$160k),Bachelor,None,Not Employed,63.7,15.4,3.83,Yes,None,No,2,2,No,56.47,Pass,2.12
STU-01403,2023,1,Health Sciences,Full-time,Mature Age Entry,Male,Domestic,23,Low (<$40k),Bachelor,None,Not Employed,58.6,13.7,2.35,Yes,Academic Advisor,No,4,1,Yes,48.35,Fail,1.14
STU-01404,2022,4,Information Technology,Full-time,High School (ATAR),Female,International,24,Low (<$40k),Postgraduate,Equity / Need-Based,Not Employed,93.9,14.5,3.41,No,None,No,4,4,No,55.99,Pass,2.23
STU-01405,2022,3,Engineering,Full-time,High School (ATAR),Female,International,24,Upper-Mid ($110–160k),No Tertiary,Equity / Need-Based,Part-time (≤20 hrs),77.7,21.9,2.11,Yes,Multiple Services,Yes,4,4,No,66.97,Pass,2.93
STU-01406,2024,2,Arts & Humanities,Full-time,High School (ATAR),Female,Domestic,22,Lower-Mid ($40–70k),No Tertiary,Merit-Based,Part-time (≤20 hrs),61.7,17.3,3.1,Yes,Counselling,Yes,4,1,No,44.97,Fail,0.59
STU-01407,2022,3,Engineering,Full-time,Transfer / Credit,Male,International,22,Mid ($70–110k),Postgraduate,External,Part-time (≤20 hrs),90.7,22.5,3.14,Yes,Academic Advisor,No,4,4,No,76.43,Pass,2.95
STU-01408,2024,2,Engineering,Full-time,Mature Age Entry,Male,International,17,High (>$160k),No Tertiary,Merit-Based,Full-time (>20 hrs),63.2,11.2,3.35,Yes,None,No,4,2,Yes,47.51,Fail,1.99
STU-01409,2023,2,Arts & Humanities,Part-time,High School (ATAR),Male,Domestic,24,Lower-Mid ($40–70k),Postgraduate,None,Part-time (≤20 hrs),76.1,15.6,3.7,Yes,Peer Tutoring,No,2,2,No,62.29,Pass,2.31
STU-01410,2022,1,Information Technology,Full-time,Transfer / Credit,Female,Domestic,20,Lower-Mid ($40–70k),Bachelor,Merit-Based,Not Employed,87.4,29.6,3.94,Yes,Peer Tutoring,No,4,4,No,82.29,Distinction,3.33
STU-01411,2022,4,Health Sciences,Full-time,TAFE / Diploma,Female,Domestic,25,Low (<$40k),No Tertiary,None,Part-time (≤20 hrs),63.5,17.8,2.61,Yes,None,No,4,0,No,49.86,Fail,0.87
STU-01412,2024,2,Health Sciences,Full-time,High School (ATAR),Female,Domestic,24,Low (<$40k),Bachelor,None,Part-time (≤20 hrs),77.7,17.4,3.66,Yes,None,No,4,4,No,55.38,Pass,2.95
STU-01413,2023,4,Education,Part-time,High School (ATAR),Male,Domestic,23,High (>$160k),Postgraduate,None,Full-time (>20 hrs),35.6,5.7,3.3,Yes,Peer Tutoring,No,2,0,Yes,33.18,Withdrawn,0.0
STU-01414,2024,2,Engineering,Part-time,Transfer / Credit,Male,International,20,Upper-Mid ($110–160k),TAFE / Certificate,None,Part-time (≤20 hrs),89.0,11.0,3.2,Yes,Academic Advisor,No,2,2,No,62.59,Pass,2.44
STU-01415,2022,2,Arts & Humanities,Part-time,TAFE / Diploma,Female,International,21,Mid ($70–110k),No Tertiary,Equity / Need-Based,Part-time (≤20 hrs),61.9,8.6,3.69,Yes,Academic Advisor,No,2,1,No,48.64,Fail,1.02
STU-01416,2024,2,Engineering,Full-time,TAFE / Diploma,Female,Domestic,20,High (>$160k),No Tertiary,None,Part-time (≤20 hrs),81.4,10.7,2.78,Yes,None,No,4,4,No,65.25,Pass,2.67
STU-01417,2022,1,Arts & Humanities,Part-time,High School (ATAR),Non-binary / Other,International,21,Low (<$40k),Postgraduate,Equity / Need-Based,Part-time (≤20 hrs),65.4,8.9,3.5,Yes,None,No,2,2,No,54.83,Pass,2.29
STU-01418,2023,1,Information Technology,Full-time,Transfer / Credit,Female,International,21,Low (<$40k),Bachelor,Equity / Need-Based,Not Employed,84.2,23.7,3.8,Yes,Peer Tutoring,No,4,4,No,70.3,Distinction,3.11
STU-01419,2024,2,Business,Full-time,Transfer / Credit,Female,Domestic,25,Lower-Mid ($40–70k),No Tertiary,External,Part-time (≤20 hrs),69.0,15.7,2.11,Yes,Counselling,Yes,4,4,No,52.07,Pass,2.75
STU-01420,2022,1,Arts & Humanities,Full-time,TAFE / Diploma,Non-binary / Other,Domestic,23,Low (<$40k),Bachelor,Merit-Based,Full-time (>20 hrs),62.8,8.6,3.28,No,None,No,4,0,Yes,33.7,Withdrawn,0.0
STU-01421,2023,2,Business,Full-time,TAFE / Diploma,Female,International,23,Upper-Mid ($110–160k),Bachelor,Merit-Based,Full-time (>20 hrs),43.1,16.0,3.18,Yes,None,No,4,0,Yes,46.03,Fail,1.27
STU-01422,2024,3,Education,Part-time,High School (ATAR),Female,International,22,High (>$160k),TAFE / Certificate,Equity / Need-Based,Part-time (≤20 hrs),67.9,10.4,4.0,Yes,Peer Tutoring,No,2,2,No,52.48,Pass,2.17
STU-01423,2022,3,Arts & Humanities,Full-time,TAFE / Diploma,Female,Domestic,24,Mid ($70–110k),Postgraduate,Merit-Based,Part-time (≤20 hrs),71.5,25.4,3.16,Yes,Peer Tutoring,No,4,4,No,71.35,Pass,2.9
STU-01424,2023,3,Health Sciences,Part-time,Mature Age Entry,Male,International,23,Mid ($70–110k),No Tertiary,None,Not Employed,43.8,20.4,2.19,Yes,None,No,2,1,Yes,43.02,Fail,1.52
STU-01425,2024,1,Health Sciences,Full-time,High School (ATAR),Female,International,21,High (>$160k),No Tertiary,None,Not Employed,73.9,18.5,3.8,Yes,None,No,4,4,No,73.74,Distinction,3.05
STU-01426,2024,4,Arts & Humanities,Full-time,International Pathway,Male,Domestic,24,Lower-Mid ($40–70k),Bachelor,Merit-Based,Not Employed,81.2,21.3,4.0,Yes,None,No,4,4,No,67.66,Pass,2.33
STU-01427,2024,3,Education,Part-time,High School (ATAR),Male,International,24,Upper-Mid ($110–160k),Postgraduate,None,Part-time (≤20 hrs),62.9,14.7,3.87,Yes,Peer Tutoring,No,2,2,No,60.15,Pass,2.99
STU-01428,2024,2,Engineering,Full-time,High School (ATAR),Male,Domestic,22,Lower-Mid ($40–70k),Bachelor,None,Full-time (>20 hrs),56.1,10.5,2.31,Yes,Counselling,Yes,4,0,Yes,36.85,Withdrawn,0.0
STU-01429,2022,2,Education,Full-time,TAFE / Diploma,Male,Domestic,22,Upper-Mid ($110–160k),Bachelor,None,Part-time (≤20 hrs),81.1,19.3,2.2,Yes,None,No,4,4,No,61.67,Pass,2.04
STU-01430,2023,4,Engineering,Part-time,TAFE / Diploma,Female,International,31,Upper-Mid ($110–160k),Bachelor,None,Part-time (≤20 hrs),51.3,19.9,3.06,Yes,None,No,2,0,Yes,49.84,Fail,1.73
STU-01431,2023,3,Arts & Humanities,Part-time,TAFE / Diploma,Female,Domestic,29,High (>$160k),No Tertiary,None,Part-time (≤20 hrs),57.4,16.2,2.94,Yes,None,No,2,2,Yes,48.03,Pass,2.04
STU-01432,2024,3,Arts & Humanities,Full-time,TAFE / Diploma,Male,Domestic,22,Upper-Mid ($110–160k),Bachelor,None,Not Employed,68.9,23.2,2.71,Yes,Academic Advisor,No,4,4,No,70.3,Distinction,3.31
STU-01433,2022,2,Information Technology,Full-time,TAFE / Diploma,Female,Domestic,20,Mid ($70–110k),No Tertiary,Merit-Based,Part-time (≤20 hrs),92.4,13.6,3.09,Yes,Peer Tutoring,No,4,4,No,64.9,Pass,2.82
STU-01434,2022,1,Engineering,Part-time,Mature Age Entry,Male,International,18,Low (<$40k),TAFE / Certificate,None,Full-time (>20 hrs),66.8,12.1,2.69,Yes,None,No,2,0,No,35.7,Withdrawn,0.0
STU-01435,2023,4,Health Sciences,Full-time,High School (ATAR),Female,Domestic,23,Upper-Mid ($110–160k),No Tertiary,None,Part-time (≤20 hrs),41.6,19.5,4.0,Yes,Academic Advisor,No,4,2,Yes,42.77,Fail,1.31
STU-01436,2024,4,Health Sciences,Full-time,High School (ATAR),Female,International,26,Lower-Mid ($40–70k),Bachelor,None,Not Employed,81.3,16.2,3.48,Yes,Peer Tutoring,No,4,4,No,75.16,Pass,2.11
STU-01437,2022,1,Arts & Humanities,Full-time,High School (ATAR),Male,Domestic,20,Lower-Mid ($40–70k),Bachelor,None,Not Employed,97.3,15.7,2.75,Yes,Academic Advisor,No,4,4,No,77.79,Distinction,3.06
STU-01438,2023,3,Engineering,Full-time,Mature Age Entry,Male,Domestic,20,Lower-Mid ($40–70k),Bachelor,None,Full-time (>20 hrs),67.8,7.2,3.43,Yes,None,No,4,2,Yes,46.53,Fail,1.08
STU-01439,2024,4,Business,Full-time,Mature Age Entry,Male,Domestic,25,High (>$160k),Bachelor,None,Part-time (≤20 hrs),66.4,17.9,3.04,Yes,None,No,4,4,No,67.81,Pass,2.93
STU-01440,2022,3,Engineering,Full-time,High School (ATAR),Female,Domestic,27,Mid ($70–110k),No Tertiary,None,Part-time (≤20 hrs),52.2,16.0,3.08,Yes,Academic Advisor,No,4,3,Yes,42.34,Fail,0.51
STU-01441,2023,1,Business,Full-time,International Pathway,Female,Domestic,21,Lower-Mid ($40–70k),Bachelor,None,Not Employed,83.3,25.6,2.59,Yes,Multiple Services,Yes,4,4,No,63.85,Pass,2.83
STU-01442,2023,4,Business,Full-time,TAFE / Diploma,Male,Domestic,21,Upper-Mid ($110–160k),Bachelor,None,Part-time (≤20 hrs),82.0,17.8,3.27,Yes,Academic Advisor,No,4,4,No,54.42,Pass,2.2
STU-01443,2023,1,Business,Part-time,International Pathway,Non-binary / Other,Domestic,21,Low (<$40k),Bachelor,External,Part-time (≤20 hrs),71.2,16.3,2.33,Yes,None,No,2,0,No,47.03,Fail,1.87
STU-01444,2023,2,Business,Full-time,Mature Age Entry,Male,Domestic,18,Lower-Mid ($40–70k),No Tertiary,Equity / Need-Based,Part-time (≤20 hrs),75.6,23.8,2.5,Yes,Multiple Services,Yes,4,4,No,58.15,Pass,2.73
STU-01445,2022,1,Business,Full-time,Transfer / Credit,Male,Domestic,22,Mid ($70–110k),No Tertiary,None,Not Employed,84.1,20.1,3.03,Yes,Academic Advisor,No,4,4,No,61.38,Pass,2.59
STU-01446,2022,4,Education,Full-time,TAFE / Diploma,Male,Domestic,24,Mid ($70–110k),Postgraduate,Merit-Based,Not Employed,64.4,11.9,2.31,Yes,None,No,4,4,No,61.62,Pass,2.46
STU-01447,2024,4,Education,Part-time,High School (ATAR),Female,International,28,Lower-Mid ($40–70k),Bachelor,Merit-Based,Part-time (≤20 hrs),62.7,9.8,3.19,Yes,None,No,2,2,No,58.83,Pass,2.41
STU-01448,2023,2,Health Sciences,Part-time,High School (ATAR),Female,Domestic,21,Low (<$40k),Bachelor,External,Full-time (>20 hrs),63.3,11.0,3.01,Yes,Multiple Services,Yes,2,0,No,51.32,Fail,1.33
STU-01449,2024,2,Engineering,Part-time,Transfer / Credit,Female,Domestic,22,Lower-Mid ($40–70k),TAFE / Certificate,None,Not Employed,54.1,13.8,2.94,Yes,Counselling,Yes,2,2,Yes,55.04,Pass,2.21
STU-01450,2022,1,Information Technology,Full-time,High School (ATAR),Male,International,22,Low (<$40k),No Tertiary,Equity / Need-Based,Not Employed,86.3,21.9,2.88,No,Academic Advisor,No,4,4,No,70.22,Pass,2.91
STU-01451,2023,1,Business,Full-time,TAFE / Diploma,Female,Domestic,20,Low (<$40k),No Tertiary,None,Part-time (≤20 hrs),51.8,19.7,3.74,Yes,Counselling,Yes,4,1,Yes,44.65,Fail,0.62
STU-01452,2024,2,Health Sciences,Full-time,Transfer / Credit,Male,Domestic,21,Mid ($70–110k),TAFE / Certificate,Equity / Need-Based,Not Employed,100.0,18.1,2.56,Yes,None,No,4,4,No,63.48,Pass,2.15
STU-01453,2022,3,Arts & Humanities,Part-time,High School (ATAR),Male,Domestic,24,High (>$160k),TAFE / Certificate,None,Part-time (≤20 hrs),82.0,12.3,2.19,Yes,Academic Advisor,No,2,2,No,44.38,Pass,2.23
STU-01454,2022,4,Health Sciences,Part-time,TAFE / Diploma,Male,Domestic,26,Upper-Mid ($110–160k),No Tertiary,Equity / Need-Based,Part-time (≤20 hrs),68.8,8.9,2.47,Yes,None,No,2,0,No,35.51,Withdrawn,0.0
STU-01455,2022,3,Education,Part-time,Transfer / Credit,Female,Domestic,21,Mid ($70–110k),Postgraduate,Merit-Based,Full-time (>20 hrs),73.1,9.4,4.0,Yes,Peer Tutoring,No,2,2,No,56.79,Pass,2.97
STU-01456,2023,1,Health Sciences,Full-time,International Pathway,Male,International,25,Upper-Mid ($110–160k),Bachelor,None,Part-time (≤20 hrs),84.6,23.0,2.83,Yes,None,No,4,4,No,68.55,Pass,2.8
STU-01457,2022,1,Health Sciences,Full-time,High School (ATAR),Male,International,24,Lower-Mid ($40–70k),TAFE / Certificate,Equity / Need-Based,Part-time (≤20 hrs),68.9,18.9,2.63,Yes,None,No,4,4,No,55.12,Pass,2.16
STU-01458,2023,3,Health Sciences,Part-time,TAFE / Diploma,Female,Domestic,23,Low (<$40k),Bachelor,None,Part-time (≤20 hrs),59.5,15.1,2.57,No,Peer Tutoring,No,2,0,Yes,32.27,Withdrawn,0.0
STU-01459,2024,1,Arts & Humanities,Full-time,High School (ATAR),Male,Domestic,17,Low (<$40k),Postgraduate,None,Part-time (≤20 hrs),59.5,26.9,3.97,Yes,None,No,4,4,Yes,63.76,Pass,2.9
STU-01460,2023,2,Health Sciences,Part-time,High School (ATAR),Female,Domestic,23,Mid ($70–110k),Bachelor,Equity / Need-Based,Part-time (≤20 hrs),76.0,14.7,3.02,Yes,Peer Tutoring,No,2,2,No,58.85,Pass,2.11
STU-01461,2022,3,Arts & Humanities,Full-time,High School (ATAR),Female,Domestic,22,Lower-Mid ($40–70k),Bachelor,None,Part-time (≤20 hrs),67.7,13.5,2.84,Yes,Peer Tutoring,No,4,4,No,64.28,Pass,2.83
STU-01462,2024,1,Health Sciences,Full-time,Transfer / Credit,Non-binary / Other,Domestic,22,Mid ($70–110k),TAFE / Certificate,None,Full-time (>20 hrs),56.9,15.1,3.33,Yes,None,No,4,4,Yes,44.75,Pass,2.74
STU-01463,2022,1,Health Sciences,Full-time,TAFE / Diploma,Male,Domestic,18,Low (<$40k),Postgraduate,None,Not Employed,74.3,11.8,2.25,Yes,None,No,4,2,No,48.17,Fail,1.78
STU-01464,2024,2,Business,Full-time,TAFE / Diploma,Female,Domestic,23,Mid ($70–110k),Bachelor,Equity / Need-Based,Part-time (≤20 hrs),70.5,15.9,2.92,Yes,Multiple Services,Yes,4,4,No,63.99,Pass,2.11
STU-01465,2022,3,Arts & Humanities,Part-time,Transfer / Credit,Non-binary / Other,Domestic,24,Upper-Mid ($110–160k),Bachelor,None,Not Employed,59.5,16.3,1.6,Yes,None,No,2,2,Yes,48.78,Pass,2.52
STU-01466,2024,2,Arts & Humanities,Part-time,High School (ATAR),Male,Domestic,24,Mid ($70–110k),No Tertiary,Equity / Need-Based,Part-time (≤20 hrs),76.3,15.1,3.15,Yes,Counselling,Yes,2,2,No,68.44,Pass,2.28
STU-01467,2022,1,Information Technology,Full-time,High School (ATAR),Female,Domestic,24,Mid ($70–110k),Bachelor,Merit-Based,Part-time (≤20 hrs),66.9,25.3,4.0,Yes,None,No,4,4,No,61.85,Pass,2.25
STU-01468,2024,2,Engineering,Full-time,International Pathway,Female,Domestic,25,Lower-Mid ($40–70k),TAFE / Certificate,None,Part-time (≤20 hrs),65.6,18.3,2.95,Yes,None,No,4,4,No,56.09,Pass,2.77
STU-01469,2024,3,Health Sciences,Part-time,High School (ATAR),Female,International,21,High (>$160k),Postgraduate,Equity / Need-Based,Full-time (>20 hrs),60.4,8.3,3.38,Yes,None,No,2,1,No,38.41,Fail,1.96
STU-01470,2022,3,Arts & Humanities,Full-time,High School (ATAR),Male,Domestic,21,Mid ($70–110k),Bachelor,None,Not Employed,76.2,14.5,2.7,Yes,None,No,4,4,No,63.07,Pass,2.17
STU-01471,2022,3,Engineering,Full-time,High School (ATAR),Male,Domestic,20,Lower-Mid ($40–70k),Bachelor,None,Full-time (>20 hrs),41.9,10.7,3.62,Yes,Academic Advisor,No,4,2,Yes,45.13,Fail,1.75
STU-01472,2022,1,Health Sciences,Full-time,High School (ATAR),Female,Domestic,20,Mid ($70–110k),Bachelor,External,Part-time (≤20 hrs),71.8,25.0,2.92,Yes,None,No,4,4,No,67.58,Pass,2.24
STU-01473,2022,2,Arts & Humanities,Full-time,Mature Age Entry,Female,International,19,Low (<$40k),No Tertiary,None,Not Employed,75.9,21.4,2.09,Yes,Peer Tutoring,No,4,2,No,48.81,Fail,1.53
STU-01474,2022,1,Business,Full-time,High School (ATAR),Female,International,20,Mid ($70–110k),Postgraduate,Equity / Need-Based,Full-time (>20 hrs),68.7,15.0,3.38,Yes,None,No,4,4,Yes,56.24,Pass,2.95
STU-01475,2022,2,Health Sciences,Part-time,Mature Age Entry,Non-binary / Other,Domestic,19,Lower-Mid ($40–70k),Postgraduate,None,Part-time (≤20 hrs),76.7,12.2,2.74,Yes,Peer Tutoring,No,2,2,No,61.25,Pass,2.17
STU-01476,2024,1,Engineering,Full-time,Mature Age Entry,Female,International,23,Lower-Mid ($40–70k),Postgraduate,None,Full-time (>20 hrs),77.2,4.3,3.3,Yes,Peer Tutoring,No,4,4,Yes,47.86,Pass,2.33
STU-01477,2022,4,Business,Full-time,High School (ATAR),Male,Domestic,26,Low (<$40k),Bachelor,Merit-Based,Not Employed,87.0,14.3,4.0,Yes,Academic Advisor,No,4,4,No,80.03,Distinction,3.14
STU-01478,2023,4,Information Technology,Part-time,TAFE / Diploma,Female,International,24,Upper-Mid ($110–160k),Bachelor,None,Part-time (≤20 hrs),87.3,15.7,2.74,Yes,Counselling,Yes,2,2,No,65.72,Pass,2.07
STU-01479,2023,4,Information Technology,Full-time,High School (ATAR),Female,Domestic,25,Upper-Mid ($110–160k),Bachelor,None,Not Employed,52.4,19.2,2.3,Yes,None,No,4,2,Yes,47.53,Fail,1.91
STU-01480,2023,3,Health Sciences,Part-time,High School (ATAR),Female,International,23,Low (<$40k),Bachelor,Equity / Need-Based,Full-time (>20 hrs),72.0,19.4,3.4,Yes,None,No,2,2,No,56.98,Pass,2.01
STU-01481,2024,2,Health Sciences,Part-time,Mature Age Entry,Female,Domestic,23,Mid ($70–110k),TAFE / Certificate,Merit-Based,Not Employed,53.5,15.0,3.39,Yes,Peer Tutoring,No,2,2,Yes,46.66,Pass,2.45
STU-01482,2024,2,Business,Part-time,High School (ATAR),Female,Domestic,25,Mid ($70–110k),Postgraduate,None,Not Employed,81.6,15.8,2.76,Yes,None,No,2,2,No,68.49,Pass,2.1
STU-01483,2022,1,Business,Full-time,TAFE / Diploma,Female,Domestic,23,Mid ($70–110k),TAFE / Certificate,None,Full-time (>20 hrs),76.9,11.1,3.64,Yes,Academic Advisor,No,4,3,Yes,48.72,Fail,1.59
STU-01484,2024,3,Engineering,Part-time,High School (ATAR),Female,Domestic,27,Mid ($70–110k),Bachelor,Merit-Based,Part-time (≤20 hrs),74.6,15.2,3.84,Yes,Peer Tutoring,No,2,2,No,64.53,Pass,2.52
STU-01485,2024,1,Business,Full-time,High School (ATAR),Female,International,22,High (>$160k),Bachelor,Merit-Based,Not Employed,77.4,19.3,3.99,Yes,None,No,4,4,No,69.57,Pass,2.68
STU-01486,2024,3,Information Technology,Part-time,TAFE / Diploma,Female,International,20,Low (<$40k),Postgraduate,Merit-Based,Part-time (≤20 hrs),72.3,20.6,3.01,No,Peer Tutoring,No,2,2,No,60.66,Pass,2.67
STU-01487,2024,2,Arts & Humanities,Part-time,High School (ATAR),Male,Domestic,22,Low (<$40k),Postgraduate,Equity / Need-Based,Part-time (≤20 hrs),67.8,9.9,3.6,Yes,Counselling,Yes,2,0,No,42.75,Fail,1.57
STU-01488,2024,4,Education,Full-time,High School (ATAR),Male,International,27,Lower-Mid ($40–70k),TAFE / Certificate,Merit-Based,Part-time (≤20 hrs),79.2,19.4,2.56,Yes,Academic Advisor,No,4,4,No,62.47,Pass,2.14
STU-01489,2022,4,Engineering,Full-time,High School (ATAR),Female,Domestic,24,Lower-Mid ($40–70k),No Tertiary,None,Not Employed,67.5,17.7,3.35,Yes,Academic Advisor,No,4,4,No,66.06,Pass,2.65
STU-01490,2024,3,Business,Full-time,Mature Age Entry,Male,Domestic,22,Lower-Mid ($40–70k),Postgraduate,None,Full-time (>20 hrs),78.4,16.1,4.0,Yes,None,No,4,4,Yes,66.2,Pass,2.06
STU-01491,2022,4,Health Sciences,Full-time,High School (ATAR),Female,International,24,Lower-Mid ($40–70k),Bachelor,None,Full-time (>20 hrs),66.6,12.7,3.1,Yes,Peer Tutoring,No,4,4,Yes,53.79,Pass,2.41
STU-01492,2024,1,Business,Full-time,TAFE / Diploma,Female,Domestic,21,High (>$160k),TAFE / Certificate,Merit-Based,Part-time (≤20 hrs),54.5,18.9,2.33,Yes,None,No,4,2,Yes,51.4,Fail,0.63
STU-01493,2022,1,Business,Full-time,High School (ATAR),Male,Domestic,19,Low (<$40k),Bachelor,None,Part-time (≤20 hrs),83.5,11.9,2.07,No,Academic Advisor,No,4,4,No,53.55,Pass,2.35
STU-01494,2022,2,Information Technology,Full-time,High School (ATAR),Female,Domestic,20,Mid ($70–110k),Bachelor,None,Part-time (≤20 hrs),83.5,24.5,2.01,Yes,Academic Advisor,No,4,4,No,62.53,Pass,2.62
STU-01495,2023,1,Health Sciences,Full-time,Mature Age Entry,Female,Domestic,20,Upper-Mid ($110–160k),TAFE / Certificate,Equity / Need-Based,Full-time (>20 hrs),64.5,11.1,2.78,Yes,Peer Tutoring,No,4,3,Yes,46.1,Fail,1.38
STU-01496,2022,4,Health Sciences,Full-time,High School (ATAR),Male,International,27,Low (<$40k),Postgraduate,External,Part-time (≤20 hrs),100.0,20.9,3.32,Yes,Counselling,Yes,4,4,No,72.65,Distinction,3.34
STU-01497,2023,1,Arts & Humanities,Full-time,Mature Age Entry,Male,Domestic,23,Mid ($70–110k),No Tertiary,None,Not Employed,70.1,12.5,2.85,Yes,None,No,4,4,No,54.31,Pass,2.16
STU-01498,2024,1,Information Technology,Full-time,Transfer / Credit,Female,Domestic,23,Lower-Mid ($40–70k),TAFE / Certificate,None,Part-time (≤20 hrs),91.2,16.1,3.32,Yes,None,No,4,4,No,70.27,Distinction,3.43
STU-01499,2022,2,Information Technology,Full-time,High School (ATAR),Male,Domestic,19,Upper-Mid ($110–160k),TAFE / Certificate,None,Full-time (>20 hrs),52.2,7.9,2.0,Yes,None,No,4,0,Yes,25.76,Withdrawn,0.0
STU-01500,2022,1,Arts & Humanities,Part-time,TAFE / Diploma,Female,Domestic,23,Lower-Mid ($40–70k),Postgraduate,Equity / Need-Based,Part-time (≤20 hrs),70.0,17.5,4.0,Yes,Peer Tutoring,No,2,2,No,61.82,Pass,2.68
STU-01501,2023,1,Information Technology,Full-time,International Pathway,Female,International,21,Upper-Mid ($110–160k),TAFE / Certificate,None,Full-time (>20 hrs),91.6,16.4,2.96,Yes,None,No,4,4,Yes,53.79,Pass,2.38
STU-01502,2024,1,Business,Part-time,Transfer / Credit,Female,International,22,Lower-Mid ($40–70k),TAFE / Certificate,None,Part-time (≤20 hrs),79.4,9.1,2.96,Yes,Academic Advisor,No,2,1,No,44.5,Fail,1.55
STU-01503,2024,1,Engineering,Full-time,High School (ATAR),Female,Domestic,23,Mid ($70–110k),Bachelor,External,Part-time (≤20 hrs),72.6,17.2,2.98,Yes,Multiple Services,Yes,4,4,No,60.46,Pass,2.85
STU-01504,2023,4,Business,Part-time,International Pathway,Male,Domestic,22,Upper-Mid ($110–160k),Postgraduate,None,Full-time (>20 hrs),48.7,5.7,1.97,Yes,Peer Tutoring,No,2,0,Yes,29.91,Fail,1.27
STU-01505,2023,1,Information Technology,Full-time,Transfer / Credit,Male,Domestic,21,Lower-Mid ($40–70k),Bachelor,None,Full-time (>20 hrs),64.3,18.5,3.84,Yes,None,No,4,4,Yes,58.84,Pass,2.03
STU-01506,2023,1,Arts & Humanities,Part-time,Mature Age Entry,Female,Domestic,23,High (>$160k),Postgraduate,Merit-Based,Part-time (≤20 hrs),84.6,17.8,4.0,Yes,None,No,2,2,No,70.34,Distinction,3.28
STU-01507,2022,2,Engineering,Part-time,Transfer / Credit,Female,International,20,Mid ($70–110k),Bachelor,Equity / Need-Based,Full-time (>20 hrs),61.6,1.0,2.73,Yes,None,No,2,0,Yes,33.71,Withdrawn,0.0
STU-01508,2022,4,Engineering,Full-time,Mature Age Entry,Male,Domestic,26,Upper-Mid ($110–160k),Bachelor,None,Part-time (≤20 hrs),86.3,11.1,3.27,Yes,Peer Tutoring,No,4,4,No,59.3,Pass,2.93
STU-01509,2023,1,Health Sciences,Full-time,TAFE / Diploma,Female,International,22,Mid ($70–110k),Bachelor,None,Part-time (≤20 hrs),88.3,14.9,2.48,Yes,Academic Advisor,No,4,4,No,61.2,Pass,2.33
STU-01510,2022,2,Engineering,Part-time,TAFE / Diploma,Female,Domestic,22,Lower-Mid ($40–70k),Bachelor,Merit-Based,Not Employed,73.1,16.2,3.68,Yes,None,No,2,2,No,64.71,Pass,2.15
STU-01511,2024,2,Business,Full-time,Mature Age Entry,Non-binary / Other,International,23,Low (<$40k),Bachelor,External,Part-time (≤20 hrs),69.8,8.8,1.98,Yes,None,No,4,3,No,36.51,Fail,1.33
STU-01512,2022,2,Arts & Humanities,Full-time,Mature Age Entry,Female,Domestic,27,Low (<$40k),No Tertiary,None,Not Employed,70.6,7.5,1.74,No,Academic Advisor,No,4,1,Yes,39.75,Fail,0.62
STU-01513,2024,3,Health Sciences,Full-time,High School (ATAR),Male,Domestic,18,Upper-Mid ($110–160k),No Tertiary,None,Part-time (≤20 hrs),58.8,13.1,2.37,Yes,Counselling,Yes,4,2,Yes,47.91,Fail,0.81
STU-01514,2024,3,Health Sciences,Full-time,TAFE / Diploma,Male,International,22,High (>$160k),TAFE / Certificate,None,Part-time (≤20 hrs),76.5,20.9,2.89,Yes,None,No,4,4,No,59.22,Pass,2.27
STU-01515,2022,1,Health Sciences,Full-time,Transfer / Credit,Female,Domestic,25,Upper-Mid ($110–160k),Bachelor,None,Part-time (≤20 hrs),71.6,23.0,3.31,Yes,Academic Advisor,No,4,4,No,62.77,Pass,2.17
STU-01516,2023,1,Information Technology,Part-time,TAFE / Diploma,Female,Domestic,21,Mid ($70–110k),Postgraduate,None,Not Employed,89.1,13.1,3.6,Yes,None,No,2,2,No,59.6,Pass,2.02
STU-01517,2023,4,Education,Part-time,High School (ATAR),Female,Domestic,22,Upper-Mid ($110–160k),Postgraduate,None,Part-time (≤20 hrs),97.6,19.7,2.46,Yes,None,No,2,2,No,73.87,Pass,2.09
STU-01518,2023,2,Business,Part-time,High School (ATAR),Female,Domestic,20,Low (<$40k),Postgraduate,None,Full-time (>20 hrs),49.1,17.4,3.07,Yes,Academic Advisor,No,2,0,Yes,29.44,Withdrawn,0.0
STU-01519,2024,1,Arts & Humanities,Full-time,Transfer / Credit,Male,International,22,Lower-Mid ($40–70k),Postgraduate,None,Full-time (>20 hrs),84.6,8.1,3.01,Yes,None,No,4,4,Yes,53.73,Pass,2.95
STU-01520,2023,2,Arts & Humanities,Part-time,High School (ATAR),Male,International,23,Lower-Mid ($40–70k),No Tertiary,None,Part-time (≤20 hrs),58.6,13.2,3.65,Yes,Counselling,Yes,2,0,Yes,36.4,Withdrawn,0.0
STU-01521,2022,3,Information Technology,Full-time,High School (ATAR),Female,Domestic,27,Mid ($70–110k),Bachelor,Merit-Based,Part-time (≤20 hrs),87.0,17.7,3.09,Yes,None,No,4,4,No,77.18,Pass,2.87
STU-01522,2024,3,Business,Full-time,TAFE / Diploma,Male,Domestic,23,Mid ($70–110k),Bachelor,None,Not Employed,73.4,8.4,2.65,Yes,Academic Advisor,No,4,4,No,54.1,Pass,2.49
STU-01523,2022,1,Information Technology,Full-time,High School (ATAR),Non-binary / Other,Domestic,24,Mid ($70–110k),No Tertiary,None,Part-time (≤20 hrs),78.2,13.9,3.42,Yes,Academic Advisor,No,4,4,No,65.95,Pass,2.54
STU-01524,2023,1,Health Sciences,Full-time,High School (ATAR),Female,Domestic,24,Low (<$40k),No Tertiary,Merit-Based,Part-time (≤20 hrs),52.4,16.3,3.55,Yes,None,No,4,0,Yes,46.82,Fail,0.89
STU-01525,2024,1,Business,Full-time,High School (ATAR),Male,Domestic,23,Upper-Mid ($110–160k),Bachelor,None,Part-time (≤20 hrs),51.0,13.6,3.53,Yes,Peer Tutoring,No,4,4,Yes,57.16,Pass,2.9
STU-01526,2022,1,Engineering,Full-time,High School (ATAR),Female,Domestic,23,Mid ($70–110k),Postgraduate,Merit-Based,Not Employed,83.0,4.6,4.0,Yes,None,No,4,4,Yes,64.77,Pass,2.02
STU-01527,2022,4,Health Sciences,Part-time,High School (ATAR),Male,Domestic,26,Mid ($70–110k),Bachelor,Merit-Based,Part-time (≤20 hrs),79.2,20.4,4.0,Yes,None,No,2,2,No,69.29,Pass,2.25
STU-01528,2022,1,Education,Full-time,TAFE / Diploma,Non-binary / Other,Domestic,19,Low (<$40k),Bachelor,Merit-Based,Full-time (>20 hrs),61.1,2.0,4.0,Yes,Multiple Services,Yes,4,1,Yes,42.38,Fail,1.87
STU-01529,2022,3,Information Technology,Full-time,Mature Age Entry,Non-binary / Other,Domestic,28,Mid ($70–110k),Bachelor,None,Part-time (≤20 hrs),62.0,17.1,3.61,Yes,None,No,4,4,No,52.02,Pass,2.91
STU-01530,2023,2,Health Sciences,Full-time,High School (ATAR),Female,Domestic,23,Lower-Mid ($40–70k),Postgraduate,None,Not Employed,90.1,25.2,3.08,Yes,Academic Advisor,No,4,4,No,73.56,Distinction,3.68
STU-01531,2023,4,Education,Full-time,High School (ATAR),Female,Domestic,24,Lower-Mid ($40–70k),No Tertiary,None,Not Employed,69.1,11.6,3.81,Yes,None,No,4,4,No,48.03,Pass,2.38
STU-01532,2022,1,Engineering,Full-time,High School (ATAR),Male,Domestic,21,Mid ($70–110k),TAFE / Certificate,None,Not Employed,60.1,16.2,2.91,Yes,Academic Advisor,No,4,4,No,59.09,Pass,2.6
STU-01533,2022,4,Information Technology,Part-time,High School (ATAR),Male,Domestic,24,Lower-Mid ($40–70k),Bachelor,None,Not Employed,78.7,18.9,3.05,Yes,None,No,2,2,No,60.93,Pass,2.38
STU-01534,2024,1,Business,Full-time,International Pathway,Male,Domestic,22,High (>$160k),Bachelor,Merit-Based,Part-time (≤20 hrs),67.5,25.1,3.12,Yes,Peer Tutoring,No,4,4,No,65.41,Pass,2.88
STU-01535,2023,2,Health Sciences,Full-time,High School (ATAR),Female,Domestic,22,High (>$160k),Bachelor,Equity / Need-Based,Part-time (≤20 hrs),84.2,18.3,3.52,Yes,None,No,4,4,No,72.29,Pass,2.58
STU-01536,2022,3,Engineering,Full-time,International Pathway,Female,Domestic,25,Upper-Mid ($110–160k),Bachelor,Equity / Need-Based,Part-time (≤20 hrs),73.8,13.0,2.06,Yes,Multiple Services,Yes,4,4,No,62.61,Pass,2.04
STU-01537,2022,1,Business,Full-time,High School (ATAR),Non-binary / Other,International,22,Mid ($70–110k),Postgraduate,Merit-Based,Part-time (≤20 hrs),80.9,21.0,4.0,Yes,Academic Advisor,No,4,4,No,78.64,Pass,2.58
STU-01538,2023,2,Health Sciences,Full-time,High School (ATAR),Male,Domestic,24,Upper-Mid ($110–160k),Bachelor,Equity / Need-Based,Not Employed,76.4,24.4,2.72,Yes,Peer Tutoring,No,4,4,No,65.88,Pass,2.98
STU-01539,2024,3,Business,Part-time,Transfer / Credit,Female,Domestic,22,Mid ($70–110k),No Tertiary,External,Full-time (>20 hrs),36.9,9.2,2.72,Yes,Peer Tutoring,No,2,0,Yes,38.55,Fail,1.27
STU-01540,2022,2,Business,Full-time,High School (ATAR),Male,Domestic,26,Lower-Mid ($40–70k),Postgraduate,Merit-Based,Not Employed,58.0,14.0,3.45,Yes,None,No,4,4,Yes,68.24,Pass,2.67
STU-01541,2023,2,Engineering,Full-time,High School (ATAR),Male,Domestic,20,Lower-Mid ($40–70k),Bachelor,None,Not Employed,73.5,16.8,2.39,Yes,Peer Tutoring,No,4,4,No,53.86,Pass,2.58
STU-01542,2022,1,Information Technology,Part-time,Mature Age Entry,Male,Domestic,19,Upper-Mid ($110–160k),TAFE / Certificate,External,Part-time (≤20 hrs),64.3,18.3,3.55,Yes,Peer Tutoring,No,2,2,No,57.29,Pass,2.08
STU-01543,2024,2,Education,Full-time,High School (ATAR),Female,International,22,Low (<$40k),No Tertiary,None,Full-time (>20 hrs),43.4,13.1,2.57,No,Academic Advisor,No,4,3,Yes,27.38,Fail,1.96
STU-01544,2023,4,Arts & Humanities,Part-time,High School (ATAR),Female,Domestic,25,Lower-Mid ($40–70k),No Tertiary,None,Part-time (≤20 hrs),64.5,8.8,2.86,Yes,None,No,2,1,No,41.75,Fail,1.98
STU-01545,2023,1,Engineering,Full-time,TAFE / Diploma,Female,Domestic,22,Lower-Mid ($40–70k),Bachelor,None,Not Employed,70.7,20.7,3.3,Yes,None,No,4,4,No,63.2,Pass,2.67
STU-01546,2022,4,Business,Full-time,High School (ATAR),Male,Domestic,24,Lower-Mid ($40–70k),No Tertiary,None,Full-time (>20 hrs),72.2,11.7,3.38,Yes,Peer Tutoring,No,4,4,Yes,41.42,Pass,2.26
STU-01547,2024,3,Information Technology,Full-time,International Pathway,Male,Domestic,25,High (>$160k),TAFE / Certificate,External,Not Employed,74.3,20.5,3.56,Yes,None,No,4,4,No,75.32,Pass,2.68
STU-01548,2022,2,Engineering,Part-time,High School (ATAR),Male,International,23,Lower-Mid ($40–70k),No Tertiary,External,Part-time (≤20 hrs),71.9,12.4,3.16,Yes,None,No,2,2,No,41.77,Pass,2.94
STU-01549,2022,4,Engineering,Full-time,Transfer / Credit,Male,Domestic,24,Mid ($70–110k),Bachelor,Merit-Based,Full-time (>20 hrs),81.4,23.1,3.81,Yes,None,No,4,4,Yes,65.81,Pass,2.91
STU-01550,2023,2,Business,Part-time,Transfer / Credit,Male,International,22,Lower-Mid ($40–70k),Postgraduate,None,Part-time (≤20 hrs),70.6,12.1,2.42,Yes,Peer Tutoring,No,2,2,No,60.51,Pass,2.9
STU-01551,2024,1,Information Technology,Full-time,High School (ATAR),Male,Domestic,23,Lower-Mid ($40–70k),Bachelor,None,Not Employed,76.2,21.9,2.69,Yes,Multiple Services,Yes,4,4,No,58.6,Pass,2.44
STU-01552,2024,1,Business,Full-time,Mature Age Entry,Female,Domestic,24,Lower-Mid ($40–70k),No Tertiary,None,Not Employed,81.8,20.1,2.89,Yes,Counselling,Yes,4,4,No,65.48,Pass,2.52
STU-01553,2023,2,Business,Part-time,Mature Age Entry,Female,Domestic,23,Low (<$40k),No Tertiary,None,Part-time (≤20 hrs),62.4,15.5,2.87,Yes,None,No,2,1,No,46.07,Fail,1.2
STU-01554,2022,2,Engineering,Full-time,High School (ATAR),Female,Domestic,25,Mid ($70–110k),Bachelor,Equity / Need-Based,Full-time (>20 hrs),47.9,24.0,2.88,Yes,Academic Advisor,No,4,3,Yes,48.47,Fail,0.53
STU-01555,2022,3,Business,Full-time,International Pathway,Female,Domestic,21,Lower-Mid ($40–70k),Postgraduate,None,Not Employed,65.4,12.9,2.23,Yes,Multiple Services,Yes,4,4,No,57.85,Pass,2.5
STU-01556,2023,1,Arts & Humanities,Part-time,High School (ATAR),Male,International,23,Mid ($70–110k),TAFE / Certificate,External,Part-time (≤20 hrs),91.8,15.3,2.64,Yes,Academic Advisor,No,2,2,No,58.13,Pass,2.26
STU-01557,2023,2,Arts & Humanities,Full-time,High School (ATAR),Male,Domestic,22,Lower-Mid ($40–70k),No Tertiary,Merit-Based,Not Employed,70.6,17.8,3.61,Yes,None,No,4,4,No,55.81,Pass,2.29
STU-01558,2024,4,Arts & Humanities,Full-time,Transfer / Credit,Male,Domestic,20,High (>$160k),Bachelor,None,Not Employed,83.5,17.9,3.2,Yes,Academic Advisor,No,4,4,No,71.86,Distinction,3.09
STU-01559,2024,1,Education,Full-time,TAFE / Diploma,Female,Domestic,21,Mid ($70–110k),TAFE / Certificate,Merit-Based,Not Employed,64.4,16.8,3.55,Yes,None,No,4,4,No,54.37,Pass,2.09
STU-01560,2023,3,Engineering,Full-time,High School (ATAR),Male,Domestic,26,Low (<$40k),No Tertiary,None,Part-time (≤20 hrs),75.4,24.7,3.01,No,Academic Advisor,No,4,4,No,53.58,Pass,2.37
STU-01561,2023,1,Business,Full-time,High School (ATAR),Female,Domestic,21,Mid ($70–110k),Postgraduate,None,Not Employed,89.6,23.7,2.67,Yes,Peer Tutoring,No,4,4,No,76.71,Pass,2.03
STU-01562,2024,1,Engineering,Full-time,TAFE / Diploma,Male,International,25,Upper-Mid ($110–160k),Postgraduate,None,Not Employed,65.2,15.9,4.0,Yes,Academic Advisor,No,4,4,No,61.17,Pass,2.6
STU-01563,2022,4,Arts & Humanities,Full-time,Transfer / Credit,Male,Domestic,22,Lower-Mid ($40–70k),Bachelor,None,Not Employed,47.5,25.8,2.37,Yes,None,No,4,4,Yes,53.78,Pass,2.62
STU-01564,2023,2,Health Sciences,Part-time,International Pathway,Female,Domestic,24,Mid ($70–110k),TAFE / Certificate,None,Not Employed,57.1,19.1,2.24,Yes,None,No,2,2,Yes,63.08,Pass,2.01
STU-01565,2023,3,Business,Full-time,Mature Age Entry,Female,International,27,Mid ($70–110k),Postgraduate,None,Not Employed,76.6,17.2,2.95,Yes,Peer Tutoring,No,4,4,No,60.19,Pass,2.32
STU-01566,2023,2,Health Sciences,Full-time,International Pathway,Male,Domestic,20,Lower-Mid ($40–70k),Bachelor,External,Part-time (≤20 hrs),92.4,15.2,2.82,Yes,Peer Tutoring,No,4,4,No,60.79,Pass,2.18
STU-01567,2024,1,Education,Full-time,Transfer / Credit,Male,Domestic,19,Mid ($70–110k),Bachelor,None,Full-time (>20 hrs),75.3,11.2,2.62,Yes,Peer Tutoring,No,4,0,Yes,39.66,Fail,1.44
STU-01568,2024,2,Engineering,Full-time,TAFE / Diploma,Male,Domestic,23,Low (<$40k),No Tertiary,None,Part-time (≤20 hrs),53.6,23.2,2.92,Yes,None,No,4,0,Yes,41.4,Fail,1.85
STU-01569,2023,2,Information Technology,Full-time,TAFE / Diploma,Female,International,26,Mid ($70–110k),Postgraduate,None,Part-time (≤20 hrs),92.2,14.6,3.07,Yes,None,No,4,4,No,66.56,Pass,2.63
STU-01570,2023,4,Information Technology,Full-time,TAFE / Diploma,Female,International,21,Low (<$40k),TAFE / Certificate,Merit-Based,Not Employed,75.8,16.0,4.0,Yes,Academic Advisor,No,4,4,No,66.06,Pass,2.95
STU-01571,2023,1,Engineering,Part-time,High School (ATAR),Female,Domestic,18,Low (<$40k),No Tertiary,None,Not Employed,78.5,3.1,2.94,Yes,Academic Advisor,No,2,0,Yes,48.55,Fail,1.9
STU-01572,2022,2,Health Sciences,Full-time,High School (ATAR),Female,Domestic,22,Lower-Mid ($40–70k),TAFE / Certificate,None,Not Employed,76.3,23.5,2.99,Yes,None,No,4,4,No,68.64,Pass,2.32
STU-01573,2024,2,Engineering,Part-time,High School (ATAR),Female,Domestic,23,Upper-Mid ($110–160k),No Tertiary,None,Not Employed,59.9,7.6,2.15,Yes,Academic Advisor,No,2,0,Yes,46.57,Fail,1.51
STU-01574,2024,4,Health Sciences,Full-time,High School (ATAR),Female,International,23,Mid ($70–110k),Postgraduate,None,Not Employed,96.1,12.5,3.29,Yes,Academic Advisor,No,4,4,No,75.27,Pass,2.09
STU-01575,2024,2,Business,Full-time,TAFE / Diploma,Female,International,23,Low (<$40k),No Tertiary,None,Part-time (≤20 hrs),60.0,16.1,2.74,Yes,Counselling,Yes,4,1,No,44.04,Fail,0.95
STU-01576,2024,3,Education,Full-time,Transfer / Credit,Female,International,23,Lower-Mid ($40–70k),TAFE / Certificate,None,Not Employed,63.7,18.5,2.26,Yes,Counselling,Yes,4,0,No,47.9,Fail,1.46
STU-01577,2022,3,Health Sciences,Part-time,High School (ATAR),Female,Domestic,23,Lower-Mid ($40–70k),No Tertiary,None,Part-time (≤20 hrs),59.4,19.2,2.62,Yes,Academic Advisor,No,2,2,Yes,39.1,Pass,2.68
STU-01578,2023,1,Information Technology,Full-time,High School (ATAR),Female,Domestic,21,Low (<$40k),No Tertiary,Merit-Based,Not Employed,65.0,24.5,3.72,Yes,Counselling,Yes,4,4,No,63.79,Pass,2.92
STU-01579,2023,2,Health Sciences,Full-time,Transfer / Credit,Male,International,24,High (>$160k),Bachelor,None,Part-time (≤20 hrs),77.0,15.0,2.47,Yes,Academic Advisor,No,4,4,No,54.16,Pass,2.43
STU-01580,2024,2,Information Technology,Part-time,Transfer / Credit,Female,Domestic,23,Lower-Mid ($40–70k),Postgraduate,None,Part-time (≤20 hrs),74.0,23.5,2.58,Yes,Peer Tutoring,No,2,2,No,60.21,Pass,2.35
STU-01581,2024,4,Engineering,Part-time,High School (ATAR),Male,Domestic,28,Lower-Mid ($40–70k),TAFE / Certificate,Merit-Based,Not Employed,70.2,17.2,4.0,Yes,None,No,2,2,No,60.11,Pass,2.6
STU-01582,2024,1,Health Sciences,Part-time,High School (ATAR),Female,Domestic,22,Mid ($70–110k),Bachelor,None,Not Employed,74.5,14.7,2.64,Yes,None,No,2,2,No,56.03,Pass,2.47
STU-01583,2023,3,Business,Part-time,Mature Age Entry,Male,Domestic,30,Lower-Mid ($40–70k),Postgraduate,Merit-Based,Part-time (≤20 hrs),80.2,14.4,3.19,Yes,Academic Advisor,No,2,2,No,55.93,Pass,2.45
STU-01584,2024,3,Health Sciences,Full-time,Mature Age Entry,Male,Domestic,27,Low (<$40k),Bachelor,Merit-Based,Part-time (≤20 hrs),72.4,21.6,4.0,Yes,None,No,4,4,No,62.99,Pass,2.35
STU-01585,2022,3,Information Technology,Full-time,International Pathway,Female,Domestic,25,Mid ($70–110k),No Tertiary,None,Part-time (≤20 hrs),48.6,21.5,2.08,Yes,None,No,4,3,Yes,47.13,Fail,0.89
STU-01586,2024,2,Business,Full-time,High School (ATAR),Female,Domestic,23,Low (<$40k),Postgraduate,None,Part-time (≤20 hrs),49.8,13.6,3.28,Yes,Academic Advisor,No,4,4,Yes,52.5,Pass,2.47
STU-01587,2024,2,Health Sciences,Part-time,High School (ATAR),Male,Domestic,22,Upper-Mid ($110–160k),Bachelor,None,Part-time (≤20 hrs),45.6,13.6,3.55,Yes,Academic Advisor,No,2,0,Yes,45.53,Fail,0.5
STU-01588,2024,1,Arts & Humanities,Full-time,Transfer / Credit,Female,Domestic,22,Low (<$40k),Bachelor,None,Full-time (>20 hrs),73.8,11.5,2.29,Yes,Multiple Services,Yes,4,2,Yes,26.91,Fail,1.88
STU-01589,2022,2,Engineering,Part-time,High School (ATAR),Male,Domestic,21,High (>$160k),Bachelor,Merit-Based,Not Employed,54.7,9.0,2.53,Yes,Academic Advisor,No,2,2,Yes,52.02,Pass,2.91
STU-01590,2024,1,Engineering,Full-time,High School (ATAR),Male,International,20,Mid ($70–110k),Bachelor,None,Not Employed,57.9,18.7,2.57,Yes,None,No,4,4,Yes,57.81,Pass,2.4
STU-01591,2024,2,Engineering,Full-time,Mature Age Entry,Male,Domestic,20,Lower-Mid ($40–70k),Bachelor,None,Not Employed,80.2,24.1,4.0,Yes,None,No,4,4,No,65.76,Pass,2.55
STU-01592,2024,1,Health Sciences,Part-time,High School (ATAR),Male,International,17,Low (<$40k),Postgraduate,External,Part-time (≤20 hrs),83.9,10.8,3.75,Yes,None,No,2,2,No,71.31,Distinction,3.52
STU-01593,2023,1,Engineering,Full-time,Transfer / Credit,Male,Domestic,20,Mid ($70–110k),Bachelor,None,Part-time (≤20 hrs),83.1,12.3,2.72,Yes,None,No,4,4,No,55.07,Pass,2.36
STU-01594,2023,4,Information Technology,Part-time,High School (ATAR),Male,Domestic,21,Mid ($70–110k),TAFE / Certificate,Equity / Need-Based,Not Employed,76.7,9.2,3.3,Yes,None,No,2,2,No,60.09,Pass,2.74
STU-01595,2023,4,Arts & Humanities,Part-time,TAFE / Diploma,Female,International,24,Mid ($70–110k),No Tertiary,None,Not Employed,75.5,11.3,3.19,Yes,Multiple Services,Yes,2,1,No,51.88,Fail,1.95
STU-01596,2024,2,Information Technology,Full-time,High School (ATAR),Female,Domestic,24,High (>$160k),No Tertiary,None,Not Employed,53.9,10.2,3.23,Yes,Peer Tutoring,No,4,4,Yes,47.72,Pass,2.33
STU-01597,2022,1,Engineering,Full-time,Transfer / Credit,Female,International,23,High (>$160k),Bachelor,Merit-Based,Part-time (≤20 hrs),62.1,19.3,2.07,Yes,Multiple Services,Yes,4,4,No,67.46,Pass,2.73
STU-01598,2023,3,Arts & Humanities,Part-time,Mature Age Entry,Male,International,29,Lower-Mid ($40–70k),Postgraduate,None,Not Employed,74.6,19.0,3.53,Yes,Counselling,Yes,2,2,No,61.6,Pass,2.83
STU-01599,2022,1,Education,Part-time,High School (ATAR),Female,International,23,Upper-Mid ($110–160k),TAFE / Certificate,None,Full-time (>20 hrs),77.9,15.6,3.01,Yes,Peer Tutoring,No,2,2,No,55.09,Pass,2.67
STU-01600,2022,4,Business,Full-time,High School (ATAR),Female,International,24,Low (<$40k),Bachelor,None,Not Employed,76.5,17.4,3.69,Yes,Peer Tutoring,No,4,4,No,63.79,Pass,2.01
STU-01601,2022,3,Information Technology,Part-time,High School (ATAR),Male,Domestic,22,Low (<$40k),Postgraduate,None,Not Employed,71.2,12.5,3.24,Yes,Multiple Services,Yes,2,2,No,52.98,Pass,2.0
STU-01602,2024,2,Arts & Humanities,Full-time,High School (ATAR),Male,Domestic,22,Mid ($70–110k),Bachelor,None,Not Employed,59.9,16.1,3.12,Yes,None,No,4,4,Yes,63.77,Pass,2.65
STU-01603,2024,1,Business,Full-time,Mature Age Entry,Female,Domestic,28,Lower-Mid ($40–70k),Bachelor,None,Part-time (≤20 hrs),59.9,19.9,2.62,Yes,None,No,4,4,Yes,56.83,Pass,2.57
STU-01604,2024,2,Engineering,Full-time,High School (ATAR),Male,Domestic,19,Mid ($70–110k),TAFE / Certificate,None,Not Employed,82.0,22.3,3.09,Yes,Academic Advisor,No,4,4,No,69.48,Pass,2.82
STU-01605,2024,1,Information Technology,Part-time,International Pathway,Male,International,19,Low (<$40k),TAFE / Certificate,None,Part-time (≤20 hrs),100.0,7.7,2.42,No,Peer Tutoring,No,2,1,Yes,49.58,Fail,1.56
STU-01606,2022,1,Education,Full-time,High School (ATAR),Female,Domestic,20,Mid ($70–110k),Postgraduate,None,Part-time (≤20 hrs),86.1,17.3,3.06,Yes,Academic Advisor,No,4,4,No,72.77,Distinction,3.56
STU-01607,2023,2,Arts & Humanities,Full-time,High School (ATAR),Male,International,21,High (>$160k),Bachelor,Equity / Need-Based,Not Employed,77.2,13.4,2.05,Yes,Multiple Services,Yes,4,4,No,52.2,Pass,2.05
STU-01608,2023,3,Education,Full-time,High School (ATAR),Female,Domestic,28,Low (<$40k),Bachelor,Equity / Need-Based,Not Employed,61.1,15.5,3.1,No,None,No,4,4,No,57.69,Pass,2.41
STU-01609,2022,4,Business,Part-time,High School (ATAR),Female,International,24,Lower-Mid ($40–70k),Bachelor,Equity / Need-Based,Not Employed,89.0,18.2,4.0,Yes,Counselling,Yes,2,2,No,69.56,Pass,2.18
STU-01610,2022,1,Business,Part-time,TAFE / Diploma,Female,Domestic,20,Low (<$40k),Bachelor,Equity / Need-Based,Full-time (>20 hrs),65.5,9.4,3.05,Yes,Academic Advisor,No,2,0,No,45.44,Fail,1.48
STU-01611,2024,4,Business,Full-time,Mature Age Entry,Female,International,24,Mid ($70–110k),Bachelor,Merit-Based,Part-time (≤20 hrs),86.4,21.3,3.53,Yes,None,No,4,4,No,68.91,Distinction,3.46
STU-01612,2024,1,Business,Full-time,High School (ATAR),Female,Domestic,23,Low (<$40k),Bachelor,Equity / Need-Based,Not Employed,87.8,18.1,3.44,No,None,No,4,4,No,64.78,Pass,2.4
STU-01613,2022,2,Engineering,Full-time,High School (ATAR),Female,Domestic,20,Upper-Mid ($110–160k),No Tertiary,None,Part-time (≤20 hrs),85.0,14.5,3.51,Yes,Peer Tutoring,No,4,1,No,51.34,Fail,0.78
STU-01614,2023,4,Education,Full-time,Mature Age Entry,Female,Domestic,20,Lower-Mid ($40–70k),Bachelor,None,Not Employed,76.0,14.7,1.62,Yes,Academic Advisor,No,4,4,No,64.97,Pass,2.74
STU-01615,2023,2,Business,Full-time,Transfer / Credit,Female,Domestic,26,Mid ($70–110k),Bachelor,Merit-Based,Not Employed,71.0,18.6,3.08,Yes,None,No,4,4,No,59.37,Pass,2.42
STU-01616,2023,2,Information Technology,Full-time,High School (ATAR),Female,Domestic,21,Mid ($70–110k),TAFE / Certificate,None,Part-time (≤20 hrs),97.6,17.0,3.22,Yes,Counselling,Yes,4,4,No,61.12,Pass,2.94
STU-01617,2024,3,Information Technology,Full-time,Transfer / Credit,Female,Domestic,24,Mid ($70–110k),Bachelor,None,Full-time (>20 hrs),78.1,22.8,2.02,Yes,Academic Advisor,No,4,0,Yes,50.22,Fail,0.98
STU-01618,2023,1,Business,Full-time,Transfer / Credit,Male,Domestic,21,Low (<$40k),Bachelor,None,Not Employed,63.5,3.7,3.72,Yes,None,No,4,2,Yes,51.47,Fail,0.59
STU-01619,2024,1,Arts & Humanities,Part-time,Transfer / Credit,Male,International,26,Mid ($70–110k),Bachelor,None,Not Employed,57.6,16.3,2.98,Yes,Peer Tutoring,No,2,0,Yes,46.1,Fail,1.61
STU-01620,2023,1,Information Technology,Part-time,High School (ATAR),Male,Domestic,23,Mid ($70–110k),Postgraduate,None,Part-time (≤20 hrs),68.4,19.3,3.68,Yes,None,No,2,2,No,60.87,Pass,2.35
STU-01621,2023,3,Arts & Humanities,Full-time,High School (ATAR),Male,Domestic,23,Upper-Mid ($110–160k),Bachelor,None,Part-time (≤20 hrs),72.6,23.8,2.65,Yes,None,No,4,4,No,57.82,Pass,2.55
STU-01622,2022,2,Information Technology,Full-time,High School (ATAR),Female,Domestic,22,Upper-Mid ($110–160k),Bachelor,None,Part-time (≤20 hrs),99.3,17.6,2.95,Yes,None,No,4,4,No,70.18,Distinction,3.16
STU-01623,2024,3,Health Sciences,Full-time,TAFE / Diploma,Female,Domestic,23,High (>$160k),Bachelor,None,Full-time (>20 hrs),89.2,8.4,2.84,Yes,None,No,4,4,Yes,54.45,Pass,2.11
STU-01624,2024,1,Information Technology,Full-time,High School (ATAR),Male,International,20,Lower-Mid ($40–70k),TAFE / Certificate,None,Not Employed,65.1,19.3,3.32,Yes,None,No,4,4,No,53.89,Pass,2.65
STU-01625,2023,2,Business,Full-time,TAFE / Diploma,Female,International,22,Mid ($70–110k),Postgraduate,Merit-Based,Part-time (≤20 hrs),82.6,18.8,3.88,Yes,Counselling,Yes,4,4,No,71.15,Pass,2.29
STU-01626,2023,1,Health Sciences,Full-time,TAFE / Diploma,Female,International,17,Mid ($70–110k),Bachelor,Equity / Need-Based,Not Employed,71.9,28.0,2.58,Yes,Multiple Services,Yes,4,4,No,67.78,Pass,2.33
STU-01627,2023,1,Business,Full-time,Transfer / Credit,Female,Domestic,21,High (>$160k),Bachelor,None,Not Employed,78.8,20.7,3.86,Yes,None,No,4,4,No,66.24,Pass,2.99
STU-01628,2023,2,Engineering,Full-time,TAFE / Diploma,Female,Domestic,23,Lower-Mid ($40–70k),Bachelor,None,Part-time (≤20 hrs),66.3,23.4,3.39,Yes,Academic Advisor,No,4,4,No,71.77,Distinction,3.17
STU-01629,2023,3,Health Sciences,Full-time,Transfer / Credit,Female,Domestic,20,Mid ($70–110k),Bachelor,None,Full-time (>20 hrs),56.3,12.1,2.22,Yes,None,No,4,4,Yes,45.38,Pass,2.58
STU-01630,2024,3,Engineering,Part-time,High School (ATAR),Female,Domestic,23,Low (<$40k),No Tertiary,None,Part-time (≤20 hrs),69.1,18.0,2.91,No,Academic Advisor,No,2,1,No,34.37,Fail,1.61
STU-01631,2022,2,Information Technology,Full-time,TAFE / Diploma,Male,International,23,Upper-Mid ($110–160k),Bachelor,None,Not Employed,69.2,17.3,3.02,Yes,Academic Advisor,No,4,4,No,55.49,Pass,2.4
STU-01632,2024,2,Arts & Humanities,Part-time,High School (ATAR),Male,Domestic,25,Mid ($70–110k),Bachelor,Equity / Need-Based,Part-time (≤20 hrs),78.2,15.8,3.52,Yes,None,No,2,2,No,59.74,Pass,2.53
STU-01633,2024,3,Arts & Humanities,Part-time,High School (ATAR),Non-binary / Other,International,23,Mid ($70–110k),No Tertiary,None,Full-time (>20 hrs),57.4,18.0,3.34,Yes,Multiple Services,Yes,2,2,Yes,53.92,Pass,2.95
STU-01634,2024,4,Business,Full-time,Transfer / Credit,Male,Domestic,27,Mid ($70–110k),Bachelor,None,Part-time (≤20 hrs),77.4,23.4,3.29,Yes,Academic Advisor,No,4,4,No,65.87,Pass,2.11
STU-01635,2023,2,Engineering,Part-time,Transfer / Credit,Male,Domestic,21,Lower-Mid ($40–70k),Postgraduate,Merit-Based,Not Employed,75.3,18.5,4.0,Yes,None,No,2,2,No,56.15,Pass,2.16
STU-01636,2022,3,Engineering,Full-time,TAFE / Diploma,Female,International,23,Upper-Mid ($110–160k),Postgraduate,None,Part-time (≤20 hrs),70.1,24.0,2.56,Yes,None,No,4,4,No,52.29,Pass,2.02
STU-01637,2024,4,Engineering,Full-time,High School (ATAR),Female,Domestic,24,High (>$160k),Bachelor,None,Full-time (>20 hrs),68.3,4.7,3.32,Yes,None,No,4,4,Yes,52.39,Pass,2.73
STU-01638,2024,4,Education,Full-time,TAFE / Diploma,Female,Domestic,26,High (>$160k),Bachelor,Equity / Need-Based,Not Employed,80.7,14.9,2.37,Yes,None,No,4,4,No,65.18,Pass,2.04
STU-01639,2022,4,Engineering,Full-time,High School (ATAR),Male,Domestic,26,Mid ($70–110k),No Tertiary,External,Full-time (>20 hrs),55.1,12.3,2.36,Yes,None,No,4,1,Yes,31.45,Fail,0.61
STU-01640,2024,3,Business,Full-time,Mature Age Entry,Male,Domestic,19,Mid ($70–110k),Postgraduate,None,Part-time (≤20 hrs),82.6,11.7,4.0,Yes,Multiple Services,Yes,4,4,No,77.15,Distinction,3.68
STU-01641,2024,4,Health Sciences,Part-time,Transfer / Credit,Female,Domestic,26,Mid ($70–110k),Bachelor,Equity / Need-Based,Part-time (≤20 hrs),56.9,15.5,2.15,Yes,None,No,2,0,Yes,48.47,Fail,1.48
STU-01642,2024,1,Business,Full-time,High School (ATAR),Male,Domestic,17,Mid ($70–110k),Postgraduate,None,Not Employed,82.1,27.6,4.0,Yes,None,No,4,4,No,77.02,Pass,2.21
STU-01643,2024,4,Business,Full-time,High School (ATAR),Male,Domestic,25,Low (<$40k),No Tertiary,Merit-Based,Part-time (≤20 hrs),71.3,23.6,3.63,Yes,None,No,4,3,No,48.37,Fail,1.56
STU-01644,2024,1,Business,Full-time,High School (ATAR),Female,Domestic,21,Lower-Mid ($40–70k),Bachelor,None,Full-time (>20 hrs),69.2,1.7,3.75,Yes,Counselling,Yes,4,0,Yes,37.76,Withdrawn,0.0
STU-01645,2022,4,Information Technology,Full-time,TAFE / Diploma,Male,Domestic,25,Low (<$40k),Bachelor,Merit-Based,Not Employed,71.9,21.7,3.53,Yes,Academic Advisor,No,4,4,No,62.61,Pass,2.72
STU-01646,2022,3,Arts & Humanities,Full-time,Mature Age Entry,Female,Domestic,21,Low (<$40k),No Tertiary,External,Part-time (≤20 hrs),90.7,27.5,2.45,Yes,None,No,4,4,No,54.53,Pass,2.37
STU-01647,2024,4,Business,Full-time,High School (ATAR),Male,Domestic,24,Low (<$40k),Bachelor,None,Full-time (>20 hrs),64.3,20.1,1.43,No,Counselling,Yes,4,2,Yes,46.59,Fail,1.59
STU-01648,2022,1,Engineering,Full-time,International Pathway,Female,International,23,High (>$160k),Bachelor,None,Not Employed,87.9,16.1,3.14,Yes,Peer Tutoring,No,4,4,No,73.09,Pass,2.18
STU-01649,2022,3,Information Technology,Full-time,High School (ATAR),Female,Domestic,27,Upper-Mid ($110–160k),TAFE / Certificate,External,Full-time (>20 hrs),85.4,18.9,2.21,Yes,Peer Tutoring,No,4,2,Yes,49.56,Fail,1.38
STU-01650,2024,2,Engineering,Full-time,Mature Age Entry,Female,Domestic,29,Upper-Mid ($110–160k),Postgraduate,Equity / Need-Based,Part-time (≤20 hrs),72.2,16.1,2.34,Yes,None,No,4,4,No,56.76,Pass,2.1
STU-01651,2023,3,Information Technology,Full-time,High School (ATAR),Female,Domestic,25,Mid ($70–110k),TAFE / Certificate,None,Part-time (≤20 hrs),77.7,16.6,3.72,Yes,None,No,4,4,No,57.1,Pass,2.69
STU-01652,2024,2,Arts & Humanities,Part-time,Mature Age Entry,Non-binary / Other,Domestic,17,High (>$160k),Bachelor,Merit-Based,Not Employed,79.9,11.6,3.65,Yes,None,No,2,2,No,70.44,Distinction,3.49
STU-01653,2022,4,Arts & Humanities,Part-time,International Pathway,Female,Domestic,23,Lower-Mid ($40–70k),TAFE / Certificate,None,Not Employed,63.5,21.8,2.67,Yes,None,No,2,1,No,51.9,Fail,0.82
STU-01654,2024,1,Engineering,Full-time,High School (ATAR),Female,International,22,Mid ($70–110k),Bachelor,None,Part-time (≤20 hrs),82.7,7.2,3.69,Yes,Peer Tutoring,No,4,4,Yes,75.76,Pass,2.23
STU-01655,2023,2,Business,Full-time,Transfer / Credit,Non-binary / Other,International,24,Low (<$40k),Postgraduate,None,Not Employed,84.4,20.0,3.06,Yes,Multiple Services,Yes,4,4,No,67.51,Pass,2.77
STU-01656,2024,2,Health Sciences,Part-time,TAFE / Diploma,Female,International,20,Mid ($70–110k),Postgraduate,None,Not Employed,93.5,11.0,2.82,Yes,None,No,2,2,No,62.63,Pass,2.25
STU-01657,2024,2,Health Sciences,Full-time,High School (ATAR),Female,Domestic,25,Upper-Mid ($110–160k),Postgraduate,None,Full-time (>20 hrs),51.0,18.4,3.67,Yes,Academic Advisor,No,4,3,Yes,43.94,Fail,1.58
STU-01658,2022,4,Health Sciences,Full-time,Mature Age Entry,Male,Domestic,23,Lower-Mid ($40–70k),No Tertiary,None,Full-time (>20 hrs),60.0,8.6,2.04,Yes,Multiple Services,Yes,4,1,Yes,39.7,Fail,1.97
STU-01659,2022,3,Arts & Humanities,Part-time,TAFE / Diploma,Male,International,24,Upper-Mid ($110–160k),Bachelor,Equity / Need-Based,Not Employed,64.4,12.7,3.17,Yes,Academic Advisor,No,2,2,No,62.24,Pass,2.68
STU-01660,2022,3,Business,Full-time,TAFE / Diploma,Male,International,25,Upper-Mid ($110–160k),Bachelor,Equity / Need-Based,Part-time (≤20 hrs),75.1,17.0,1.75,Yes,Peer Tutoring,No,4,4,No,65.46,Pass,2.56
STU-01661,2023,3,Engineering,Full-time,High School (ATAR),Male,International,21,Low (<$40k),Postgraduate,Equity / Need-Based,Not Employed,100.0,14.4,3.2,No,None,No,4,4,No,72.01,Pass,2.32
STU-01662,2024,4,Health Sciences,Full-time,High School (ATAR),Female,Domestic,23,Lower-Mid ($40–70k),Postgraduate,External,Part-time (≤20 hrs),56.9,15.7,2.5,Yes,Academic Advisor,No,4,4,Yes,59.3,Pass,2.35
STU-01663,2024,3,Arts & Humanities,Full-time,Mature Age Entry,Male,Domestic,22,Upper-Mid ($110–160k),Postgraduate,None,Not Employed,88.8,14.7,4.0,Yes,Academic Advisor,No,4,4,No,78.01,Distinction,3.04
STU-01664,2024,2,Health Sciences,Part-time,High School (ATAR),Female,International,24,Upper-Mid ($110–160k),Bachelor,Equity / Need-Based,Not Employed,74.3,20.0,2.1,Yes,None,No,2,1,No,46.66,Fail,1.73
STU-01665,2024,1,Information Technology,Full-time,High School (ATAR),Female,International,20,Mid ($70–110k),No Tertiary,None,Not Employed,77.5,17.2,3.21,Yes,Counselling,Yes,4,4,No,61.37,Pass,2.18
STU-01666,2023,4,Information Technology,Part-time,TAFE / Diploma,Male,Domestic,23,Lower-Mid ($40–70k),No Tertiary,Equity / Need-Based,Full-time (>20 hrs),54.8,14.5,2.22,Yes,None,No,2,0,Yes,28.98,Fail,1.09
STU-01667,2023,2,Education,Part-time,High School (ATAR),Female,International,25,Lower-Mid ($40–70k),TAFE / Certificate,None,Full-time (>20 hrs),72.0,13.0,2.54,Yes,Multiple Services,Yes,2,2,No,42.96,Pass,2.45
STU-01668,2023,1,Health Sciences,Full-time,Transfer / Credit,Female,International,23,Low (<$40k),Bachelor,None,Not Employed,80.7,17.2,2.99,Yes,None,No,4,4,No,67.41,Pass,2.81
STU-01669,2023,4,Arts & Humanities,Full-time,High School (ATAR),Female,International,20,Upper-Mid ($110–160k),TAFE / Certificate,None,Part-time (≤20 hrs),100.0,11.3,3.11,Yes,Peer Tutoring,No,4,4,No,69.86,Distinction,3.51
STU-01670,2024,4,Information Technology,Full-time,High School (ATAR),Male,Domestic,23,Lower-Mid ($40–70k),Postgraduate,None,Full-time (>20 hrs),54.4,10.1,3.79,Yes,None,No,4,2,Yes,45.07,Fail,1.13
STU-01671,2022,1,Arts & Humanities,Full-time,High School (ATAR),Female,Domestic,20,Upper-Mid ($110–160k),No Tertiary,None,Part-time (≤20 hrs),76.8,12.1,2.68,Yes,Academic Advisor,No,4,4,No,53.89,Pass,2.28
STU-01672,2024,1,Education,Full-time,High School (ATAR),Male,International,21,Mid ($70–110k),Bachelor,Equity / Need-Based,Part-time (≤20 hrs),82.4,22.2,2.63,Yes,None,No,4,4,No,75.22,Pass,2.18
STU-01673,2023,2,Engineering,Part-time,Mature Age Entry,Female,Domestic,19,Mid ($70–110k),Postgraduate,None,Full-time (>20 hrs),83.5,6.1,3.02,Yes,Multiple Services,Yes,2,2,Yes,63.34,Pass,2.4
STU-01674,2023,2,Information Technology,Part-time,International Pathway,Female,International,24,Low (<$40k),Bachelor,None,Part-time (≤20 hrs),66.3,13.7,3.04,No,Academic Advisor,No,2,2,No,49.78,Pass,2.07
STU-01675,2024,3,Health Sciences,Full-time,Transfer / Credit,Female,Domestic,24,Mid ($70–110k),Bachelor,None,Not Employed,63.9,14.2,3.4,Yes,None,No,4,4,No,53.4,Pass,2.09
STU-01676,2024,3,Education,Full-time,High School (ATAR),Male,International,28,Mid ($70–110k),TAFE / Certificate,None,Full-time (>20 hrs),66.9,10.7,3.13,Yes,Academic Advisor,No,4,3,Yes,42.6,Fail,0.99
STU-01677,2024,1,Health Sciences,Part-time,Transfer / Credit,Male,Domestic,22,Mid ($70–110k),Bachelor,None,Not Employed,81.9,10.2,2.79,Yes,None,No,2,1,No,51.22,Fail,1.24
STU-01678,2022,1,Health Sciences,Full-time,TAFE / Diploma,Male,Domestic,26,Mid ($70–110k),TAFE / Certificate,Merit-Based,Part-time (≤20 hrs),87.9,23.1,4.0,Yes,Peer Tutoring,No,4,4,No,81.55,Distinction,3.35
STU-01679,2024,2,Business,Full-time,High School (ATAR),Female,Domestic,23,Mid ($70–110k),Bachelor,None,Not Employed,58.3,18.9,2.37,Yes,Multiple Services,Yes,4,2,Yes,51.38,Fail,1.03
STU-01680,2023,2,Engineering,Part-time,TAFE / Diploma,Female,International,24,Upper-Mid ($110–160k),TAFE / Certificate,None,Part-time (≤20 hrs),79.0,7.2,2.8,Yes,Peer Tutoring,No,2,2,Yes,45.28,Pass,2.53
STU-01681,2022,2,Arts & Humanities,Full-time,Mature Age Entry,Female,Domestic,27,Mid ($70–110k),TAFE / Certificate,None,Full-time (>20 hrs),56.2,10.3,2.69,Yes,None,No,4,3,Yes,49.01,Fail,1.04
STU-01682,2024,1,Health Sciences,Part-time,TAFE / Diploma,Male,Domestic,22,Upper-Mid ($110–160k),No Tertiary,Equity / Need-Based,Not Employed,55.4,14.3,3.04,Yes,Peer Tutoring,No,2,2,Yes,60.17,Pass,2.2
STU-01683,2022,3,Engineering,Part-time,International Pathway,Male,Domestic,24,Lower-Mid ($40–70k),No Tertiary,Merit-Based,Not Employed,59.8,9.9,2.19,Yes,None,No,2,1,Yes,48.09,Fail,1.06
STU-01684,2022,2,Arts & Humanities,Full-time,High School (ATAR),Female,International,24,Upper-Mid ($110–160k),TAFE / Certificate,Equity / Need-Based,Full-time (>20 hrs),54.3,1.0,2.51,Yes,None,No,4,0,Yes,28.17,Fail,1.1
STU-01685,2024,4,Education,Full-time,Mature Age Entry,Male,Domestic,24,Low (<$40k),Bachelor,None,Part-time (≤20 hrs),56.7,7.7,2.53,Yes,None,No,4,0,Yes,36.97,Fail,0.61
STU-01686,2024,3,Information Technology,Full-time,High School (ATAR),Male,Domestic,23,Mid ($70–110k),Bachelor,None,Not Employed,69.2,14.0,3.11,Yes,None,No,4,4,No,64.42,Pass,2.36
STU-01687,2023,2,Business,Full-time,High School (ATAR),Female,Domestic,21,Lower-Mid ($40–70k),Bachelor,None,Full-time (>20 hrs),49.7,14.3,3.06,Yes,None,No,4,3,Yes,34.94,Fail,0.93
STU-01688,2023,1,Arts & Humanities,Full-time,TAFE / Diploma,Male,International,21,Upper-Mid ($110–160k),No Tertiary,None,Full-time (>20 hrs),50.7,3.4,2.42,Yes,None,No,4,0,Yes,21.15,Withdrawn,0.0
STU-01689,2024,1,Arts & Humanities,Full-time,High School (ATAR),Male,Domestic,20,Mid ($70–110k),No Tertiary,None,Part-time (≤20 hrs),71.0,9.8,2.96,Yes,Multiple Services,Yes,4,4,No,62.77,Pass,2.18
STU-01690,2024,4,Health Sciences,Full-time,High School (ATAR),Female,International,23,Mid ($70–110k),Postgraduate,None,Not Employed,73.7,21.9,3.17,Yes,None,No,4,4,No,60.02,Pass,2.93
STU-01691,2024,1,Engineering,Part-time,High School (ATAR),Non-binary / Other,Domestic,26,Low (<$40k),Bachelor,External,Not Employed,64.9,16.6,2.07,Yes,None,No,2,0,No,42.75,Fail,1.79
STU-01692,2023,2,Information Technology,Full-time,Transfer / Credit,Female,International,22,Mid ($70–110k),TAFE / Certificate,Merit-Based,Not Employed,89.6,27.4,3.21,Yes,None,No,4,4,No,79.79,Distinction,3.46
STU-01693,2022,2,Business,Full-time,Mature Age Entry,Male,Domestic,27,Lower-Mid ($40–70k),Bachelor,None,Full-time (>20 hrs),65.8,19.7,2.14,Yes,Counselling,Yes,4,3,Yes,44.78,Fail,1.93
STU-01694,2023,4,Business,Full-time,International Pathway,Female,Domestic,23,Mid ($70–110k),Bachelor,None,Not Employed,86.3,13.4,3.09,Yes,None,No,4,4,No,73.68,Pass,2.24
STU-01695,2022,4,Health Sciences,Full-time,Mature Age Entry,Male,Domestic,20,High (>$160k),TAFE / Certificate,Equity / Need-Based,Full-time (>20 hrs),47.5,19.1,1.98,Yes,None,No,4,4,Yes,57.56,Pass,2.95
STU-01696,2023,2,Information Technology,Full-time,Transfer / Credit,Female,International,23,Lower-Mid ($40–70k),Postgraduate,Equity / Need-Based,Full-time (>20 hrs),83.3,14.4,2.84,Yes,Multiple Services,Yes,4,4,Yes,53.29,Pass,2.38
STU-01697,2022,4,Health Sciences,Full-time,Mature Age Entry,Female,International,22,Lower-Mid ($40–70k),Postgraduate,Equity / Need-Based,Part-time (≤20 hrs),55.0,14.5,3.15,Yes,Academic Advisor,No,4,4,Yes,59.76,Pass,2.02
STU-01698,2024,1,Business,Full-time,High School (ATAR),Male,Domestic,19,Upper-Mid ($110–160k),Postgraduate,None,Not Employed,59.8,23.2,3.03,Yes,Academic Advisor,No,4,4,Yes,69.65,Distinction,3.19
STU-01699,2024,1,Engineering,Full-time,Transfer / Credit,Female,International,19,Lower-Mid ($40–70k),No Tertiary,None,Not Employed,79.5,16.1,3.08,Yes,None,No,4,3,No,49.18,Fail,1.56
STU-01700,2024,2,Business,Part-time,High School (ATAR),Female,International,25,Lower-Mid ($40–70k),Postgraduate,None,Part-time (≤20 hrs),73.9,8.1,3.77,Yes,Counselling,Yes,2,2,No,64.44,Pass,2.19
STU-01701,2022,1,Arts & Humanities,Full-time,High School (ATAR),Male,Domestic,24,Lower-Mid ($40–70k),No Tertiary,External,Not Employed,70.4,13.1,2.88,Yes,None,No,4,4,No,54.82,Pass,2.22
STU-01702,2024,2,Education,Full-time,Mature Age Entry,Female,Domestic,17,Lower-Mid ($40–70k),Bachelor,Merit-Based,Not Employed,73.3,10.3,2.97,Yes,Peer Tutoring,No,4,4,No,62.37,Pass,2.82
STU-01703,2022,2,Health Sciences,Full-time,TAFE / Diploma,Male,Domestic,25,Lower-Mid ($40–70k),Postgraduate,None,Full-time (>20 hrs),65.6,9.0,3.26,Yes,Academic Advisor,No,4,1,Yes,49.37,Fail,0.96
STU-01704,2023,4,Education,Full-time,High School (ATAR),Male,International,26,Lower-Mid ($40–70k),Bachelor,Merit-Based,Not Employed,87.5,19.9,2.86,Yes,Academic Advisor,No,4,4,No,64.5,Pass,2.5
STU-01705,2023,1,Education,Part-time,Mature Age Entry,Male,Domestic,20,High (>$160k),TAFE / Certificate,None,Not Employed,78.2,12.3,2.32,Yes,None,No,2,2,No,55.94,Pass,2.51
STU-01706,2022,2,Information Technology,Part-time,High School (ATAR),Female,Domestic,20,Mid ($70–110k),Bachelor,None,Full-time (>20 hrs),42.4,1.7,3.76,Yes,Multiple Services,Yes,2,0,Yes,28.46,Fail,1.59
STU-01707,2024,1,Information Technology,Full-time,High School (ATAR),Male,Domestic,20,Upper-Mid ($110–160k),Bachelor,None,Part-time (≤20 hrs),99.4,16.5,3.13,Yes,Multiple Services,Yes,4,4,No,62.97,Pass,2.9
STU-01708,2022,1,Business,Full-time,Transfer / Credit,Male,Domestic,21,Upper-Mid ($110–160k),No Tertiary,Merit-Based,Not Employed,76.9,21.9,3.51,Yes,Multiple Services,Yes,4,4,No,61.05,Pass,2.7
STU-01709,2024,1,Arts & Humanities,Full-time,TAFE / Diploma,Male,International,21,Mid ($70–110k),Bachelor,Merit-Based,Not Employed,78.2,17.4,3.08,Yes,Counselling,Yes,4,4,No,72.99,Distinction,3.01
STU-01710,2024,3,Arts & Humanities,Full-time,High School (ATAR),Male,Domestic,22,Lower-Mid ($40–70k),Postgraduate,Equity / Need-Based,Full-time (>20 hrs),60.7,14.0,3.42,Yes,Academic Advisor,No,4,4,Yes,54.5,Pass,2.87
STU-01711,2022,1,Business,Full-time,TAFE / Diploma,Female,International,23,Mid ($70–110k),Bachelor,None,Full-time (>20 hrs),56.3,15.1,2.35,Yes,Peer Tutoring,No,4,2,Yes,46.27,Fail,1.74
STU-01712,2024,3,Health Sciences,Full-time,Transfer / Credit,Female,International,24,Lower-Mid ($40–70k),No Tertiary,None,Part-time (≤20 hrs),83.6,11.4,2.36,Yes,None,No,4,3,No,46.22,Fail,1.82
STU-01713,2022,1,Engineering,Full-time,Mature Age Entry,Male,International,21,High (>$160k),No Tertiary,None,Full-time (>20 hrs),59.3,5.3,3.27,Yes,Academic Advisor,No,4,0,Yes,35.96,Withdrawn,0.0
STU-01714,2023,2,Engineering,Full-time,International Pathway,Female,Domestic,23,Lower-Mid ($40–70k),Bachelor,None,Full-time (>20 hrs),54.1,10.3,3.1,Yes,None,No,4,2,Yes,39.05,Fail,1.78
STU-01715,2022,4,Arts & Humanities,Full-time,Mature Age Entry,Female,Domestic,19,Mid ($70–110k),No Tertiary,None,Full-time (>20 hrs),46.4,20.5,2.43,Yes,Peer Tutoring,No,4,4,Yes,52.8,Pass,2.91
STU-01716,2022,4,Health Sciences,Full-time,TAFE / Diploma,Male,Domestic,25,Lower-Mid ($40–70k),No Tertiary,None,Full-time (>20 hrs),62.2,8.9,2.66,Yes,Peer Tutoring,No,4,1,Yes,42.01,Fail,1.95
STU-01717,2023,2,Health Sciences,Full-time,High School (ATAR),Male,Domestic,25,Mid ($70–110k),Bachelor,None,Not Employed,80.0,13.6,3.25,Yes,Academic Advisor,No,4,4,No,66.1,Pass,2.79
STU-01718,2023,1,Arts & Humanities,Part-time,TAFE / Diploma,Male,Domestic,18,Lower-Mid ($40–70k),No Tertiary,Merit-Based,Part-time (≤20 hrs),61.1,19.0,3.24,Yes,None,No,2,2,No,52.78,Pass,2.06
STU-01719,2023,1,Education,Full-time,High School (ATAR),Male,International,24,Lower-Mid ($40–70k),No Tertiary,Equity / Need-Based,Part-time (≤20 hrs),89.3,20.5,3.22,Yes,None,No,4,4,No,61.78,Pass,2.83
STU-01720,2024,1,Education,Part-time,High School (ATAR),Female,Domestic,23,High (>$160k),No Tertiary,None,Full-time (>20 hrs),57.6,9.6,3.05,Yes,None,No,2,0,Yes,36.36,Fail,1.73
STU-01721,2023,3,Engineering,Full-time,High School (ATAR),Female,Domestic,23,Lower-Mid ($40–70k),No Tertiary,None,Part-time (≤20 hrs),63.1,15.1,3.57,Yes,Multiple Services,Yes,4,4,No,64.54,Pass,2.38
STU-01722,2023,1,Business,Part-time,High School (ATAR),Male,Domestic,24,Lower-Mid ($40–70k),No Tertiary,None,Part-time (≤20 hrs),88.4,13.9,2.48,Yes,Multiple Services,Yes,2,2,No,46.16,Pass,2.82
STU-01723,2024,1,Arts & Humanities,Part-time,Transfer / Credit,Male,Domestic,24,Upper-Mid ($110–160k),TAFE / Certificate,None,Part-time (≤20 hrs),81.6,20.0,2.25,Yes,None,No,2,2,No,58.99,Pass,2.29
STU-01724,2023,4,Engineering,Full-time,TAFE / Diploma,Male,Domestic,24,Lower-Mid ($40–70k),Bachelor,Equity / Need-Based,Part-time (≤20 hrs),93.2,13.2,3.1,Yes,None,No,4,4,No,61.56,Pass,2.89
STU-01725,2023,3,Business,Full-time,High School (ATAR),Male,International,25,Upper-Mid ($110–160k),TAFE / Certificate,Equity / Need-Based,Part-time (≤20 hrs),75.7,21.5,3.74,Yes,Counselling,Yes,4,4,No,68.27,Pass,2.79
STU-01726,2023,3,Arts & Humanities,Full-time,High School (ATAR),Female,Domestic,20,High (>$160k),No Tertiary,None,Not Employed,66.6,17.0,3.15,Yes,None,No,4,4,No,45.71,Pass,2.59
STU-01727,2023,2,Health Sciences,Full-time,Transfer / Credit,Male,Domestic,23,High (>$160k),Bachelor,None,Part-time (≤20 hrs),86.1,10.7,3.2,Yes,None,No,4,4,No,63.6,Pass,2.61
STU-01728,2024,4,Health Sciences,Full-time,TAFE / Diploma,Female,Domestic,27,Low (<$40k),Bachelor,None,Not Employed,85.5,21.4,3.05,No,Multiple Services,Yes,4,4,No,69.01,Pass,2.91
STU-01729,2024,1,Engineering,Full-time,TAFE / Diploma,Male,Domestic,20,Upper-Mid ($110–160k),TAFE / Certificate,None,Part-time (≤20 hrs),52.7,12.1,2.06,Yes,None,No,4,0,Yes,33.44,Withdrawn,0.0
STU-01730,2024,2,Engineering,Full-time,Transfer / Credit,Female,Domestic,22,Mid ($70–110k),Bachelor,Merit-Based,Not Employed,70.0,23.9,3.16,Yes,None,No,4,4,No,58.41,Pass,2.88
STU-01731,2023,2,Engineering,Part-time,Transfer / Credit,Female,International,21,Mid ($70–110k),No Tertiary,Equity / Need-Based,Part-time (≤20 hrs),70.1,20.0,3.32,Yes,None,No,2,2,No,62.0,Pass,2.16
STU-01732,2024,1,Education,Full-time,TAFE / Diploma,Male,Domestic,23,Lower-Mid ($40–70k),No Tertiary,External,Not Employed,78.0,13.8,2.64,Yes,None,No,4,0,No,49.89,Fail,1.79
STU-01733,2022,4,Engineering,Part-time,High School (ATAR),Non-binary / Other,Domestic,26,Low (<$40k),Bachelor,External,Part-time (≤20 hrs),70.7,17.0,3.14,Yes,Peer Tutoring,No,2,2,No,52.89,Pass,2.39
STU-01734,2022,3,Engineering,Full-time,Mature Age Entry,Female,Domestic,24,Mid ($70–110k),Bachelor,External,Full-time (>20 hrs),60.7,9.3,2.85,Yes,Peer Tutoring,No,4,2,Yes,41.61,Fail,1.75
STU-01735,2023,2,Engineering,Part-time,High School (ATAR),Female,Domestic,24,Lower-Mid ($40–70k),Bachelor,Equity / Need-Based,Not Employed,62.1,23.4,3.41,Yes,Peer Tutoring,No,2,2,No,59.5,Pass,2.5
STU-01736,2024,4,Arts & Humanities,Full-time,International Pathway,Male,Domestic,22,Mid ($70–110k),No Tertiary,None,Full-time (>20 hrs),57.9,11.8,2.51,Yes,None,No,4,0,Yes,33.24,Withdrawn,0.0
STU-01737,2023,4,Health Sciences,Full-time,TAFE / Diploma,Male,Domestic,25,Lower-Mid ($40–70k),Postgraduate,Equity / Need-Based,Not Employed,49.0,21.1,3.26,Yes,Peer Tutoring,No,4,4,Yes,58.03,Pass,2.14
STU-01738,2024,4,Information Technology,Full-time,TAFE / Diploma,Female,Domestic,24,Upper-Mid ($110–160k),Postgraduate,None,Part-time (≤20 hrs),64.1,10.9,3.07,Yes,Academic Advisor,No,4,4,No,59.45,Pass,2.29
STU-01739,2023,2,Engineering,Full-time,High School (ATAR),Male,Domestic,21,Mid ($70–110k),No Tertiary,Merit-Based,Full-time (>20 hrs),63.7,20.8,4.0,Yes,None,No,4,4,Yes,57.2,Pass,2.68
STU-01740,2022,2,Information Technology,Part-time,TAFE / Diploma,Male,Domestic,19,Lower-Mid ($40–70k),TAFE / Certificate,None,Part-time (≤20 hrs),57.8,11.4,2.64,Yes,None,No,2,0,Yes,35.84,Withdrawn,0.0
STU-01741,2023,4,Arts & Humanities,Full-time,International Pathway,Female,Domestic,22,Mid ($70–110k),Bachelor,None,Part-time (≤20 hrs),88.1,21.1,3.68,Yes,Academic Advisor,No,4,4,No,76.6,Distinction,3.27
STU-01742,2024,3,Business,Full-time,High School (ATAR),Male,Domestic,24,Mid ($70–110k),TAFE / Certificate,None,Not Employed,58.5,10.7,2.93,Yes,Academic Advisor,No,4,4,Yes,58.81,Pass,2.01
STU-01743,2023,4,Education,Full-time,International Pathway,Male,Domestic,22,Mid ($70–110k),No Tertiary,External,Not Employed,67.5,7.9,2.65,Yes,Academic Advisor,No,4,3,Yes,51.78,Fail,0.6
STU-01744,2024,2,Business,Full-time,Mature Age Entry,Female,Domestic,25,High (>$160k),Bachelor,External,Full-time (>20 hrs),51.2,6.3,2.87,Yes,Counselling,Yes,4,4,Yes,41.86,Pass,2.91
STU-01745,2024,2,Arts & Humanities,Full-time,High School (ATAR),Female,Domestic,23,Low (<$40k),Postgraduate,Equity / Need-Based,Full-time (>20 hrs),53.7,13.1,4.0,Yes,Peer Tutoring,No,4,4,Yes,43.72,Pass,2.57
STU-01746,2022,4,Arts & Humanities,Full-time,Mature Age Entry,Female,Domestic,20,High (>$160k),TAFE / Certificate,External,Part-time (≤20 hrs),81.5,16.0,2.96,Yes,Academic Advisor,No,4,4,No,56.02,Pass,2.73
STU-01747,2024,1,Business,Full-time,High School (ATAR),Male,Domestic,19,Low (<$40k),Bachelor,None,Part-time (≤20 hrs),61.3,15.7,2.8,No,Academic Advisor,No,4,3,No,44.92,Fail,1.37
STU-01748,2024,4,Business,Full-time,High School (ATAR),Male,International,23,Lower-Mid ($40–70k),No Tertiary,None,Part-time (≤20 hrs),74.6,15.3,2.49,Yes,None,No,4,3,No,43.92,Fail,0.93
STU-01749,2024,2,Engineering,Full-time,Mature Age Entry,Female,International,17,Mid ($70–110k),No Tertiary,None,Not Employed,63.7,16.2,3.47,Yes,Multiple Services,Yes,4,4,No,58.85,Pass,2.76
STU-01750,2024,1,Business,Full-time,TAFE / Diploma,Male,International,23,Low (<$40k),No Tertiary,None,Not Employed,89.1,17.8,2.68,Yes,None,No,4,4,No,55.05,Pass,2.05
STU-01751,2024,1,Arts & Humanities,Part-time,Transfer / Credit,Male,Domestic,22,Lower-Mid ($40–70k),Bachelor,None,Full-time (>20 hrs),68.9,7.6,2.45,Yes,Counselling,Yes,2,0,Yes,25.31,Fail,1.53
STU-01752,2022,2,Engineering,Part-time,High School (ATAR),Female,Domestic,19,Lower-Mid ($40–70k),No Tertiary,Merit-Based,Not Employed,79.0,17.7,4.0,Yes,Peer Tutoring,No,2,2,No,59.79,Pass,2.89
STU-01753,2024,3,Education,Full-time,High School (ATAR),Male,Domestic,26,Lower-Mid ($40–70k),Bachelor,External,Part-time (≤20 hrs),73.7,18.9,3.2,Yes,Peer Tutoring,No,4,4,No,58.18,Pass,2.18
STU-01754,2022,4,Business,Full-time,High School (ATAR),Female,International,25,Upper-Mid ($110–160k),No Tertiary,None,Not Employed,52.8,10.4,2.72,Yes,Peer Tutoring,No,4,4,Yes,55.81,Pass,2.46
STU-01755,2022,3,Business,Full-time,Transfer / Credit,Female,International,25,Low (<$40k),No Tertiary,None,Not Employed,84.7,21.1,2.93,Yes,None,No,4,4,No,67.04,Pass,2.53
STU-01756,2023,2,Health Sciences,Full-time,TAFE / Diploma,Female,Domestic,24,Low (<$40k),Bachelor,Merit-Based,Full-time (>20 hrs),63.3,14.7,3.62,No,None,No,4,3,Yes,47.45,Fail,1.59
STU-01757,2024,1,Engineering,Part-time,TAFE / Diploma,Female,Domestic,23,Upper-Mid ($110–160k),Postgraduate,Merit-Based,Full-time (>20 hrs),56.0,11.6,2.91,Yes,Academic Advisor,No,2,2,Yes,49.29,Pass,2.66
STU-01758,2023,1,Engineering,Full-time,TAFE / Diploma,Female,Domestic,22,Mid ($70–110k),Postgraduate,None,Not Employed,71.4,27.0,3.4,Yes,None,No,4,4,No,84.12,Distinction,3.09
STU-01759,2024,1,Business,Part-time,TAFE / Diploma,Female,Domestic,21,Lower-Mid ($40–70k),No Tertiary,Merit-Based,Part-time (≤20 hrs),60.2,15.5,4.0,Yes,None,No,2,2,No,47.63,Pass,2.92
STU-01760,2024,1,Education,Full-time,High School (ATAR),Non-binary / Other,International,24,High (>$160k),TAFE / Certificate,Merit-Based,Not Employed,87.0,17.6,3.38,Yes,Academic Advisor,No,4,4,No,77.6,Pass,2.9
STU-01761,2024,3,Information Technology,Full-time,Transfer / Credit,Male,International,22,Mid ($70–110k),Bachelor,None,Not Employed,81.7,18.2,2.67,Yes,Peer Tutoring,No,4,4,No,62.2,Pass,2.6
STU-01762,2023,1,Engineering,Part-time,Mature Age Entry,Female,Domestic,22,Mid ($70–110k),Bachelor,External,Not Employed,67.9,17.0,1.95,Yes,Peer Tutoring,No,2,2,No,51.41,Pass,2.49
STU-01763,2023,1,Engineering,Full-time,High School (ATAR),Female,International,17,Lower-Mid ($40–70k),TAFE / Certificate,None,Part-time (≤20 hrs),88.3,13.7,3.59,Yes,Academic Advisor,No,4,4,No,62.16,Pass,2.8
STU-01764,2023,2,Health Sciences,Full-time,International Pathway,Male,Domestic,24,Mid ($70–110k),Bachelor,None,Not Employed,84.0,15.7,3.42,Yes,None,No,4,4,No,67.61,Pass,2.06
STU-01765,2024,3,Education,Full-time,Transfer / Credit,Male,International,23,Upper-Mid ($110–160k),Postgraduate,None,Not Employed,87.5,17.5,3.46,Yes,Multiple Services,Yes,4,4,No,72.1,Distinction,3.47
STU-01766,2024,1,Arts & Humanities,Full-time,Mature Age Entry,Male,International,17,High (>$160k),Bachelor,Merit-Based,Part-time (≤20 hrs),93.8,19.8,2.0,Yes,Academic Advisor,No,4,4,No,73.11,Pass,2.82
STU-01767,2023,3,Health Sciences,Full-time,High School (ATAR),Male,Domestic,20,High (>$160k),Postgraduate,None,Full-time (>20 hrs),54.2,12.6,3.59,Yes,None,No,4,4,Yes,49.5,Pass,2.85
STU-01768,2022,1,Engineering,Part-time,High School (ATAR),Male,Domestic,19,Lower-Mid ($40–70k),Postgraduate,None,Full-time (>20 hrs),64.3,13.1,3.43,Yes,None,No,2,0,No,40.86,Fail,0.66
STU-01769,2023,1,Health Sciences,Full-time,High School (ATAR),Female,Domestic,19,Mid ($70–110k),No Tertiary,External,Part-time (≤20 hrs),64.4,14.4,3.37,Yes,None,No,4,1,No,48.16,Fail,1.88
STU-01770,2022,1,Engineering,Full-time,High School (ATAR),Male,Domestic,23,Mid ($70–110k),Bachelor,None,Part-time (≤20 hrs),81.5,21.4,3.58,Yes,None,No,4,4,No,64.18,Pass,2.42
STU-01771,2022,2,Arts & Humanities,Full-time,Transfer / Credit,Female,Domestic,21,Lower-Mid ($40–70k),Postgraduate,None,Not Employed,78.5,15.7,3.74,Yes,Academic Advisor,No,4,4,No,67.35,Pass,2.15
STU-01772,2024,1,Arts & Humanities,Full-time,High School (ATAR),Female,International,20,Lower-Mid ($40–70k),Bachelor,None,Part-time (≤20 hrs),99.5,15.6,3.14,Yes,None,No,4,4,No,54.36,Pass,2.92
STU-01773,2024,3,Health Sciences,Part-time,High School (ATAR),Female,Domestic,27,Lower-Mid ($40–70k),No Tertiary,External,Full-time (>20 hrs),69.5,10.3,3.65,Yes,Peer Tutoring,No,2,2,No,51.7,Pass,2.06
STU-01774,2024,3,Engineering,Full-time,High School (ATAR),Male,International,23,Upper-Mid ($110–160k),TAFE / Certificate,External,Full-time (>20 hrs),79.7,14.6,2.68,Yes,Peer Tutoring,No,4,4,Yes,54.29,Pass,2.75
STU-01775,2023,4,Information Technology,Full-time,High School (ATAR),Female,International,23,High (>$160k),No Tertiary,None,Not Employed,74.9,17.7,4.0,Yes,Counselling,Yes,4,4,No,71.6,Pass,2.41
STU-01776,2022,3,Business,Full-time,High School (ATAR),Male,International,24,Mid ($70–110k),TAFE / Certificate,Merit-Based,Full-time (>20 hrs),68.3,12.6,3.14,Yes,Academic Advisor,No,4,0,Yes,34.12,Withdrawn,0.0
STU-01777,2022,2,Arts & Humanities,Part-time,High School (ATAR),Female,Domestic,21,Lower-Mid ($40–70k),TAFE / Certificate,None,Not Employed,88.2,14.7,2.27,Yes,None,No,2,2,No,61.4,Pass,2.47
STU-01778,2022,1,Health Sciences,Part-time,High School (ATAR),Male,International,18,Lower-Mid ($40–70k),Postgraduate,None,Full-time (>20 hrs),56.5,9.3,3.61,Yes,Academic Advisor,No,2,2,Yes,40.94,Pass,2.59
STU-01779,2022,1,Engineering,Full-time,TAFE / Diploma,Male,Domestic,20,High (>$160k),Bachelor,None,Part-time (≤20 hrs),59.2,13.4,3.56,Yes,None,No,4,0,Yes,45.82,Fail,1.14
STU-01780,2023,3,Health Sciences,Full-time,High School (ATAR),Female,International,22,Upper-Mid ($110–160k),No Tertiary,External,Full-time (>20 hrs),47.3,10.4,4.0,Yes,Peer Tutoring,No,4,2,Yes,41.12,Fail,0.75
STU-01781,2022,2,Arts & Humanities,Full-time,High School (ATAR),Female,Domestic,22,Low (<$40k),TAFE / Certificate,None,Part-time (≤20 hrs),73.7,21.7,2.77,Yes,None,No,4,4,No,55.65,Pass,2.94
STU-01782,2023,4,Arts & Humanities,Full-time,Mature Age Entry,Male,International,18,High (>$160k),TAFE / Certificate,Equity / Need-Based,Not Employed,92.9,20.3,3.69,Yes,None,No,4,4,No,73.23,Pass,2.3
STU-01783,2023,2,Business,Full-time,High School (ATAR),Female,Domestic,23,High (>$160k),TAFE / Certificate,External,Full-time (>20 hrs),48.9,9.6,2.54,Yes,None,No,4,3,Yes,38.76,Fail,1.93
STU-01784,2022,2,Health Sciences,Full-time,Mature Age Entry,Female,Domestic,22,Upper-Mid ($110–160k),Postgraduate,Merit-Based,Not Employed,78.8,24.2,4.0,Yes,Multiple Services,Yes,4,4,No,77.3,Pass,2.54
STU-01785,2023,3,Health Sciences,Full-time,High School (ATAR),Female,International,22,Upper-Mid ($110–160k),TAFE / Certificate,Merit-Based,Not Employed,85.3,17.4,3.4,Yes,None,No,4,4,No,77.88,Distinction,3.34
STU-01786,2023,1,Education,Full-time,TAFE / Diploma,Male,Domestic,22,Mid ($70–110k),Bachelor,External,Part-time (≤20 hrs),70.1,20.7,2.53,Yes,Peer Tutoring,No,4,4,No,69.62,Distinction,3.26
STU-01787,2022,1,Information Technology,Part-time,High School (ATAR),Male,Domestic,20,Upper-Mid ($110–160k),Bachelor,None,Part-time (≤20 hrs),78.9,9.3,2.94,Yes,Academic Advisor,No,2,2,No,55.63,Pass,2.67
STU-01788,2024,1,Arts & Humanities,Full-time,High School (ATAR),Male,Domestic,18,Low (<$40k),Bachelor,None,Not Employed,71.0,17.0,2.72,Yes,Counselling,Yes,4,4,No,67.01,Pass,2.02
STU-01789,2022,2,Health Sciences,Part-time,TAFE / Diploma,Male,International,24,High (>$160k),Bachelor,Merit-Based,Not Employed,68.3,12.7,3.11,Yes,None,No,2,2,No,53.59,Pass,2.58
STU-01790,2022,2,Information Technology,Full-time,Transfer / Credit,Female,Domestic,23,Mid ($70–110k),Postgraduate,External,Part-time (≤20 hrs),50.3,21.3,3.63,Yes,Academic Advisor,No,4,4,Yes,60.28,Pass,2.53
STU-01791,2022,3,Arts & Humanities,Full-time,Transfer / Credit,Male,International,22,Lower-Mid ($40–70k),Postgraduate,Merit-Based,Not Employed,100.0,28.2,3.45,Yes,None,No,4,4,No,82.98,Distinction,3.68
STU-01792,2024,4,Health Sciences,Full-time,TAFE / Diploma,Female,Domestic,25,High (>$160k),Postgraduate,None,Not Employed,72.6,18.1,2.78,Yes,Academic Advisor,No,4,4,No,77.27,Distinction,3.44
STU-01793,2024,3,Information Technology,Full-time,Transfer / Credit,Male,International,23,High (>$160k),Postgraduate,None,Part-time (≤20 hrs),47.7,25.9,3.25,Yes,Peer Tutoring,No,4,4,Yes,54.71,Pass,2.01
STU-01794,2023,4,Business,Part-time,International Pathway,Female,International,24,Lower-Mid ($40–70k),No Tertiary,Merit-Based,Not Employed,45.4,14.4,2.35,Yes,Peer Tutoring,No,2,0,Yes,46.05,Fail,0.82
STU-01795,2024,3,Health Sciences,Full-time,High School (ATAR),Female,Domestic,23,Upper-Mid ($110–160k),Bachelor,Equity / Need-Based,Not Employed,53.8,26.9,2.84,Yes,Peer Tutoring,No,4,4,Yes,56.18,Pass,2.39
STU-01796,2024,4,Engineering,Part-time,Transfer / Credit,Male,Domestic,24,Lower-Mid ($40–70k),Bachelor,Equity / Need-Based,Part-time (≤20 hrs),56.4,21.8,3.88,Yes,Peer Tutoring,No,2,2,Yes,56.04,Pass,2.92
STU-01797,2023,2,Business,Full-time,High School (ATAR),Female,International,24,Low (<$40k),Bachelor,None,Full-time (>20 hrs),72.3,8.3,3.29,Yes,Academic Advisor,No,4,0,Yes,42.68,Fail,1.37
STU-01798,2024,2,Engineering,Full-time,Transfer / Credit,Male,Domestic,21,Mid ($70–110k),Bachelor,Equity / Need-Based,Part-time (≤20 hrs),77.5,18.2,3.28,Yes,Academic Advisor,No,4,4,No,59.65,Pass,2.24
STU-01799,2023,1,Business,Part-time,TAFE / Diploma,Female,International,22,Low (<$40k),Bachelor,None,Part-time (≤20 hrs),79.9,10.3,2.57,No,Counselling,Yes,2,2,No,47.26,Pass,2.84
STU-01800,2022,3,Education,Full-time,Mature Age Entry,Male,Domestic,28,High (>$160k),Postgraduate,None,Not Employed,78.3,19.9,2.64,Yes,None,No,4,4,No,65.44,Pass,2.57
STU-01801,2024,3,Business,Part-time,Mature Age Entry,Female,Domestic,24,Mid ($70–110k),TAFE / Certificate,None,Not Employed,94.8,11.6,3.51,Yes,Multiple Services,Yes,2,2,No,66.01,Pass,2.84
STU-01802,2023,4,Arts & Humanities,Full-time,TAFE / Diploma,Female,Domestic,23,High (>$160k),Bachelor,None,Not Employed,63.7,11.3,2.43,Yes,None,No,4,4,No,56.55,Pass,2.73
STU-01803,2023,3,Arts & Humanities,Full-time,High School (ATAR),Male,Domestic,22,Lower-Mid ($40–70k),No Tertiary,None,Part-time (≤20 hrs),66.1,17.2,2.64,Yes,Multiple Services,Yes,4,4,No,46.69,Pass,2.19
STU-01804,2022,3,Information Technology,Part-time,TAFE / Diploma,Male,Domestic,24,Lower-Mid ($40–70k),Bachelor,Equity / Need-Based,Part-time (≤20 hrs),57.8,12.9,2.15,Yes,None,No,2,1,Yes,44.34,Fail,0.88
STU-01805,2023,1,Engineering,Part-time,High School (ATAR),Female,International,23,High (>$160k),Postgraduate,None,Full-time (>20 hrs),70.0,9.7,3.43,Yes,Peer Tutoring,No,2,0,No,46.05,Fail,0.84
STU-01806,2023,4,Engineering,Full-time,TAFE / Diploma,Male,Domestic,28,Lower-Mid ($40–70k),TAFE / Certificate,External,Part-time (≤20 hrs),64.4,25.0,2.88,Yes,Academic Advisor,No,4,4,No,59.71,Pass,2.48
STU-01807,2023,2,Education,Part-time,High School (ATAR),Female,Domestic,23,Low (<$40k),Postgraduate,Merit-Based,Not Employed,69.9,17.7,4.0,Yes,None,No,2,2,No,69.66,Distinction,3.05
STU-01808,2022,3,Business,Full-time,TAFE / Diploma,Male,Domestic,20,Lower-Mid ($40–70k),No Tertiary,Merit-Based,Part-time (≤20 hrs),57.7,21.6,2.86,Yes,None,No,4,4,Yes,49.86,Pass,2.72
STU-01809,2024,3,Education,Part-time,Transfer / Credit,Male,International,21,Mid ($70–110k),Postgraduate,Merit-Based,Not Employed,75.5,10.7,2.71,Yes,Peer Tutoring,No,2,2,No,64.91,Pass,2.02
STU-01810,2023,1,Business,Part-time,TAFE / Diploma,Female,Domestic,24,Mid ($70–110k),Bachelor,External,Full-time (>20 hrs),59.2,11.4,3.46,Yes,Multiple Services,Yes,2,2,Yes,61.79,Pass,2.46
STU-01811,2022,1,Information Technology,Full-time,TAFE / Diploma,Male,Domestic,24,Mid ($70–110k),TAFE / Certificate,None,Full-time (>20 hrs),67.4,13.9,2.66,Yes,Academic Advisor,No,4,4,Yes,47.5,Pass,2.54
STU-01812,2022,3,Education,Part-time,High School (ATAR),Female,Domestic,23,Low (<$40k),Bachelor,None,Not Employed,59.0,17.9,2.76,No,Academic Advisor,No,2,1,Yes,50.71,Fail,1.69
STU-01813,2024,1,Business,Full-time,Mature Age Entry,Male,International,17,Upper-Mid ($110–160k),Bachelor,None,Full-time (>20 hrs),93.7,13.3,3.03,Yes,Academic Advisor,No,4,4,Yes,59.39,Pass,2.59
STU-01814,2022,1,Business,Full-time,Transfer / Credit,Female,Domestic,21,Mid ($70–110k),Postgraduate,None,Part-time (≤20 hrs),88.4,13.4,4.0,Yes,None,No,4,4,No,61.31,Pass,2.47
STU-01815,2024,2,Arts & Humanities,Full-time,International Pathway,Female,Domestic,23,Upper-Mid ($110–160k),Bachelor,None,Full-time (>20 hrs),56.6,11.8,2.18,Yes,None,No,4,4,Yes,46.39,Pass,2.7
STU-01816,2022,3,Engineering,Part-time,Transfer / Credit,Female,Domestic,27,Lower-Mid ($40–70k),No Tertiary,Equity / Need-Based,Not Employed,88.3,21.0,3.72,Yes,Peer Tutoring,No,2,2,No,61.95,Pass,2.26
STU-01817,2023,1,Information Technology,Full-time,High School (ATAR),Male,Domestic,22,Upper-Mid ($110–160k),No Tertiary,None,Not Employed,77.7,13.5,3.69,Yes,None,No,4,4,No,60.28,Pass,2.94
STU-01818,2024,2,Information Technology,Part-time,TAFE / Diploma,Male,Domestic,21,Upper-Mid ($110–160k),Postgraduate,Merit-Based,Not Employed,63.2,21.7,3.16,Yes,Counselling,Yes,2,2,No,71.54,Distinction,3.44
STU-01819,2022,1,Arts & Humanities,Full-time,Mature Age Entry,Male,International,23,Mid ($70–110k),Bachelor,None,Part-time (≤20 hrs),60.8,14.9,2.6,Yes,Academic Advisor,No,4,4,No,53.55,Pass,2.06
STU-01820,2024,1,Arts & Humanities,Full-time,Transfer / Credit,Male,International,25,Low (<$40k),TAFE / Certificate,None,Part-time (≤20 hrs),91.2,14.0,3.23,No,Peer Tutoring,No,4,4,No,54.0,Pass,2.59
STU-01821,2024,1,Information Technology,Full-time,High School (ATAR),Female,International,21,Low (<$40k),Postgraduate,None,Part-time (≤20 hrs),62.2,21.9,3.88,Yes,None,No,4,4,No,55.72,Pass,2.31
STU-01822,2024,2,Engineering,Part-time,High School (ATAR),Male,Domestic,25,Mid ($70–110k),Bachelor,None,Full-time (>20 hrs),58.7,7.6,2.56,Yes,Academic Advisor,No,2,0,Yes,31.98,Withdrawn,0.0
STU-01823,2022,2,Health Sciences,Part-time,High School (ATAR),Female,International,21,Low (<$40k),Bachelor,None,Part-time (≤20 hrs),84.4,18.4,2.87,Yes,Academic Advisor,No,2,2,No,61.53,Pass,2.78
STU-01824,2024,3,Health Sciences,Part-time,Mature Age Entry,Male,Domestic,19,Mid ($70–110k),No Tertiary,None,Full-time (>20 hrs),62.2,20.0,2.79,Yes,Peer Tutoring,No,2,1,No,44.33,Fail,1.33
STU-01825,2024,2,Business,Full-time,International Pathway,Female,Domestic,20,High (>$160k),TAFE / Certificate,Merit-Based,Full-time (>20 hrs),52.2,11.2,3.45,Yes,None,No,4,4,Yes,55.36,Pass,2.23
STU-01826,2022,1,Arts & Humanities,Part-time,Transfer / Credit,Male,Domestic,24,High (>$160k),Bachelor,Equity / Need-Based,Full-time (>20 hrs),53.1,5.4,3.03,Yes,None,No,2,0,Yes,32.44,Fail,1.55
STU-01827,2024,1,Engineering,Part-time,Mature Age Entry,Male,Domestic,25,Low (<$40k),Bachelor,Merit-Based,Part-time (≤20 hrs),32.9,12.4,3.08,Yes,Peer Tutoring,No,2,0,Yes,47.15,Fail,0.63
STU-01828,2022,1,Health Sciences,Full-time,Mature Age Entry,Female,Domestic,18,Upper-Mid ($110–160k),Bachelor,Merit-Based,Not Employed,75.6,13.9,3.53,Yes,Peer Tutoring,No,4,4,No,62.97,Pass,2.31
STU-01829,2023,1,Business,Full-time,TAFE / Diploma,Male,Domestic,19,Lower-Mid ($40–70k),Postgraduate,Equity / Need-Based,Part-time (≤20 hrs),77.8,15.8,3.29,Yes,Peer Tutoring,No,4,4,No,74.64,Pass,2.9
STU-01830,2022,1,Information Technology,Full-time,Mature Age Entry,Male,International,20,High (>$160k),Bachelor,External,Part-time (≤20 hrs),75.9,12.1,1.92,Yes,None,No,4,4,No,58.41,Pass,2.08
STU-01831,2022,1,Education,Full-time,International Pathway,Male,Domestic,20,Mid ($70–110k),TAFE / Certificate,None,Full-time (>20 hrs),43.2,19.4,1.97,Yes,None,No,4,1,Yes,38.32,Fail,0.62
STU-01832,2024,3,Arts & Humanities,Full-time,Transfer / Credit,Female,International,23,Upper-Mid ($110–160k),Postgraduate,None,Not Employed,71.5,12.0,3.96,Yes,None,No,4,4,No,68.26,Pass,2.98
STU-01833,2023,1,Education,Full-time,High School (ATAR),Male,Domestic,21,Mid ($70–110k),Bachelor,Merit-Based,Not Employed,80.9,14.3,4.0,Yes,Peer Tutoring,No,4,4,No,76.0,Pass,2.07
STU-01834,2022,1,Business,Full-time,Mature Age Entry,Male,Domestic,20,Low (<$40k),No Tertiary,None,Not Employed,81.2,10.8,3.25,Yes,Peer Tutoring,No,4,2,No,47.54,Fail,0.52
STU-01835,2022,2,Engineering,Full-time,Transfer / Credit,Male,Domestic,23,Upper-Mid ($110–160k),Bachelor,None,Not Employed,59.3,6.1,3.11,Yes,Counselling,Yes,4,4,Yes,53.71,Pass,2.45
STU-01836,2024,1,Engineering,Part-time,TAFE / Diploma,Female,International,23,Mid ($70–110k),Bachelor,Equity / Need-Based,Full-time (>20 hrs),70.4,2.3,2.39,Yes,Multiple Services,Yes,2,2,Yes,43.15,Pass,2.19
STU-01837,2022,2,Engineering,Part-time,Mature Age Entry,Male,Domestic,24,Mid ($70–110k),Postgraduate,None,Part-time (≤20 hrs),51.5,12.0,2.88,Yes,None,No,2,1,Yes,40.4,Fail,1.25
STU-01838,2023,1,Engineering,Full-time,High School (ATAR),Female,Domestic,23,Mid ($70–110k),No Tertiary,Merit-Based,Part-time (≤20 hrs),90.8,20.1,3.33,Yes,None,No,4,4,No,63.18,Pass,2.35
STU-01839,2024,2,Health Sciences,Full-time,Transfer / Credit,Male,Domestic,22,Upper-Mid ($110–160k),No Tertiary,Equity / Need-Based,Not Employed,42.0,13.0,2.38,Yes,None,No,4,0,Yes,43.16,Fail,1.63
STU-01840,2023,4,Information Technology,Full-time,Mature Age Entry,Female,Domestic,28,Upper-Mid ($110–160k),Bachelor,None,Part-time (≤20 hrs),78.3,12.2,3.12,Yes,Academic Advisor,No,4,4,No,59.19,Pass,2.55
STU-01841,2022,1,Arts & Humanities,Full-time,Mature Age Entry,Female,International,18,Mid ($70–110k),No Tertiary,None,Part-time (≤20 hrs),85.5,19.5,2.88,Yes,Peer Tutoring,No,4,4,No,53.36,Pass,2.08
STU-01842,2022,1,Business,Part-time,High School (ATAR),Female,Domestic,22,Mid ($70–110k),Bachelor,None,Part-time (≤20 hrs),72.6,10.9,2.58,Yes,Multiple Services,Yes,2,2,No,64.59,Pass,2.25
STU-01843,2023,1,Engineering,Full-time,Mature Age Entry,Female,Domestic,17,Lower-Mid ($40–70k),Bachelor,External,Not Employed,84.1,19.4,3.12,Yes,Academic Advisor,No,4,4,No,63.17,Pass,2.58
STU-01844,2023,1,Health Sciences,Part-time,High School (ATAR),Male,International,20,Lower-Mid ($40–70k),Postgraduate,Equity / Need-Based,Full-time (>20 hrs),58.9,15.5,2.14,Yes,Academic Advisor,No,2,1,Yes,32.42,Fail,0.71
STU-01845,2023,2,Business,Part-time,High School (ATAR),Female,International,21,Low (<$40k),Postgraduate,Equity / Need-Based,Part-time (≤20 hrs),65.0,18.3,3.85,Yes,None,No,2,2,No,55.15,Pass,2.13
STU-01846,2024,3,Business,Full-time,International Pathway,Female,Domestic,20,Lower-Mid ($40–70k),No Tertiary,None,Not Employed,68.1,15.0,3.33,Yes,Academic Advisor,No,4,4,No,56.49,Pass,2.03
STU-01847,2022,1,Information Technology,Full-time,High School (ATAR),Male,Domestic,20,Lower-Mid ($40–70k),TAFE / Certificate,Equity / Need-Based,Part-time (≤20 hrs),91.1,18.3,3.58,Yes,Academic Advisor,No,4,4,No,63.46,Pass,2.35
STU-01848,2023,2,Arts & Humanities,Part-time,International Pathway,Female,International,18,Low (<$40k),Bachelor,Merit-Based,Full-time (>20 hrs),52.2,11.6,3.41,Yes,None,No,2,0,Yes,46.42,Fail,0.54
STU-01849,2024,3,Health Sciences,Full-time,High School (ATAR),Female,Domestic,20,Upper-Mid ($110–160k),Bachelor,None,Part-time (≤20 hrs),68.6,17.0,3.2,Yes,None,No,4,4,No,59.32,Pass,2.38
STU-01850,2023,4,Health Sciences,Full-time,High School (ATAR),Non-binary / Other,Domestic,24,Low (<$40k),Bachelor,None,Part-time (≤20 hrs),74.3,10.2,1.99,Yes,None,No,4,3,No,51.69,Fail,1.55
STU-01851,2022,2,Health Sciences,Full-time,High School (ATAR),Female,International,24,Upper-Mid ($110–160k),Bachelor,None,Full-time (>20 hrs),70.4,10.7,3.77,Yes,None,No,4,4,Yes,50.23,Pass,2.11
STU-01852,2023,3,Information Technology,Part-time,High School (ATAR),Male,Domestic,22,Lower-Mid ($40–70k),No Tertiary,Equity / Need-Based,Not Employed,48.0,15.6,3.08,Yes,None,No,2,0,Yes,46.37,Fail,0.89
STU-01853,2022,1,Engineering,Full-time,High School (ATAR),Non-binary / Other,Domestic,21,Mid ($70–110k),TAFE / Certificate,Merit-Based,Full-time (>20 hrs),70.1,11.2,3.37,Yes,Multiple Services,Yes,4,4,Yes,64.66,Pass,2.9
STU-01854,2023,3,Engineering,Part-time,High School (ATAR),Male,International,22,Mid ($70–110k),Bachelor,None,Part-time (≤20 hrs),85.2,13.4,3.62,Yes,Academic Advisor,No,2,2,No,64.11,Pass,2.41
STU-01855,2023,3,Arts & Humanities,Full-time,High School (ATAR),Male,Domestic,22,Upper-Mid ($110–160k),Postgraduate,None,Not Employed,100.0,18.8,3.56,Yes,Peer Tutoring,No,4,4,No,74.7,Pass,2.24
STU-01856,2024,3,Education,Full-time,TAFE / Diploma,Male,International,21,Lower-Mid ($40–70k),Postgraduate,None,Not Employed,71.0,24.6,2.79,Yes,Multiple Services,Yes,4,4,No,76.04,Pass,2.99
STU-01857,2024,2,Education,Full-time,Transfer / Credit,Female,Domestic,23,Mid ($70–110k),Bachelor,None,Part-time (≤20 hrs),95.9,22.8,2.43,Yes,None,No,4,4,No,61.79,Pass,2.5
STU-01858,2024,4,Education,Full-time,High School (ATAR),Male,Domestic,26,Low (<$40k),Bachelor,None,Not Employed,93.7,22.3,3.18,No,Peer Tutoring,No,4,4,No,71.43,Pass,2.77
STU-01859,2023,2,Arts & Humanities,Full-time,Transfer / Credit,Female,Domestic,26,Low (<$40k),Bachelor,None,Not Employed,66.2,24.8,3.34,Yes,None,No,4,4,No,55.05,Pass,2.84
STU-01860,2022,3,Business,Full-time,High School (ATAR),Female,Domestic,26,Mid ($70–110k),TAFE / Certificate,External,Not Employed,51.8,14.8,3.4,Yes,Academic Advisor,No,4,4,Yes,59.69,Pass,2.66
STU-01861,2022,1,Health Sciences,Full-time,Transfer / Credit,Male,Domestic,23,Upper-Mid ($110–160k),No Tertiary,None,Full-time (>20 hrs),74.6,14.5,2.66,Yes,Academic Advisor,No,4,0,Yes,49.12,Fail,0.58
STU-01862,2022,3,Health Sciences,Full-time,Transfer / Credit,Male,Domestic,23,Lower-Mid ($40–70k),Postgraduate,External,Not Employed,84.2,9.6,3.26,Yes,None,No,4,4,No,74.77,Distinction,3.34
STU-01863,2022,4,Business,Full-time,Mature Age Entry,Male,Domestic,29,Lower-Mid ($40–70k),Bachelor,None,Part-time (≤20 hrs),77.1,14.8,2.15,Yes,Counselling,Yes,4,4,No,50.88,Pass,2.46
STU-01864,2023,4,Health Sciences,Full-time,High School (ATAR),Female,International,22,Upper-Mid ($110–160k),Postgraduate,None,Part-time (≤20 hrs),73.4,20.3,3.47,Yes,None,No,4,4,No,73.44,Pass,2.38
STU-01865,2022,1,Business,Full-time,High School (ATAR),Female,Domestic,22,High (>$160k),TAFE / Certificate,None,Not Employed,66.7,19.6,4.0,Yes,Peer Tutoring,No,4,4,No,64.8,Pass,2.3
STU-01866,2024,2,Health Sciences,Full-time,Mature Age Entry,Female,International,18,Upper-Mid ($110–160k),Bachelor,Equity / Need-Based,Part-time (≤20 hrs),76.3,20.4,2.24,Yes,Counselling,Yes,4,4,No,58.13,Pass,2.37
STU-01867,2024,1,Health Sciences,Full-time,Mature Age Entry,Male,Domestic,18,Lower-Mid ($40–70k),Bachelor,Merit-Based,Part-time (≤20 hrs),84.5,18.8,3.82,Yes,Academic Advisor,No,4,4,No,74.28,Pass,2.48
STU-01868,2022,1,Arts & Humanities,Full-time,Mature Age Entry,Female,Domestic,24,Lower-Mid ($40–70k),No Tertiary,Merit-Based,Part-time (≤20 hrs),50.1,9.7,2.55,Yes,None,No,4,4,Yes,42.61,Pass,2.48
STU-01869,2024,4,Education,Full-time,High School (ATAR),Female,Domestic,23,High (>$160k),No Tertiary,Merit-Based,Full-time (>20 hrs),56.9,15.7,3.81,Yes,Counselling,Yes,4,4,Yes,53.71,Pass,2.43
STU-01870,2024,1,Business,Full-time,High School (ATAR),Female,Domestic,23,Low (<$40k),No Tertiary,Merit-Based,Part-time (≤20 hrs),95.4,17.8,3.82,Yes,Peer Tutoring,No,4,4,No,74.37,Pass,2.75
STU-01871,2022,4,Business,Part-time,TAFE / Diploma,Female,Domestic,22,Mid ($70–110k),Postgraduate,External,Part-time (≤20 hrs),85.2,15.4,2.59,Yes,Multiple Services,Yes,2,2,No,72.23,Distinction,3.41
STU-01872,2024,3,Education,Full-time,Transfer / Credit,Female,Domestic,22,Low (<$40k),Bachelor,Equity / Need-Based,Part-time (≤20 hrs),84.0,5.0,3.23,Yes,Counselling,Yes,4,4,Yes,58.13,Pass,2.71
STU-01873,2022,3,Business,Full-time,Mature Age Entry,Female,Domestic,22,Low (<$40k),Bachelor,None,Part-time (≤20 hrs),80.9,15.3,2.01,Yes,None,No,4,1,No,48.31,Fail,0.91
STU-01874,2023,4,Information Technology,Full-time,High School (ATAR),Male,Domestic,26,Mid ($70–110k),No Tertiary,Merit-Based,Full-time (>20 hrs),64.6,18.1,2.39,Yes,None,No,4,4,Yes,42.36,Pass,2.36
STU-01875,2023,2,Education,Full-time,TAFE / Diploma,Female,Domestic,21,High (>$160k),Bachelor,None,Full-time (>20 hrs),49.4,13.8,2.26,Yes,None,No,4,1,Yes,34.36,Fail,1.08
STU-01876,2024,3,Education,Full-time,Transfer / Credit,Male,Domestic,21,Mid ($70–110k),No Tertiary,Merit-Based,Not Employed,81.4,17.0,1.81,Yes,Counselling,Yes,4,4,No,73.41,Distinction,3.64
STU-01877,2024,3,Health Sciences,Full-time,High School (ATAR),Female,International,25,Upper-Mid ($110–160k),Bachelor,None,Part-time (≤20 hrs),61.1,14.0,3.14,Yes,Peer Tutoring,No,4,4,No,62.14,Pass,2.54
STU-01878,2024,1,Information Technology,Full-time,High School (ATAR),Female,Domestic,21,Mid ($70–110k),Bachelor,None,Part-time (≤20 hrs),62.0,23.7,2.55,Yes,Academic Advisor,No,4,4,No,57.56,Pass,2.24
STU-01879,2023,1,Engineering,Full-time,Mature Age Entry,Female,Domestic,27,High (>$160k),Bachelor,None,Full-time (>20 hrs),60.8,17.9,2.71,Yes,Academic Advisor,No,4,4,Yes,56.06,Pass,2.12
STU-01880,2022,2,Business,Part-time,High School (ATAR),Female,Domestic,23,High (>$160k),Postgraduate,Equity / Need-Based,Part-time (≤20 hrs),47.9,17.8,3.74,Yes,None,No,2,2,Yes,66.87,Pass,2.59
STU-01881,2024,4,Health Sciences,Part-time,Transfer / Credit,Male,International,25,Mid ($70–110k),No Tertiary,None,Not Employed,61.1,16.3,2.16,Yes,Peer Tutoring,No,2,0,No,34.34,Withdrawn,0.0
STU-01882,2023,1,Engineering,Full-time,High School (ATAR),Male,Domestic,24,Upper-Mid ($110–160k),TAFE / Certificate,None,Not Employed,98.0,16.9,3.29,Yes,None,No,4,4,No,66.41,Pass,2.4
STU-01883,2022,1,Education,Full-time,High School (ATAR),Male,Domestic,22,Mid ($70–110k),Bachelor,Equity / Need-Based,Not Employed,94.5,11.9,4.0,Yes,Academic Advisor,No,4,4,No,66.62,Pass,2.07
STU-01884,2024,3,Education,Full-time,High School (ATAR),Female,International,22,Lower-Mid ($40–70k),Bachelor,None,Not Employed,76.8,16.9,4.0,Yes,Counselling,Yes,4,4,No,64.59,Pass,2.97
STU-01885,2022,3,Engineering,Full-time,High School (ATAR),Male,Domestic,23,Lower-Mid ($40–70k),Bachelor,Merit-Based,Not Employed,62.0,16.3,2.97,Yes,None,No,4,4,No,63.88,Pass,2.17
STU-01886,2024,3,Arts & Humanities,Full-time,High School (ATAR),Female,International,25,Mid ($70–110k),Bachelor,None,Full-time (>20 hrs),66.8,16.2,3.41,Yes,Multiple Services,Yes,4,4,Yes,55.79,Pass,2.89
STU-01887,2022,1,Business,Full-time,Mature Age Entry,Male,Domestic,24,Low (<$40k),Postgraduate,None,Part-time (≤20 hrs),85.2,16.8,2.26,Yes,Academic Advisor,No,4,4,No,56.97,Pass,2.39
STU-01888,2022,1,Business,Full-time,High School (ATAR),Female,Domestic,22,Mid ($70–110k),No Tertiary,Merit-Based,Part-time (≤20 hrs),52.5,16.3,3.51,Yes,Peer Tutoring,No,4,4,Yes,52.18,Pass,2.23
STU-01889,2024,1,Arts & Humanities,Part-time,TAFE / Diploma,Female,Domestic,22,Mid ($70–110k),No Tertiary,None,Not Employed,45.0,9.9,3.26,Yes,None,No,2,0,Yes,35.82,Withdrawn,0.0
STU-01890,2023,3,Business,Part-time,International Pathway,Male,International,27,Upper-Mid ($110–160k),Bachelor,None,Not Employed,63.7,20.6,3.02,Yes,None,No,2,2,No,66.15,Pass,2.61
STU-01891,2022,3,Business,Full-time,Transfer / Credit,Female,Domestic,24,Lower-Mid ($40–70k),TAFE / Certificate,Merit-Based,Full-time (>20 hrs),41.7,12.2,3.22,Yes,Academic Advisor,No,4,4,Yes,43.86,Pass,2.75
STU-01892,2023,1,Information Technology,Part-time,Mature Age Entry,Male,Domestic,29,Upper-Mid ($110–160k),No Tertiary,Equity / Need-Based,Not Employed,54.9,15.5,3.59,Yes,Peer Tutoring,No,2,0,Yes,49.35,Fail,1.53
STU-01893,2023,2,Health Sciences,Full-time,High School (ATAR),Male,Domestic,23,Mid ($70–110k),Postgraduate,Merit-Based,Part-time (≤20 hrs),80.7,16.4,4.0,Yes,Academic Advisor,No,4,4,No,59.88,Pass,2.45
STU-01894,2024,1,Engineering,Full-time,High School (ATAR),Female,International,22,Mid ($70–110k),TAFE / Certificate,Equity / Need-Based,Part-time (≤20 hrs),84.8,11.0,3.33,Yes,Counselling,Yes,4,4,No,55.25,Pass,2.98
STU-01895,2022,1,Health Sciences,Part-time,Transfer / Credit,Female,Domestic,21,Upper-Mid ($110–160k),Bachelor,None,Full-time (>20 hrs),51.5,11.8,1.86,Yes,None,No,2,1,Yes,17.52,Fail,1.02
STU-01896,2024,3,Health Sciences,Full-time,High School (ATAR),Male,Domestic,24,Upper-Mid ($110–160k),TAFE / Certificate,None,Not Employed,81.3,26.5,2.96,Yes,None,No,4,4,No,53.67,Pass,2.52
STU-01897,2022,4,Arts & Humanities,Part-time,International Pathway,Male,Domestic,24,Upper-Mid ($110–160k),Bachelor,None,Not Employed,87.4,12.0,3.03,Yes,None,No,2,2,No,44.41,Pass,2.87
STU-01898,2024,3,Arts & Humanities,Full-time,High School (ATAR),Female,International,27,Lower-Mid ($40–70k),Bachelor,None,Part-time (≤20 hrs),78.3,18.9,3.55,Yes,Multiple Services,Yes,4,4,No,69.46,Distinction,3.13
STU-01899,2024,4,Health Sciences,Full-time,High School (ATAR),Male,Domestic,26,Mid ($70–110k),Postgraduate,None,Part-time (≤20 hrs),66.0,17.4,2.85,Yes,Academic Advisor,No,4,4,No,72.47,Pass,2.29
STU-01900,2023,2,Health Sciences,Full-time,High School (ATAR),Male,International,24,Low (<$40k),No Tertiary,Merit-Based,Full-time (>20 hrs),70.8,10.6,3.94,Yes,Multiple Services,Yes,4,4,Yes,52.18,Pass,2.86
STU-01901,2022,1,Engineering,Full-time,Transfer / Credit,Male,Domestic,22,Upper-Mid ($110–160k),No Tertiary,None,Part-time (≤20 hrs),81.4,7.6,3.03,Yes,None,No,4,4,Yes,59.31,Pass,2.54
STU-01902,2023,1,Education,Full-time,High School (ATAR),Female,International,21,Lower-Mid ($40–70k),No Tertiary,None,Not Employed,62.7,26.1,3.85,Yes,Peer Tutoring,No,4,2,No,50.75,Fail,1.51
STU-01903,2023,4,Arts & Humanities,Part-time,High School (ATAR),Female,Domestic,25,Lower-Mid ($40–70k),Bachelor,External,Full-time (>20 hrs),63.7,5.8,2.04,Yes,Academic Advisor,No,2,2,Yes,43.08,Pass,2.21
STU-01904,2024,4,Information Technology,Part-time,Mature Age Entry,Male,Domestic,23,Low (<$40k),Postgraduate,External,Part-time (≤20 hrs),52.6,14.3,3.46,Yes,Academic Advisor,No,2,1,Yes,47.62,Fail,1.33
STU-01905,2022,2,Engineering,Full-time,TAFE / Diploma,Female,Domestic,24,Mid ($70–110k),Bachelor,None,Part-time (≤20 hrs),86.2,21.9,2.3,Yes,Peer Tutoring,No,4,4,No,64.89,Pass,2.07
STU-01906,2022,1,Business,Part-time,International Pathway,Female,International,22,Low (<$40k),Bachelor,Equity / Need-Based,Full-time (>20 hrs),80.3,15.7,2.97,Yes,Peer Tutoring,No,2,2,No,61.21,Pass,2.75
STU-01907,2023,2,Health Sciences,Full-time,Transfer / Credit,Female,Domestic,23,Lower-Mid ($40–70k),No Tertiary,None,Not Employed,74.3,16.5,2.22,Yes,None,No,4,3,No,34.16,Fail,0.7
STU-01908,2023,3,Engineering,Part-time,Transfer / Credit,Female,Domestic,21,Mid ($70–110k),Bachelor,None,Full-time (>20 hrs),55.6,9.7,2.31,Yes,Peer Tutoring,No,2,0,Yes,34.94,Withdrawn,0.0
STU-01909,2022,1,Engineering,Part-time,TAFE / Diploma,Male,Domestic,22,Lower-Mid ($40–70k),TAFE / Certificate,External,Part-time (≤20 hrs),56.4,17.2,2.51,Yes,None,No,2,2,Yes,49.51,Pass,2.23
STU-01910,2022,4,Engineering,Full-time,Mature Age Entry,Male,International,28,Low (<$40k),Bachelor,External,Not Employed,100.0,12.9,2.82,No,None,No,4,4,No,77.69,Pass,2.34
STU-01911,2023,3,Arts & Humanities,Full-time,TAFE / Diploma,Male,International,23,Upper-Mid ($110–160k),No Tertiary,Merit-Based,Part-time (≤20 hrs),64.7,28.4,2.81,Yes,None,No,4,4,No,73.01,Distinction,3.13
STU-01912,2024,1,Engineering,Part-time,High School (ATAR),Female,Domestic,21,Lower-Mid ($40–70k),Bachelor,None,Part-time (≤20 hrs),64.3,24.1,2.4,Yes,None,No,2,1,No,42.64,Fail,1.01
STU-01913,2024,3,Engineering,Full-time,TAFE / Diploma,Female,Domestic,23,Lower-Mid ($40–70k),Postgraduate,None,Not Employed,67.6,14.4,3.28,Yes,None,No,4,4,No,56.97,Pass,2.15
STU-01914,2024,1,Health Sciences,Full-time,High School (ATAR),Male,Domestic,23,Lower-Mid ($40–70k),Bachelor,None,Not Employed,82.6,16.6,2.27,Yes,None,No,4,4,No,55.84,Pass,2.07
STU-01915,2023,1,Health Sciences,Full-time,TAFE / Diploma,Male,Domestic,24,Mid ($70–110k),Postgraduate,Equity / Need-Based,Not Employed,53.0,20.3,2.69,Yes,Academic Advisor,No,4,2,Yes,51.48,Fail,0.88
STU-01916,2022,1,Engineering,Full-time,Mature Age Entry,Male,International,24,Low (<$40k),No Tertiary,None,Full-time (>20 hrs),69.7,6.2,3.05,Yes,Academic Advisor,No,4,3,Yes,46.23,Fail,0.71
STU-01917,2022,1,Education,Full-time,TAFE / Diploma,Female,Domestic,25,Upper-Mid ($110–160k),Postgraduate,External,Part-time (≤20 hrs),57.0,11.6,2.78,Yes,Peer Tutoring,No,4,4,Yes,57.76,Pass,2.13
STU-01918,2023,3,Health Sciences,Full-time,High School (ATAR),Male,Domestic,23,Lower-Mid ($40–70k),Bachelor,Equity / Need-Based,Not Employed,63.3,13.2,3.37,Yes,None,No,4,4,No,62.21,Pass,2.31
STU-01919,2024,3,Engineering,Full-time,High School (ATAR),Male,International,23,Mid ($70–110k),Postgraduate,Equity / Need-Based,Not Employed,74.8,13.5,2.15,Yes,None,No,4,4,No,53.15,Pass,2.67
STU-01920,2024,3,Arts & Humanities,Full-time,High School (ATAR),Female,Domestic,23,High (>$160k),Bachelor,None,Not Employed,60.1,25.4,3.61,Yes,None,No,4,4,No,68.07,Distinction,3.57
STU-01921,2022,1,Information Technology,Full-time,High School (ATAR),Male,Domestic,23,Low (<$40k),Bachelor,Merit-Based,Part-time (≤20 hrs),89.9,24.0,2.97,Yes,None,No,4,4,No,74.14,Pass,2.61
STU-01922,2022,2,Engineering,Full-time,International Pathway,Female,International,22,Mid ($70–110k),No Tertiary,None,Full-time (>20 hrs),86.3,16.5,3.05,Yes,None,No,4,4,Yes,56.94,Pass,2.07
STU-01923,2024,1,Engineering,Full-time,High School (ATAR),Male,International,19,Upper-Mid ($110–160k),Postgraduate,External,Not Employed,90.0,20.3,2.74,Yes,Peer Tutoring,No,4,4,No,67.48,Pass,2.46
STU-01924,2024,1,Engineering,Full-time,High School (ATAR),Female,Domestic,19,Lower-Mid ($40–70k),Bachelor,None,Not Employed,62.2,20.4,3.66,Yes,Peer Tutoring,No,4,4,No,63.09,Pass,2.03
STU-01925,2023,1,Engineering,Full-time,High School (ATAR),Female,Domestic,21,Mid ($70–110k),No Tertiary,Merit-Based,Part-time (≤20 hrs),63.6,12.2,3.67,Yes,Counselling,Yes,4,0,No,45.81,Fail,0.56
STU-01926,2024,1,Arts & Humanities,Full-time,High School (ATAR),Female,Domestic,25,Lower-Mid ($40–70k),TAFE / Certificate,None,Not Employed,76.2,9.3,4.0,Yes,Peer Tutoring,No,4,4,No,58.25,Pass,2.04
STU-01927,2022,2,Arts & Humanities,Full-time,High School (ATAR),Female,Domestic,21,Low (<$40k),Bachelor,Merit-Based,Full-time (>20 hrs),75.0,20.5,3.41,Yes,Peer Tutoring,No,4,4,Yes,64.98,Pass,2.36
STU-01928,2023,2,Business,Part-time,TAFE / Diploma,Male,Domestic,22,Low (<$40k),Postgraduate,Equity / Need-Based,Part-time (≤20 hrs),67.2,14.9,3.25,Yes,Multiple Services,Yes,2,2,No,64.65,Pass,2.73
STU-01929,2023,3,Education,Full-time,TAFE / Diploma,Female,Domestic,19,Lower-Mid ($40–70k),Bachelor,None,Not Employed,82.0,18.5,3.36,Yes,None,No,4,4,No,73.78,Distinction,3.6
STU-01930,2023,4,Engineering,Part-time,International Pathway,Female,Domestic,24,Lower-Mid ($40–70k),TAFE / Certificate,Merit-Based,Part-time (≤20 hrs),92.5,14.2,3.54,Yes,Peer Tutoring,No,2,2,No,64.14,Pass,2.12
STU-01931,2024,1,Engineering,Part-time,High School (ATAR),Female,International,22,Lower-Mid ($40–70k),No Tertiary,External,Not Employed,63.7,13.9,2.36,Yes,Academic Advisor,No,2,2,No,49.17,Pass,2.94
STU-01932,2024,1,Arts & Humanities,Full-time,Transfer / Credit,Female,Domestic,23,High (>$160k),Postgraduate,External,Not Employed,81.9,28.1,3.71,Yes,Peer Tutoring,No,4,4,No,80.09,Distinction,3.37
STU-01933,2024,1,Engineering,Full-time,High School (ATAR),Male,Domestic,18,Low (<$40k),Postgraduate,Equity / Need-Based,Part-time (≤20 hrs),69.7,17.9,3.78,Yes,None,No,4,4,No,57.86,Pass,2.14
STU-01934,2024,4,Health Sciences,Full-time,Mature Age Entry,Male,Domestic,27,Mid ($70–110k),Bachelor,None,Not Employed,75.1,22.6,3.11,Yes,Peer Tutoring,No,4,4,No,66.84,Pass,2.68
STU-01935,2023,4,Engineering,Full-time,TAFE / Diploma,Male,Domestic,26,Mid ($70–110k),TAFE / Certificate,External,Part-time (≤20 hrs),96.9,12.0,3.35,Yes,None,No,4,4,No,64.4,Pass,2.69
STU-01936,2024,2,Information Technology,Full-time,TAFE / Diploma,Female,Domestic,22,Upper-Mid ($110–160k),Postgraduate,Merit-Based,Not Employed,85.5,22.4,2.4,Yes,Academic Advisor,No,4,4,No,82.05,Distinction,3.56
STU-01937,2023,1,Information Technology,Full-time,Mature Age Entry,Female,Domestic,26,Low (<$40k),Bachelor,None,Part-time (≤20 hrs),74.8,21.5,2.9,Yes,Peer Tutoring,No,4,4,No,62.52,Pass,2.91
STU-01938,2024,2,Business,Full-time,High School (ATAR),Male,International,25,Upper-Mid ($110–160k),No Tertiary,Merit-Based,Part-time (≤20 hrs),60.4,16.9,3.52,Yes,None,No,4,2,No,50.94,Fail,0.72
STU-01939,2024,2,Business,Full-time,High School (ATAR),Female,International,23,Lower-Mid ($40–70k),No Tertiary,None,Part-time (≤20 hrs),72.1,15.1,2.58,Yes,Academic Advisor,No,4,4,No,59.5,Pass,2.1
STU-01940,2022,4,Business,Part-time,International Pathway,Female,Domestic,24,Low (<$40k),Bachelor,Equity / Need-Based,Part-time (≤20 hrs),80.6,15.8,2.92,No,Academic Advisor,No,2,2,No,58.47,Pass,2.04
STU-01941,2023,2,Business,Part-time,International Pathway,Male,Domestic,21,Lower-Mid ($40–70k),Bachelor,Merit-Based,Not Employed,82.5,21.5,3.67,Yes,None,No,2,2,No,61.25,Pass,2.53
STU-01942,2022,3,Education,Full-time,High School (ATAR),Female,International,22,Mid ($70–110k),TAFE / Certificate,None,Part-time (≤20 hrs),58.3,19.1,2.09,Yes,Peer Tutoring,No,4,3,Yes,48.91,Fail,0.86
STU-01943,2023,1,Arts & Humanities,Part-time,High School (ATAR),Female,Domestic,23,Lower-Mid ($40–70k),Bachelor,None,Part-time (≤20 hrs),69.1,13.8,3.78,Yes,Peer Tutoring,No,2,2,No,53.44,Pass,2.15
STU-01944,2024,1,Engineering,Full-time,High School (ATAR),Male,Domestic,24,Upper-Mid ($110–160k),No Tertiary,Merit-Based,Not Employed,63.6,18.9,2.95,Yes,None,No,4,4,No,49.79,Pass,2.79
STU-01945,2024,1,Business,Full-time,High School (ATAR),Female,Domestic,22,Lower-Mid ($40–70k),TAFE / Certificate,External,Part-time (≤20 hrs),80.4,17.4,3.46,Yes,None,No,4,4,No,59.19,Pass,2.65
STU-01946,2022,4,Arts & Humanities,Full-time,Mature Age Entry,Female,International,29,Mid ($70–110k),Postgraduate,Merit-Based,Not Employed,77.8,15.0,2.55,Yes,None,No,4,4,No,72.32,Pass,2.47
STU-01947,2023,2,Information Technology,Full-time,Mature Age Entry,Male,Domestic,30,Lower-Mid ($40–70k),Bachelor,Equity / Need-Based,Not Employed,73.1,13.1,3.71,Yes,None,No,4,4,No,56.33,Pass,2.44
STU-01948,2023,2,Information Technology,Full-time,Transfer / Credit,Non-binary / Other,Domestic,21,Low (<$40k),Postgraduate,External,Part-time (≤20 hrs),90.4,13.4,2.55,No,None,No,4,4,No,54.2,Pass,2.4
STU-01949,2022,3,Engineering,Full-time,TAFE / Diploma,Male,Domestic,27,Mid ($70–110k),No Tertiary,None,Part-time (≤20 hrs),72.9,18.9,2.52,Yes,None,No,4,1,No,50.87,Fail,1.27
STU-01950,2024,1,Engineering,Part-time,High School (ATAR),Male,International,21,Lower-Mid ($40–70k),Bachelor,None,Part-time (≤20 hrs),62.9,20.3,2.67,Yes,None,No,2,2,No,54.08,Pass,2.89
STU-01951,2023,2,Engineering,Full-time,TAFE / Diploma,Male,Domestic,23,Mid ($70–110k),TAFE / Certificate,Equity / Need-Based,Full-time (>20 hrs),61.5,14.9,2.06,Yes,Counselling,Yes,4,4,Yes,43.04,Pass,2.46
STU-01952,2022,1,Education,Full-time,High School (ATAR),Male,International,22,Low (<$40k),Bachelor,None,Not Employed,71.1,21.0,3.43,Yes,None,No,4,4,No,64.41,Pass,2.15
STU-01953,2024,2,Business,Part-time,High School (ATAR),Male,International,22,Upper-Mid ($110–160k),TAFE / Certificate,None,Not Employed,95.6,14.7,4.0,Yes,None,No,2,2,No,59.74,Pass,2.28
STU-01954,2023,4,Education,Full-time,Transfer / Credit,Male,International,26,Low (<$40k),Bachelor,None,Part-time (≤20 hrs),78.8,19.6,1.74,Yes,Counselling,Yes,4,4,No,65.02,Pass,2.31
STU-01955,2024,3,Business,Full-time,High School (ATAR),Male,Domestic,23,High (>$160k),TAFE / Certificate,External,Part-time (≤20 hrs),41.4,21.8,3.6,Yes,Academic Advisor,No,4,4,Yes,61.77,Pass,2.69
STU-01956,2023,1,Health Sciences,Part-time,TAFE / Diploma,Male,International,24,Lower-Mid ($40–70k),Bachelor,Merit-Based,Not Employed,46.3,14.4,3.77,Yes,Academic Advisor,No,2,2,Yes,59.13,Pass,2.35
STU-01957,2022,2,Health Sciences,Full-time,High School (ATAR),Female,International,21,Low (<$40k),Postgraduate,Equity / Need-Based,Part-time (≤20 hrs),62.1,13.1,3.33,No,Counselling,Yes,4,0,No,51.83,Fail,1.89
STU-01958,2024,1,Health Sciences,Full-time,TAFE / Diploma,Male,Domestic,22,High (>$160k),TAFE / Certificate,External,Part-time (≤20 hrs),100.0,13.3,2.23,Yes,None,No,4,4,No,77.24,Distinction,3.33
STU-01959,2024,3,Health Sciences,Part-time,High School (ATAR),Male,Domestic,22,Lower-Mid ($40–70k),Postgraduate,None,Part-time (≤20 hrs),53.7,15.7,2.6,Yes,Peer Tutoring,No,2,2,Yes,53.13,Pass,2.74
STU-01960,2023,2,Health Sciences,Full-time,Mature Age Entry,Female,Domestic,20,Mid ($70–110k),Postgraduate,Equity / Need-Based,Not Employed,69.0,15.4,3.22,Yes,Academic Advisor,No,4,4,No,61.48,Pass,2.68
STU-01961,2023,1,Engineering,Full-time,Transfer / Credit,Female,Domestic,19,Low (<$40k),Bachelor,Equity / Need-Based,Not Employed,77.3,18.5,2.74,No,Multiple Services,Yes,4,4,No,65.64,Pass,2.9
STU-01962,2022,2,Education,Full-time,High School (ATAR),Male,International,20,Mid ($70–110k),No Tertiary,None,Not Employed,82.8,6.8,2.84,Yes,Peer Tutoring,No,4,3,Yes,47.29,Fail,1.05
STU-01963,2022,1,Engineering,Full-time,High School (ATAR),Female,Domestic,21,Lower-Mid ($40–70k),Bachelor,Merit-Based,Part-time (≤20 hrs),89.3,23.6,3.29,Yes,Counselling,Yes,4,4,No,76.07,Pass,2.83
STU-01964,2022,3,Business,Full-time,Transfer / Credit,Male,International,24,Mid ($70–110k),Postgraduate,None,Not Employed,81.9,16.9,2.78,Yes,Academic Advisor,No,4,4,No,77.0,Pass,2.29
STU-01965,2023,1,Information Technology,Part-time,High School (ATAR),Female,Domestic,22,Mid ($70–110k),Bachelor,None,Part-time (≤20 hrs),82.2,8.2,2.64,Yes,None,No,2,1,No,45.79,Fail,0.84
STU-01966,2024,3,Health Sciences,Full-time,Mature Age Entry,Male,International,19,Mid ($70–110k),Bachelor,None,Not Employed,81.8,16.8,3.1,Yes,None,No,4,4,No,63.44,Pass,2.91
STU-01967,2024,2,Information Technology,Part-time,International Pathway,Female,Domestic,25,Mid ($70–110k),Bachelor,Merit-Based,Part-time (≤20 hrs),49.9,7.2,2.46,Yes,Academic Advisor,No,2,2,Yes,40.16,Pass,2.19
STU-01968,2023,1,Health Sciences,Full-time,High School (ATAR),Female,Domestic,22,Lower-Mid ($40–70k),Bachelor,None,Full-time (>20 hrs),49.3,9.8,3.71,Yes,None,No,4,2,Yes,44.6,Fail,1.02
STU-01969,2022,3,Engineering,Part-time,TAFE / Diploma,Male,Domestic,27,Low (<$40k),Bachelor,None,Not Employed,97.6,16.1,2.44,No,None,No,2,2,No,56.95,Pass,2.76
STU-01970,2024,2,Health Sciences,Full-time,High School (ATAR),Female,Domestic,26,Upper-Mid ($110–160k),Postgraduate,None,Part-time (≤20 hrs),72.4,24.9,3.92,Yes,Peer Tutoring,No,4,4,No,64.82,Pass,2.84
STU-01971,2024,1,Engineering,Part-time,High School (ATAR),Male,Domestic,19,Mid ($70–110k),Postgraduate,None,Part-time (≤20 hrs),62.1,16.9,3.68,Yes,Peer Tutoring,No,2,2,No,62.34,Pass,2.3
STU-01972,2022,1,Information Technology,Part-time,TAFE / Diploma,Non-binary / Other,Domestic,21,Lower-Mid ($40–70k),Bachelor,None,Part-time (≤20 hrs),60.2,11.2,2.8,Yes,Multiple Services,Yes,2,1,No,50.94,Fail,1.96
STU-01973,2023,3,Health Sciences,Full-time,High School (ATAR),Male,Domestic,22,Mid ($70–110k),No Tertiary,None,Full-time (>20 hrs),76.7,12.0,3.71,Yes,None,No,4,0,Yes,38.62,Fail,0.93
STU-01974,2023,1,Engineering,Part-time,High School (ATAR),Male,Domestic,25,Lower-Mid ($40–70k),TAFE / Certificate,None,Part-time (≤20 hrs),72.2,4.3,3.59,Yes,None,No,2,2,Yes,57.98,Pass,2.81
STU-01975,2024,1,Arts & Humanities,Full-time,Mature Age Entry,Male,Domestic,21,Low (<$40k),TAFE / Certificate,External,Not Employed,85.8,13.1,2.31,Yes,None,No,4,4,No,57.89,Pass,2.22
STU-01976,2024,3,Information Technology,Full-time,High School (ATAR),Male,Domestic,24,Low (<$40k),TAFE / Certificate,Merit-Based,Part-time (≤20 hrs),87.3,28.6,3.92,Yes,Academic Advisor,No,4,4,No,80.93,Distinction,3.49
STU-01977,2024,3,Education,Part-time,International Pathway,Female,Domestic,23,Mid ($70–110k),Postgraduate,None,Part-time (≤20 hrs),67.0,14.5,2.64,Yes,Academic Advisor,No,2,2,No,63.76,Pass,2.31
STU-01978,2023,1,Business,Part-time,High School (ATAR),Female,Domestic,22,Mid ($70–110k),TAFE / Certificate,External,Not Employed,71.0,12.4,2.31,Yes,None,No,2,2,No,57.17,Pass,2.57
STU-01979,2023,3,Business,Full-time,High School (ATAR),Male,International,23,Mid ($70–110k),No Tertiary,Equity / Need-Based,Not Employed,71.5,13.5,3.02,Yes,Multiple Services,Yes,4,4,No,62.62,Pass,2.62
STU-01980,2023,3,Education,Full-time,TAFE / Diploma,Male,International,20,Lower-Mid ($40–70k),TAFE / Certificate,External,Full-time (>20 hrs),75.0,10.0,2.73,Yes,Peer Tutoring,No,4,3,Yes,45.54,Fail,1.45
STU-01981,2023,1,Engineering,Part-time,High School (ATAR),Male,International,23,Lower-Mid ($40–70k),No Tertiary,None,Part-time (≤20 hrs),46.4,21.5,4.0,Yes,Multiple Services,Yes,2,2,Yes,54.45,Pass,2.2
STU-01982,2024,3,Health Sciences,Part-time,Mature Age Entry,Male,Domestic,21,Mid ($70–110k),No Tertiary,None,Part-time (≤20 hrs),86.4,22.5,3.61,Yes,Peer Tutoring,No,2,2,No,73.31,Pass,2.35
STU-01983,2023,1,Health Sciences,Full-time,TAFE / Diploma,Male,International,22,Low (<$40k),Postgraduate,Equity / Need-Based,Not Employed,78.5,11.2,2.73,No,Peer Tutoring,No,4,4,No,59.44,Pass,2.28
STU-01984,2024,4,Business,Part-time,High School (ATAR),Male,Domestic,21,Lower-Mid ($40–70k),Postgraduate,Equity / Need-Based,Not Employed,65.6,17.0,2.86,Yes,None,No,2,0,No,37.23,Fail,1.43
STU-01985,2024,3,Business,Full-time,High School (ATAR),Female,International,25,Low (<$40k),Postgraduate,External,Not Employed,67.1,18.4,3.3,Yes,Peer Tutoring,No,4,4,No,58.38,Pass,2.41
STU-01986,2024,3,Education,Full-time,TAFE / Diploma,Female,Domestic,24,Low (<$40k),Postgraduate,Merit-Based,Part-time (≤20 hrs),81.0,25.0,3.28,Yes,Academic Advisor,No,4,4,No,80.95,Pass,2.9
STU-01987,2024,1,Information Technology,Part-time,TAFE / Diploma,Male,Domestic,22,Low (<$40k),No Tertiary,None,Part-time (≤20 hrs),65.7,23.3,3.19,Yes,None,No,2,2,No,53.99,Pass,2.3
STU-01988,2024,2,Engineering,Full-time,High School (ATAR),Female,Domestic,21,Lower-Mid ($40–70k),Postgraduate,None,Not Employed,74.2,19.4,3.69,Yes,None,No,4,4,No,65.21,Pass,2.94
STU-01989,2024,2,Arts & Humanities,Full-time,Mature Age Entry,Female,Domestic,21,High (>$160k),Bachelor,None,Not Employed,84.9,15.9,2.23,Yes,Multiple Services,Yes,4,4,No,65.31,Pass,2.28
STU-01990,2022,3,Engineering,Full-time,Transfer / Credit,Female,Domestic,24,Lower-Mid ($40–70k),No Tertiary,None,Part-time (≤20 hrs),69.4,17.8,2.67,Yes,Multiple Services,Yes,4,4,No,52.08,Pass,2.32
STU-01991,2022,3,Education,Full-time,Transfer / Credit,Female,Domestic,25,Upper-Mid ($110–160k),TAFE / Certificate,Equity / Need-Based,Not Employed,80.6,21.9,2.99,Yes,Peer Tutoring,No,4,4,No,64.49,Pass,2.98
STU-01992,2024,3,Engineering,Part-time,TAFE / Diploma,Female,Domestic,21,Mid ($70–110k),Postgraduate,None,Part-time (≤20 hrs),70.3,20.8,3.51,Yes,None,No,2,2,No,66.51,Pass,2.22
STU-01993,2023,1,Engineering,Part-time,High School (ATAR),Female,Domestic,24,High (>$160k),Bachelor,None,Not Employed,92.8,9.2,2.86,Yes,Academic Advisor,No,2,2,No,69.83,Pass,2.43
STU-01994,2024,1,Business,Full-time,High School (ATAR),Male,International,23,Upper-Mid ($110–160k),Bachelor,None,Not Employed,72.7,15.6,2.32,Yes,None,No,4,4,No,58.12,Pass,2.37
STU-01995,2024,3,Health Sciences,Part-time,TAFE / Diploma,Male,International,24,Mid ($70–110k),No Tertiary,Equity / Need-Based,Part-time (≤20 hrs),52.6,16.8,1.98,Yes,None,No,2,0,Yes,39.37,Fail,0.78
STU-01996,2022,3,Information Technology,Full-time,International Pathway,Female,Domestic,23,Upper-Mid ($110–160k),Bachelor,None,Full-time (>20 hrs),56.9,1.0,2.88,Yes,None,No,4,0,Yes,35.75,Withdrawn,0.0
STU-01997,2023,2,Business,Full-time,Transfer / Credit,Male,Domestic,22,Lower-Mid ($40–70k),Bachelor,None,Not Employed,60.4,20.4,1.86,Yes,None,No,4,4,No,58.84,Pass,2.39
STU-01998,2024,2,Health Sciences,Full-time,High School (ATAR),Male,Domestic,21,Lower-Mid ($40–70k),TAFE / Certificate,None,Not Employed,86.2,15.6,3.96,Yes,Academic Advisor,No,4,4,No,76.02,Distinction,3.17
STU-01999,2024,1,Arts & Humanities,Full-time,High School (ATAR),Male,International,22,Low (<$40k),Bachelor,Equity / Need-Based,Not Employed,84.4,19.2,2.74,Yes,Multiple Services,Yes,4,4,No,73.33,Pass,2.02
STU-02000,2024,4,Health Sciences,Full-time,High School (ATAR),Male,International,25,Mid ($70–110k),TAFE / Certificate,None,Part-time (≤20 hrs),70.6,12.4,3.37,Yes,None,No,4,4,No,60.17,Pass,2.11
STU-02001,2023,1,Arts & Humanities,Full-time,TAFE / Diploma,Male,Domestic,21,Lower-Mid ($40–70k),TAFE / Certificate,None,Not Employed,94.2,22.3,3.34,Yes,None,No,4,4,No,69.52,Pass,2.84
STU-02002,2024,2,Information Technology,Full-time,High School (ATAR),Female,Domestic,20,Mid ($70–110k),Bachelor,External,Full-time (>20 hrs),84.8,8.3,3.44,Yes,None,No,4,4,Yes,54.03,Pass,2.4
STU-02003,2024,2,Information Technology,Part-time,High School (ATAR),Female,International,23,High (>$160k),Bachelor,None,Not Employed,96.3,6.1,3.41,Yes,None,No,2,2,Yes,64.86,Pass,2.08
STU-02004,2024,4,Health Sciences,Part-time,High School (ATAR),Non-binary / Other,Domestic,24,Low (<$40k),No Tertiary,Equity / Need-Based,Part-time (≤20 hrs),75.2,7.7,3.67,Yes,Academic Advisor,No,2,0,Yes,51.67,Fail,1.05
STU-02005,2022,4,Engineering,Full-time,International Pathway,Male,International,24,Mid ($70–110k),Bachelor,Equity / Need-Based,Part-time (≤20 hrs),79.2,12.1,4.0,Yes,None,No,4,2,No,46.63,Fail,0.76
STU-02006,2023,3,Business,Full-time,Transfer / Credit,Female,International,27,Low (<$40k),Bachelor,Equity / Need-Based,Full-time (>20 hrs),78.0,22.1,2.68,No,Multiple Services,Yes,4,4,Yes,54.03,Pass,2.78
STU-02007,2023,3,Business,Part-time,High School (ATAR),Male,Domestic,21,Mid ($70–110k),No Tertiary,Equity / Need-Based,Not Employed,68.1,10.0,3.96,Yes,Academic Advisor,No,2,0,No,40.68,Fail,1.4
STU-02008,2024,1,Education,Full-time,Transfer / Credit,Male,Domestic,23,Mid ($70–110k),TAFE / Certificate,None,Full-time (>20 hrs),59.5,12.0,3.04,Yes,None,No,4,3,Yes,46.08,Fail,0.9
STU-02009,2022,3,Information Technology,Part-time,International Pathway,Male,International,24,Mid ($70–110k),Postgraduate,None,Not Employed,46.9,19.6,2.73,Yes,Academic Advisor,No,2,0,Yes,48.73,Fail,0.88
STU-02010,2024,1,Business,Part-time,High School (ATAR),Female,Domestic,24,High (>$160k),Bachelor,Equity / Need-Based,Part-time (≤20 hrs),89.5,23.8,2.84,Yes,None,No,2,2,No,71.29,Pass,2.35
STU-02011,2022,3,Education,Part-time,High School (ATAR),Male,Domestic,25,Upper-Mid ($110–160k),Postgraduate,None,Not Employed,49.7,15.1,3.3,Yes,Multiple Services,Yes,2,0,Yes,42.33,Fail,0.8
STU-02012,2023,1,Arts & Humanities,Part-time,High School (ATAR),Female,Domestic,20,Mid ($70–110k),No Tertiary,None,Part-time (≤20 hrs),48.1,17.3,3.07,Yes,None,No,2,2,Yes,45.53,Pass,2.9
STU-02013,2024,2,Business,Full-time,Transfer / Credit,Female,Domestic,25,Lower-Mid ($40–70k),Postgraduate,None,Not Employed,49.8,20.8,3.22,Yes,None,No,4,4,Yes,63.48,Pass,2.77
STU-02014,2024,3,Engineering,Full-time,High School (ATAR),Male,Domestic,21,Mid ($70–110k),Postgraduate,Equity / Need-Based,Not Employed,73.4,21.7,3.16,Yes,None,No,4,4,No,65.98,Pass,2.82
STU-02015,2022,1,Engineering,Full-time,High School (ATAR),Male,Domestic,26,Mid ($70–110k),Postgraduate,None,Part-time (≤20 hrs),62.2,21.2,4.0,Yes,Counselling,Yes,4,4,No,56.84,Pass,2.22
STU-02016,2024,1,Health Sciences,Full-time,High School (ATAR),Male,Domestic,24,Low (<$40k),Bachelor,None,Not Employed,61.0,17.3,3.41,Yes,Academic Advisor,No,4,4,No,71.12,Distinction,3.27
STU-02017,2023,4,Health Sciences,Full-time,TAFE / Diploma,Male,Domestic,23,Upper-Mid ($110–160k),Bachelor,None,Not Employed,64.8,22.2,2.97,Yes,None,No,4,4,No,56.0,Pass,2.74
STU-02018,2022,3,Education,Full-time,Mature Age Entry,Male,International,26,Upper-Mid ($110–160k),TAFE / Certificate,None,Not Employed,84.6,10.8,2.32,Yes,Peer Tutoring,No,4,4,No,60.28,Pass,2.11
STU-02019,2022,1,Arts & Humanities,Full-time,High School (ATAR),Male,Domestic,21,High (>$160k),No Tertiary,Equity / Need-Based,Full-time (>20 hrs),60.9,23.8,3.29,Yes,None,No,4,3,Yes,49.17,Fail,1.4
STU-02020,2024,4,Information Technology,Full-time,High School (ATAR),Female,Domestic,26,Low (<$40k),TAFE / Certificate,Merit-Based,Not Employed,75.2,14.1,3.77,No,None,No,4,4,No,70.99,Distinction,3.12
STU-02021,2022,3,Business,Full-time,High School (ATAR),Male,Domestic,25,Lower-Mid ($40–70k),TAFE / Certificate,Merit-Based,Not Employed,66.8,17.4,3.73,Yes,None,No,4,4,No,63.91,Pass,2.42
STU-02022,2024,3,Education,Part-time,TAFE / Diploma,Female,Domestic,25,High (>$160k),TAFE / Certificate,Merit-Based,Not Employed,53.2,21.9,2.47,Yes,None,No,2,2,Yes,57.16,Pass,2.12
STU-02023,2022,1,Engineering,Full-time,High School (ATAR),Male,International,22,Lower-Mid ($40–70k),Postgraduate,None,Part-time (≤20 hrs),67.7,21.6,2.77,Yes,Academic Advisor,No,4,4,No,61.17,Pass,2.19
STU-02024,2022,2,Business,Full-time,High School (ATAR),Female,Domestic,20,Mid ($70–110k),TAFE / Certificate,None,Part-time (≤20 hrs),62.6,17.0,3.2,Yes,Multiple Services,Yes,4,1,No,49.78,Fail,1.73
STU-02025,2024,2,Engineering,Full-time,High School (ATAR),Male,Domestic,22,Mid ($70–110k),No Tertiary,Equity / Need-Based,Part-time (≤20 hrs),80.0,8.5,3.42,Yes,Multiple Services,Yes,4,4,No,48.94,Pass,2.96
STU-02026,2023,3,Arts & Humanities,Part-time,Transfer / Credit,Female,International,26,Mid ($70–110k),Bachelor,None,Full-time (>20 hrs),51.0,14.2,3.33,Yes,None,No,2,0,Yes,41.61,Fail,1.9
STU-02027,2024,4,Business,Part-time,High School (ATAR),Female,Domestic,23,Upper-Mid ($110–160k),No Tertiary,Equity / Need-Based,Not Employed,40.1,13.1,2.68,Yes,Counselling,Yes,2,1,Yes,40.81,Fail,1.79
STU-02028,2023,3,Health Sciences,Full-time,TAFE / Diploma,Female,Domestic,22,Mid ($70–110k),No Tertiary,None,Full-time (>20 hrs),46.9,15.3,1.43,Yes,None,No,4,0,Yes,24.04,Fail,1.92
STU-02029,2022,1,Health Sciences,Full-time,High School (ATAR),Male,Domestic,19,Mid ($70–110k),TAFE / Certificate,External,Not Employed,92.2,21.0,4.0,Yes,Peer Tutoring,No,4,4,No,63.91,Pass,2.01
STU-02030,2023,2,Arts & Humanities,Part-time,High School (ATAR),Female,Domestic,24,Lower-Mid ($40–70k),Bachelor,Equity / Need-Based,Full-time (>20 hrs),79.0,9.8,1.12,Yes,None,No,2,1,No,30.8,Fail,1.34
STU-02031,2022,3,Arts & Humanities,Part-time,High School (ATAR),Female,Domestic,26,Low (<$40k),No Tertiary,None,Not Employed,56.3,9.3,1.61,Yes,None,No,2,0,Yes,29.66,Withdrawn,0.0
STU-02032,2022,1,Engineering,Part-time,Mature Age Entry,Female,International,26,Mid ($70–110k),Bachelor,Merit-Based,Not Employed,71.7,19.8,4.0,Yes,None,No,2,2,No,63.89,Pass,2.73
STU-02033,2022,1,Information Technology,Part-time,TAFE / Diploma,Non-binary / Other,International,20,High (>$160k),No Tertiary,None,Full-time (>20 hrs),61.1,11.1,2.94,Yes,Academic Advisor,No,2,1,No,42.42,Fail,1.68
STU-02034,2023,4,Health Sciences,Full-time,High School (ATAR),Female,Domestic,21,Mid ($70–110k),Bachelor,Merit-Based,Not Employed,79.9,15.4,2.85,Yes,Peer Tutoring,No,4,4,No,77.08,Pass,2.84
STU-02035,2022,2,Engineering,Part-time,Mature Age Entry,Male,Domestic,26,Lower-Mid ($40–70k),Bachelor,None,Not Employed,65.9,8.6,3.33,Yes,Peer Tutoring,No,2,2,No,46.49,Pass,2.23
STU-02036,2022,1,Arts & Humanities,Full-time,High School (ATAR),Female,Domestic,23,High (>$160k),Bachelor,Merit-Based,Part-time (≤20 hrs),68.5,11.2,4.0,Yes,Academic Advisor,No,4,4,No,52.44,Pass,2.84
STU-02037,2022,1,Health Sciences,Full-time,High School (ATAR),Male,Domestic,25,Low (<$40k),No Tertiary,Equity / Need-Based,Part-time (≤20 hrs),61.8,8.2,3.4,Yes,None,No,4,4,No,39.8,Pass,2.96
STU-02038,2023,1,Business,Full-time,High School (ATAR),Male,International,19,Low (<$40k),Postgraduate,Merit-Based,Part-time (≤20 hrs),65.1,13.6,3.83,Yes,Peer Tutoring,No,4,2,No,51.3,Fail,1.09
STU-02039,2023,4,Information Technology,Full-time,High School (ATAR),Male,International,25,Mid ($70–110k),Bachelor,None,Part-time (≤20 hrs),78.7,25.0,1.92,Yes,Academic Advisor,No,4,4,No,60.9,Pass,2.46
STU-02040,2023,3,Engineering,Part-time,TAFE / Diploma,Female,International,21,Mid ($70–110k),TAFE / Certificate,None,Full-time (>20 hrs),70.3,1.0,2.23,Yes,Counselling,Yes,2,0,Yes,29.61,Withdrawn,0.0
STU-02041,2022,1,Business,Part-time,TAFE / Diploma,Female,Domestic,22,Mid ($70–110k),TAFE / Certificate,None,Part-time (≤20 hrs),67.1,7.0,3.04,Yes,Multiple Services,Yes,2,0,Yes,43.79,Fail,1.64
STU-02042,2022,1,Engineering,Full-time,International Pathway,Female,Domestic,22,Lower-Mid ($40–70k),Bachelor,None,Not Employed,79.1,10.7,3.93,Yes,Peer Tutoring,No,4,4,No,56.09,Pass,2.25
STU-02043,2023,3,Information Technology,Part-time,High School (ATAR),Male,Domestic,23,High (>$160k),Bachelor,None,Part-time (≤20 hrs),45.6,12.9,2.45,Yes,None,No,2,0,Yes,47.36,Fail,0.59
STU-02044,2024,1,Business,Part-time,International Pathway,Female,International,23,Mid ($70–110k),Bachelor,None,Not Employed,54.7,12.6,2.24,Yes,Multiple Services,Yes,2,2,Yes,48.86,Pass,2.13
STU-02045,2022,3,Business,Part-time,High School (ATAR),Male,International,23,Lower-Mid ($40–70k),No Tertiary,None,Part-time (≤20 hrs),89.9,16.5,2.66,Yes,Academic Advisor,No,2,2,No,60.88,Pass,2.5
STU-02046,2024,3,Health Sciences,Full-time,Transfer / Credit,Female,Domestic,21,Mid ($70–110k),Bachelor,External,Full-time (>20 hrs),77.7,19.3,1.68,Yes,None,No,4,4,Yes,55.04,Pass,2.07
STU-02047,2022,1,Engineering,Part-time,High School (ATAR),Female,Domestic,20,Lower-Mid ($40–70k),No Tertiary,None,Part-time (≤20 hrs),47.5,18.4,3.11,Yes,None,No,2,2,Yes,41.98,Pass,2.65
STU-02048,2023,3,Information Technology,Full-time,Mature Age Entry,Male,Domestic,22,Low (<$40k),Bachelor,Equity / Need-Based,Not Employed,63.3,15.9,2.8,Yes,None,No,4,4,No,49.94,Pass,2.04
STU-02049,2023,1,Education,Full-time,International Pathway,Female,Domestic,18,Low (<$40k),Postgraduate,None,Not Employed,66.7,1.4,3.0,No,Multiple Services,Yes,4,2,Yes,48.44,Fail,0.51
STU-02050,2024,4,Business,Part-time,International Pathway,Female,International,24,Lower-Mid ($40–70k),Postgraduate,Merit-Based,Part-time (≤20 hrs),84.2,21.6,2.96,Yes,Peer Tutoring,No,2,2,No,70.44,Distinction,3.27
STU-02051,2024,3,Information Technology,Full-time,Mature Age Entry,Female,Domestic,25,High (>$160k),Bachelor,None,Full-time (>20 hrs),60.9,8.9,2.64,Yes,Counselling,Yes,4,1,Yes,45.79,Fail,1.56
STU-02052,2024,3,Engineering,Full-time,Transfer / Credit,Male,International,23,Upper-Mid ($110–160k),TAFE / Certificate,Equity / Need-Based,Part-time (≤20 hrs),79.9,15.0,3.28,Yes,Peer Tutoring,No,4,4,No,59.67,Pass,2.84
STU-02053,2024,4,Health Sciences,Full-time,International Pathway,Male,Domestic,24,Lower-Mid ($40–70k),Bachelor,Merit-Based,Not Employed,88.2,23.9,2.54,Yes,Peer Tutoring,No,4,4,No,67.57,Pass,2.02
STU-02054,2023,3,Education,Full-time,High School (ATAR),Female,Domestic,26,Low (<$40k),Bachelor,None,Part-time (≤20 hrs),94.4,12.3,3.58,No,Academic Advisor,No,4,4,No,62.12,Pass,2.52
STU-02055,2023,4,Business,Part-time,Transfer / Credit,Non-binary / Other,International,23,Mid ($70–110k),Bachelor,None,Not Employed,67.5,16.8,3.53,Yes,Multiple Services,Yes,2,2,No,62.75,Pass,2.23
STU-02056,2023,3,Education,Full-time,TAFE / Diploma,Male,Domestic,24,Low (<$40k),No Tertiary,Merit-Based,Not Employed,79.0,14.8,4.0,No,Peer Tutoring,No,4,4,No,56.27,Pass,2.66
STU-02057,2023,2,Business,Full-time,TAFE / Diploma,Female,Domestic,21,Lower-Mid ($40–70k),No Tertiary,Merit-Based,Part-time (≤20 hrs),85.6,21.2,3.4,Yes,Peer Tutoring,No,4,4,No,60.48,Pass,2.78
STU-02058,2023,4,Engineering,Full-time,Mature Age Entry,Male,Domestic,26,Upper-Mid ($110–160k),Bachelor,Equity / Need-Based,Not Employed,75.0,12.9,4.0,Yes,None,No,4,4,No,64.34,Pass,2.8
STU-02059,2023,1,Engineering,Part-time,High School (ATAR),Male,International,21,Mid ($70–110k),Bachelor,None,Not Employed,71.9,17.4,3.24,Yes,None,No,2,2,No,61.27,Pass,2.25
STU-02060,2023,1,Arts & Humanities,Full-time,High School (ATAR),Male,Domestic,20,Low (<$40k),TAFE / Certificate,Merit-Based,Not Employed,73.6,17.6,3.41,No,Peer Tutoring,No,4,4,No,61.71,Pass,2.04
STU-02061,2023,1,Health Sciences,Full-time,Mature Age Entry,Male,Domestic,27,Upper-Mid ($110–160k),Bachelor,None,Not Employed,78.8,16.4,3.04,Yes,Academic Advisor,No,4,4,No,48.19,Pass,2.34
STU-02062,2024,2,Engineering,Full-time,High School (ATAR),Female,Domestic,24,Low (<$40k),No Tertiary,Equity / Need-Based,Part-time (≤20 hrs),76.5,15.6,3.33,No,None,No,4,0,No,51.1,Fail,0.85
STU-02063,2023,1,Information Technology,Part-time,Mature Age Entry,Male,Domestic,24,Mid ($70–110k),Bachelor,None,Full-time (>20 hrs),70.8,3.6,3.46,Yes,None,No,2,2,Yes,40.96,Pass,2.51
STU-02064,2024,3,Arts & Humanities,Full-time,TAFE / Diploma,Female,International,23,Lower-Mid ($40–70k),Bachelor,None,Part-time (≤20 hrs),72.8,19.0,2.54,Yes,None,No,4,4,No,54.53,Pass,2.75
STU-02065,2024,2,Business,Full-time,Transfer / Credit,Female,Domestic,20,Upper-Mid ($110–160k),No Tertiary,None,Part-time (≤20 hrs),68.0,12.0,2.76,Yes,Counselling,Yes,4,3,No,47.44,Fail,0.71
STU-02066,2022,1,Arts & Humanities,Part-time,Transfer / Credit,Male,Domestic,23,Low (<$40k),No Tertiary,None,Not Employed,64.3,14.0,2.79,Yes,None,No,2,1,No,45.62,Fail,1.54
STU-02067,2023,2,Engineering,Full-time,Mature Age Entry,Male,Domestic,17,Low (<$40k),Bachelor,Equity / Need-Based,Not Employed,100.0,22.4,2.82,Yes,Counselling,Yes,4,4,No,78.7,Distinction,3.54
STU-02068,2023,3,Engineering,Full-time,High School (ATAR),Female,Domestic,29,Low (<$40k),No Tertiary,Equity / Need-Based,Part-time (≤20 hrs),82.9,17.5,3.35,Yes,None,No,4,4,No,56.06,Pass,2.77
STU-02069,2022,3,Education,Part-time,TAFE / Diploma,Female,Domestic,23,Mid ($70–110k),Bachelor,None,Not Employed,68.4,11.2,3.29,Yes,Peer Tutoring,No,2,1,No,45.58,Fail,1.96
STU-02070,2022,3,Education,Full-time,TAFE / Diploma,Female,Domestic,29,Upper-Mid ($110–160k),Bachelor,External,Not Employed,70.0,20.9,2.16,Yes,None,No,4,4,No,60.4,Pass,2.74
STU-02071,2024,2,Engineering,Full-time,Transfer / Credit,Female,Domestic,26,Mid ($70–110k),Bachelor,None,Full-time (>20 hrs),34.5,13.2,3.14,Yes,Peer Tutoring,No,4,1,Yes,45.33,Fail,1.63
STU-02072,2022,1,Engineering,Full-time,High School (ATAR),Female,Domestic,21,Lower-Mid ($40–70k),Postgraduate,None,Part-time (≤20 hrs),58.2,8.9,2.77,Yes,Multiple Services,Yes,4,0,Yes,41.45,Fail,0.56
STU-02073,2022,1,Health Sciences,Full-time,TAFE / Diploma,Female,Domestic,22,Low (<$40k),Bachelor,Merit-Based,Part-time (≤20 hrs),54.7,25.2,2.43,Yes,None,No,4,4,Yes,57.28,Pass,2.49
STU-02074,2024,2,Arts & Humanities,Part-time,High School (ATAR),Female,Domestic,22,Lower-Mid ($40–70k),TAFE / Certificate,Equity / Need-Based,Not Employed,51.2,15.7,3.07,Yes,None,No,2,1,Yes,41.28,Fail,1.09
STU-02075,2024,1,Arts & Humanities,Full-time,TAFE / Diploma,Male,Domestic,24,Low (<$40k),TAFE / Certificate,Merit-Based,Not Employed,75.9,21.9,4.0,Yes,Multiple Services,Yes,4,4,No,75.77,Distinction,3.24
STU-02076,2023,1,Arts & Humanities,Full-time,High School (ATAR),Male,Domestic,19,Mid ($70–110k),Bachelor,None,Part-time (≤20 hrs),72.7,15.3,2.47,Yes,None,No,4,4,No,55.69,Pass,2.9
STU-02077,2022,4,Engineering,Full-time,High School (ATAR),Male,Domestic,25,Mid ($70–110k),Bachelor,None,Full-time (>20 hrs),68.3,3.5,3.48,Yes,Counselling,Yes,4,4,Yes,51.18,Pass,2.3
STU-02078,2022,1,Information Technology,Full-time,Transfer / Credit,Female,Domestic,23,Low (<$40k),Bachelor,Equity / Need-Based,Part-time (≤20 hrs),71.9,9.5,3.03,Yes,None,No,4,3,No,44.52,Fail,1.67
STU-02079,2023,1,Health Sciences,Full-time,TAFE / Diploma,Female,Domestic,23,Mid ($70–110k),Postgraduate,None,Part-time (≤20 hrs),80.3,19.4,3.0,Yes,None,No,4,4,No,59.86,Pass,2.67
STU-02080,2024,3,Health Sciences,Part-time,High School (ATAR),Female,Domestic,24,Mid ($70–110k),TAFE / Certificate,None,Part-time (≤20 hrs),58.3,7.7,2.19,Yes,None,No,2,0,Yes,37.25,Fail,1.64
STU-02081,2024,1,Engineering,Full-time,High School (ATAR),Female,Domestic,22,Low (<$40k),No Tertiary,External,Part-time (≤20 hrs),82.9,20.6,2.47,Yes,Multiple Services,Yes,4,4,No,53.7,Pass,2.75
STU-02082,2024,3,Health Sciences,Full-time,Mature Age Entry,Female,Domestic,23,Lower-Mid ($40–70k),Postgraduate,External,Part-time (≤20 hrs),49.5,17.7,3.46,Yes,Multiple Services,Yes,4,4,Yes,59.24,Pass,2.82
STU-02083,2024,2,Business,Part-time,High School (ATAR),Female,International,23,High (>$160k),Postgraduate,None,Not Employed,82.4,13.0,1.83,Yes,Academic Advisor,No,2,2,No,53.09,Pass,2.91
STU-02084,2024,2,Business,Part-time,Mature Age Entry,Female,Domestic,17,Upper-Mid ($110–160k),TAFE / Certificate,None,Not Employed,73.8,15.1,2.19,Yes,None,No,2,2,No,52.76,Pass,2.02
STU-02085,2023,1,Health Sciences,Full-time,High School (ATAR),Female,Domestic,20,Lower-Mid ($40–70k),No Tertiary,None,Full-time (>20 hrs),66.9,12.7,3.41,Yes,None,No,4,2,Yes,30.85,Fail,1.34
STU-02086,2023,2,Business,Full-time,High School (ATAR),Female,International,21,Mid ($70–110k),Bachelor,Equity / Need-Based,Part-time (≤20 hrs),80.4,16.4,3.08,Yes,Academic Advisor,No,4,4,No,68.12,Pass,2.05
STU-02087,2022,4,Business,Part-time,High School (ATAR),Female,Domestic,25,Low (<$40k),Postgraduate,Merit-Based,Full-time (>20 hrs),81.4,9.1,3.84,Yes,Peer Tutoring,No,2,2,No,63.54,Pass,2.26
STU-02088,2023,3,Information Technology,Part-time,High School (ATAR),Female,Domestic,22,Upper-Mid ($110–160k),Bachelor,None,Part-time (≤20 hrs),86.3,20.3,3.14,Yes,Peer Tutoring,No,2,2,No,70.13,Pass,2.25
STU-02089,2023,2,Information Technology,Part-time,High School (ATAR),Male,International,21,Mid ($70–110k),No Tertiary,None,Not Employed,74.3,11.7,3.19,Yes,Peer Tutoring,No,2,2,No,41.87,Pass,2.98
STU-02090,2023,3,Engineering,Full-time,Transfer / Credit,Female,Domestic,23,Lower-Mid ($40–70k),Bachelor,None,Not Employed,81.1,22.3,1.71,Yes,None,No,4,4,No,57.68,Pass,2.53
STU-02091,2022,4,Education,Part-time,High School (ATAR),Female,Domestic,23,Upper-Mid ($110–160k),TAFE / Certificate,None,Part-time (≤20 hrs),63.8,21.2,3.44,Yes,Multiple Services,Yes,2,2,No,60.05,Pass,2.46
STU-02092,2022,4,Education,Full-time,High School (ATAR),Female,Domestic,24,High (>$160k),TAFE / Certificate,None,Part-time (≤20 hrs),67.4,23.5,2.62,Yes,None,No,4,4,No,54.1,Pass,2.75
STU-02093,2024,2,Health Sciences,Full-time,High School (ATAR),Male,Domestic,21,Low (<$40k),Bachelor,None,Full-time (>20 hrs),71.0,6.7,2.35,Yes,Multiple Services,Yes,4,0,Yes,33.47,Withdrawn,0.0
STU-02094,2023,2,Health Sciences,Full-time,TAFE / Diploma,Male,Domestic,21,Mid ($70–110k),Postgraduate,External,Full-time (>20 hrs),69.7,10.4,2.79,Yes,None,No,4,2,Yes,49.11,Fail,1.32
STU-02095,2024,3,Arts & Humanities,Full-time,Transfer / Credit,Female,Domestic,24,Lower-Mid ($40–70k),Bachelor,None,Part-time (≤20 hrs),89.7,9.4,3.33,Yes,None,No,4,4,No,60.42,Pass,2.12
STU-02096,2023,2,Engineering,Full-time,High School (ATAR),Male,Domestic,25,Lower-Mid ($40–70k),No Tertiary,None,Not Employed,84.5,12.7,2.94,Yes,None,No,4,4,No,61.92,Pass,2.69
STU-02097,2024,4,Engineering,Full-time,High School (ATAR),Male,Domestic,22,Upper-Mid ($110–160k),Postgraduate,External,Part-time (≤20 hrs),77.7,14.1,4.0,Yes,Academic Advisor,No,4,4,No,64.68,Pass,2.02
STU-02098,2024,2,Business,Full-time,TAFE / Diploma,Male,International,22,Mid ($70–110k),Bachelor,Equity / Need-Based,Not Employed,100.0,8.7,2.87,Yes,Peer Tutoring,No,4,4,No,68.95,Pass,2.8
STU-02099,2022,1,Engineering,Full-time,High School (ATAR),Female,International,18,Mid ($70–110k),Bachelor,Equity / Need-Based,Part-time (≤20 hrs),64.4,11.6,3.42,Yes,Academic Advisor,No,4,4,No,65.65,Pass,2.07
STU-02100,2022,1,Information Technology,Full-time,High School (ATAR),Male,Domestic,21,Lower-Mid ($40–70k),Bachelor,Merit-Based,Not Employed,49.2,11.4,3.87,Yes,None,No,4,4,Yes,51.01,Pass,2.52
STU-02101,2023,3,Business,Full-time,TAFE / Diploma,Male,International,22,High (>$160k),Postgraduate,None,Part-time (≤20 hrs),68.8,26.4,3.28,Yes,Academic Advisor,No,4,4,No,78.15,Distinction,3.06
STU-02102,2022,3,Education,Full-time,TAFE / Diploma,Female,Domestic,19,Mid ($70–110k),Bachelor,External,Part-time (≤20 hrs),74.0,24.4,3.17,Yes,Peer Tutoring,No,4,4,No,69.34,Pass,2.63
STU-02103,2022,2,Education,Full-time,International Pathway,Male,Domestic,22,Mid ($70–110k),Bachelor,Merit-Based,Not Employed,74.0,20.5,3.06,Yes,Peer Tutoring,No,4,4,No,58.97,Pass,2.57
STU-02104,2022,4,Business,Full-time,High School (ATAR),Female,International,27,Mid ($70–110k),Postgraduate,None,Not Employed,83.4,26.1,2.73,Yes,Academic Advisor,No,4,4,No,70.47,Distinction,3.25
STU-02105,2024,2,Engineering,Part-time,High School (ATAR),Female,Domestic,23,Mid ($70–110k),Bachelor,Merit-Based,Not Employed,68.2,19.8,3.46,Yes,Counselling,Yes,2,2,No,59.78,Pass,2.68
STU-02106,2024,1,Engineering,Full-time,Mature Age Entry,Non-binary / Other,Domestic,20,Lower-Mid ($40–70k),Bachelor,External,Part-time (≤20 hrs),89.5,28.0,2.16,Yes,None,No,4,4,No,65.91,Pass,2.0
STU-02107,2022,1,Engineering,Part-time,High School (ATAR),Female,Domestic,22,Upper-Mid ($110–160k),Postgraduate,None,Part-time (≤20 hrs),68.7,23.0,3.47,Yes,None,No,2,2,No,54.06,Pass,2.98
STU-02108,2024,1,Business,Full-time,Mature Age Entry,Male,Domestic,21,Upper-Mid ($110–160k),No Tertiary,Equity / Need-Based,Part-time (≤20 hrs),78.8,20.4,2.06,Yes,Academic Advisor,No,4,4,No,45.86,Pass,2.36
STU-02109,2023,3,Arts & Humanities,Full-time,Mature Age Entry,Male,Domestic,31,Lower-Mid ($40–70k),No Tertiary,None,Not Employed,51.5,15.9,3.01,Yes,Academic Advisor,No,4,4,Yes,44.22,Pass,2.98
STU-02110,2023,1,Information Technology,Full-time,High School (ATAR),Female,Domestic,18,Low (<$40k),Postgraduate,None,Part-time (≤20 hrs),71.6,13.3,3.14,Yes,Peer Tutoring,No,4,4,No,60.74,Pass,2.89
STU-02111,2023,2,Business,Full-time,TAFE / Diploma,Male,International,22,Low (<$40k),Postgraduate,Equity / Need-Based,Not Employed,74.2,13.2,2.72,No,None,No,4,4,No,54.27,Pass,2.03
STU-02112,2024,1,Engineering,Full-time,TAFE / Diploma,Male,International,20,High (>$160k),Bachelor,None,Part-time (≤20 hrs),69.4,11.6,3.63,Yes,None,No,4,0,No,48.63,Fail,1.6
STU-02113,2024,2,Health Sciences,Full-time,High School (ATAR),Male,Domestic,27,Upper-Mid ($110–160k),Bachelor,None,Full-time (>20 hrs),55.2,19.0,2.62,Yes,None,No,4,2,Yes,36.51,Fail,0.6
STU-02114,2023,1,Health Sciences,Full-time,High School (ATAR),Male,Domestic,22,Mid ($70–110k),Bachelor,None,Not Employed,61.1,10.8,2.87,Yes,None,No,4,4,No,50.99,Pass,2.06
STU-02115,2024,3,Information Technology,Full-time,Mature Age Entry,Female,Domestic,26,Mid ($70–110k),Bachelor,None,Part-time (≤20 hrs),90.5,10.0,2.99,Yes,None,No,4,4,No,59.96,Pass,2.22
STU-02116,2024,1,Arts & Humanities,Full-time,Transfer / Credit,Male,Domestic,23,Mid ($70–110k),TAFE / Certificate,External,Part-time (≤20 hrs),84.5,19.1,2.36,Yes,None,No,4,4,No,65.22,Pass,2.83
STU-02117,2024,3,Engineering,Full-time,TAFE / Diploma,Female,International,19,High (>$160k),No Tertiary,Equity / Need-Based,Part-time (≤20 hrs),44.4,21.0,2.9,Yes,Academic Advisor,No,4,4,Yes,52.63,Pass,2.79
STU-02118,2024,3,Education,Part-time,High School (ATAR),Female,Domestic,23,Mid ($70–110k),TAFE / Certificate,None,Part-time (≤20 hrs),81.1,13.1,2.47,Yes,Peer Tutoring,No,2,0,No,47.02,Fail,1.61
STU-02119,2023,3,Education,Part-time,International Pathway,Male,Domestic,24,Mid ($70–110k),Postgraduate,External,Part-time (≤20 hrs),52.8,26.4,2.64,Yes,Multiple Services,Yes,2,2,Yes,63.37,Pass,2.43
STU-02120,2023,3,Health Sciences,Full-time,High School (ATAR),Male,Domestic,26,Mid ($70–110k),No Tertiary,Merit-Based,Part-time (≤20 hrs),51.3,20.2,3.64,Yes,None,No,4,4,Yes,59.14,Pass,2.06
STU-02121,2023,3,Arts & Humanities,Full-time,High School (ATAR),Female,Domestic,27,High (>$160k),Bachelor,Merit-Based,Part-time (≤20 hrs),62.3,17.2,3.81,Yes,Peer Tutoring,No,4,4,No,56.8,Pass,2.65
STU-02122,2023,1,Information Technology,Full-time,Mature Age Entry,Female,Domestic,19,High (>$160k),TAFE / Certificate,Equity / Need-Based,Not Employed,72.9,19.1,2.54,Yes,None,No,4,4,No,60.8,Pass,2.78
STU-02123,2022,4,Information Technology,Part-time,High School (ATAR),Female,Domestic,29,Mid ($70–110k),Bachelor,None,Not Employed,55.4,12.0,3.96,Yes,Academic Advisor,No,2,2,Yes,58.39,Pass,2.58
STU-02124,2023,4,Business,Part-time,TAFE / Diploma,Female,International,29,Upper-Mid ($110–160k),No Tertiary,None,Part-time (≤20 hrs),75.4,18.1,2.66,Yes,Counselling,Yes,2,2,No,53.79,Pass,2.92
STU-02125,2023,2,Arts & Humanities,Full-time,High School (ATAR),Female,Domestic,20,High (>$160k),No Tertiary,None,Part-time (≤20 hrs),48.8,14.7,3.15,Yes,Academic Advisor,No,4,3,Yes,48.02,Fail,0.75
STU-02126,2022,2,Engineering,Full-time,TAFE / Diploma,Male,Domestic,26,Lower-Mid ($40–70k),Bachelor,None,Part-time (≤20 hrs),80.8,11.9,2.63,Yes,Counselling,Yes,4,4,No,55.93,Pass,2.44
STU-02127,2024,1,Information Technology,Full-time,Mature Age Entry,Male,Domestic,17,Lower-Mid ($40–70k),Bachelor,Equity / Need-Based,Part-time (≤20 hrs),100.0,17.9,2.75,Yes,None,No,4,4,No,68.23,Pass,2.61
STU-02128,2023,2,Business,Part-time,High School (ATAR),Male,Domestic,20,Mid ($70–110k),Bachelor,None,Not Employed,83.0,11.9,2.15,Yes,Multiple Services,Yes,2,2,No,69.75,Pass,2.61
STU-02129,2023,2,Engineering,Full-time,High School (ATAR),Female,International,20,Mid ($70–110k),TAFE / Certificate,Equity / Need-Based,Not Employed,100.0,13.2,3.86,Yes,None,No,4,4,No,61.79,Pass,2.71
STU-02130,2022,3,Health Sciences,Full-time,High School (ATAR),Female,International,21,Low (<$40k),Bachelor,None,Full-time (>20 hrs),84.3,9.1,2.49,Yes,Academic Advisor,No,4,4,Yes,53.56,Pass,2.0
STU-02131,2022,3,Business,Full-time,High School (ATAR),Male,Domestic,25,Mid ($70–110k),Postgraduate,None,Not Employed,75.2,17.5,3.89,Yes,Peer Tutoring,No,4,4,No,59.37,Pass,2.93
STU-02132,2023,4,Information Technology,Full-time,Mature Age Entry,Female,Domestic,17,Mid ($70–110k),Bachelor,None,Part-time (≤20 hrs),56.1,12.0,2.26,Yes,None,No,4,0,Yes,45.79,Fail,0.63
STU-02133,2023,3,Engineering,Full-time,High School (ATAR),Female,Domestic,24,Low (<$40k),TAFE / Certificate,None,Part-time (≤20 hrs),81.3,18.9,2.96,Yes,None,No,4,4,No,57.55,Pass,2.47
STU-02134,2023,2,Arts & Humanities,Part-time,Mature Age Entry,Non-binary / Other,Domestic,22,Lower-Mid ($40–70k),Postgraduate,Merit-Based,Part-time (≤20 hrs),86.9,9.7,3.42,Yes,None,No,2,2,No,64.43,Pass,2.03
STU-02135,2022,2,Business,Part-time,Mature Age Entry,Male,Domestic,26,Low (<$40k),No Tertiary,None,Full-time (>20 hrs),73.7,5.6,3.35,Yes,None,No,2,1,Yes,35.39,Fail,1.41
STU-02136,2024,1,Health Sciences,Part-time,High School (ATAR),Male,International,23,Low (<$40k),Postgraduate,None,Not Employed,76.2,11.3,4.0,No,None,No,2,1,No,49.51,Fail,0.86
STU-02137,2024,4,Engineering,Full-time,TAFE / Diploma,Female,Domestic,24,High (>$160k),Bachelor,None,Not Employed,85.8,15.3,2.49,Yes,None,No,4,4,No,60.65,Pass,2.86
STU-02138,2024,4,Business,Part-time,Transfer / Credit,Male,Domestic,22,Mid ($70–110k),Bachelor,None,Part-time (≤20 hrs),89.0,18.7,2.46,Yes,None,No,2,2,No,55.68,Pass,2.78
STU-02139,2022,3,Information Technology,Full-time,TAFE / Diploma,Female,Domestic,24,High (>$160k),TAFE / Certificate,None,Not Employed,75.3,9.9,3.22,Yes,None,No,4,4,No,56.43,Pass,2.04
STU-02140,2024,4,Health Sciences,Part-time,Transfer / Credit,Male,Domestic,25,Mid ($70–110k),Postgraduate,None,Part-time (≤20 hrs),67.2,11.5,3.05,Yes,Academic Advisor,No,2,0,No,43.72,Fail,0.57
STU-02141,2023,4,Arts & Humanities,Full-time,High School (ATAR),Male,Domestic,26,Upper-Mid ($110–160k),Postgraduate,None,Not Employed,80.1,24.6,2.41,Yes,None,No,4,4,No,64.81,Pass,2.93
STU-02142,2023,2,Information Technology,Full-time,High School (ATAR),Female,Domestic,23,Low (<$40k),Bachelor,External,Not Employed,60.9,27.3,2.63,No,None,No,4,4,No,66.33,Pass,2.13
STU-02143,2022,3,Education,Full-time,International Pathway,Female,Domestic,23,Low (<$40k),Bachelor,None,Not Employed,67.8,20.0,3.59,Yes,Multiple Services,Yes,4,4,No,60.41,Pass,2.65
STU-02144,2022,2,Information Technology,Part-time,Transfer / Credit,Female,Domestic,23,Lower-Mid ($40–70k),No Tertiary,None,Part-time (≤20 hrs),45.7,7.4,3.51,Yes,None,No,2,0,Yes,36.41,Fail,1.72
STU-02145,2023,1,Arts & Humanities,Full-time,High School (ATAR),Non-binary / Other,International,21,Mid ($70–110k),No Tertiary,Merit-Based,Part-time (≤20 hrs),44.3,17.6,2.61,Yes,None,No,4,2,Yes,46.44,Fail,1.89
STU-02146,2022,4,Education,Part-time,Mature Age Entry,Female,International,20,Mid ($70–110k),Bachelor,None,Part-time (≤20 hrs),62.8,6.6,3.84,Yes,Academic Advisor,No,2,1,Yes,44.06,Fail,1.27
STU-02147,2024,1,Information Technology,Full-time,TAFE / Diploma,Female,Domestic,22,Upper-Mid ($110–160k),Postgraduate,External,Full-time (>20 hrs),52.4,16.7,3.94,Yes,None,No,4,4,Yes,42.87,Pass,2.46
STU-02148,2022,1,Engineering,Part-time,High School (ATAR),Male,Domestic,21,Low (<$40k),No Tertiary,Equity / Need-Based,Not Employed,71.7,17.8,2.55,No,Peer Tutoring,No,2,2,No,49.91,Pass,2.1
STU-02149,2023,2,Engineering,Full-time,TAFE / Diploma,Female,Domestic,23,Low (<$40k),Postgraduate,Merit-Based,Full-time (>20 hrs),67.6,16.2,2.51,No,Multiple Services,Yes,4,3,Yes,44.07,Fail,0.5
STU-02150,2023,1,Education,Part-time,Mature Age Entry,Male,International,25,Mid ($70–110k),Bachelor,None,Not Employed,58.6,14.8,3.5,Yes,Multiple Services,Yes,2,2,Yes,54.26,Pass,2.66
STU-02151,2023,2,Education,Part-time,High School (ATAR),Female,International,26,Lower-Mid ($40–70k),No Tertiary,External,Not Employed,66.2,13.3,3.6,Yes,None,No,2,2,No,61.68,Pass,2.26
STU-02152,2023,1,Education,Part-time,TAFE / Diploma,Male,International,17,Low (<$40k),No Tertiary,None,Part-time (≤20 hrs),63.4,19.3,3.3,Yes,None,No,2,1,No,39.85,Fail,1.8
STU-02153,2022,2,Business,Full-time,Mature Age Entry,Male,Domestic,17,Lower-Mid ($40–70k),TAFE / Certificate,None,Full-time (>20 hrs),59.8,19.3,3.66,Yes,Peer Tutoring,No,4,4,Yes,56.26,Pass,2.9
STU-02154,2023,3,Engineering,Full-time,TAFE / Diploma,Female,International,25,Lower-Mid ($40–70k),No Tertiary,None,Not Employed,77.0,23.3,2.37,Yes,Academic Advisor,No,4,4,No,58.66,Pass,2.8
STU-02155,2024,3,Arts & Humanities,Full-time,Transfer / Credit,Female,Domestic,26,Low (<$40k),Bachelor,None,Not Employed,69.0,24.8,2.36,Yes,None,No,4,4,No,54.85,Pass,2.06
STU-02156,2022,1,Engineering,Part-time,TAFE / Diploma,Female,Domestic,21,Mid ($70–110k),TAFE / Certificate,Equity / Need-Based,Not Employed,87.2,19.8,3.39,Yes,Academic Advisor,No,2,2,No,59.79,Pass,2.41
STU-02157,2022,2,Engineering,Full-time,High School (ATAR),Male,Domestic,21,Lower-Mid ($40–70k),No Tertiary,Merit-Based,Full-time (>20 hrs),79.9,13.8,3.06,Yes,Multiple Services,Yes,4,4,Yes,51.37,Pass,2.34
STU-02158,2024,4,Information Technology,Full-time,Mature Age Entry,Female,Domestic,29,Mid ($70–110k),No Tertiary,Equity / Need-Based,Not Employed,67.9,8.1,2.72,Yes,Counselling,Yes,4,4,No,53.3,Pass,2.3
STU-02159,2023,1,Education,Full-time,TAFE / Diploma,Male,Domestic,24,Mid ($70–110k),TAFE / Certificate,Equity / Need-Based,Part-time (≤20 hrs),68.0,20.2,2.5,Yes,Academic Advisor,No,4,4,No,64.57,Pass,2.53
STU-02160,2022,3,Health Sciences,Part-time,Transfer / Credit,Female,Domestic,23,Upper-Mid ($110–160k),TAFE / Certificate,None,Not Employed,49.0,14.7,2.41,Yes,Peer Tutoring,No,2,2,Yes,56.27,Pass,2.73
STU-02161,2023,1,Arts & Humanities,Part-time,Mature Age Entry,Male,International,20,Lower-Mid ($40–70k),No Tertiary,None,Part-time (≤20 hrs),51.7,20.4,3.0,Yes,Academic Advisor,No,2,1,Yes,47.1,Fail,0.73
STU-02162,2023,4,Education,Full-time,High School (ATAR),Male,Domestic,23,Lower-Mid ($40–70k),Bachelor,None,Part-time (≤20 hrs),63.6,16.4,2.3,Yes,None,No,4,4,No,54.21,Pass,2.52
STU-02163,2023,2,Arts & Humanities,Full-time,High School (ATAR),Female,Domestic,22,High (>$160k),No Tertiary,Equity / Need-Based,Full-time (>20 hrs),60.6,1.8,2.89,Yes,Academic Advisor,No,4,0,Yes,39.26,Fail,0.95
STU-02164,2024,1,Engineering,Part-time,TAFE / Diploma,Male,International,21,High (>$160k),Postgraduate,None,Part-time (≤20 hrs),61.0,10.0,4.0,Yes,Academic Advisor,No,2,2,No,66.55,Pass,2.84
STU-02165,2022,2,Business,Part-time,High School (ATAR),Female,International,27,Upper-Mid ($110–160k),Bachelor,None,Not Employed,77.6,11.5,3.24,Yes,None,No,2,2,No,55.23,Pass,2.78
STU-02166,2022,3,Arts & Humanities,Full-time,International Pathway,Male,Domestic,22,Lower-Mid ($40–70k),Bachelor,Equity / Need-Based,Not Employed,66.0,23.2,3.14,Yes,Peer Tutoring,No,4,4,No,66.92,Pass,2.61
STU-02167,2022,2,Education,Part-time,High School (ATAR),Female,International,26,Upper-Mid ($110–160k),No Tertiary,None,Part-time (≤20 hrs),72.1,9.8,2.71,Yes,Peer Tutoring,No,2,0,No,38.7,Fail,1.71
STU-02168,2022,1,Arts & Humanities,Part-time,High School (ATAR),Female,Domestic,22,Upper-Mid ($110–160k),Postgraduate,External,Part-time (≤20 hrs),70.3,17.5,3.53,Yes,Peer Tutoring,No,2,2,No,62.77,Pass,2.35
STU-02169,2022,2,Information Technology,Full-time,TAFE / Diploma,Male,Domestic,22,Upper-Mid ($110–160k),No Tertiary,None,Part-time (≤20 hrs),79.1,14.7,3.38,Yes,Peer Tutoring,No,4,4,No,61.56,Pass,2.35
STU-02170,2024,3,Information Technology,Full-time,High School (ATAR),Female,Domestic,21,Lower-Mid ($40–70k),Bachelor,External,Full-time (>20 hrs),61.1,11.4,2.5,Yes,Peer Tutoring,No,4,0,Yes,44.68,Fail,0.82
STU-02171,2023,2,Health Sciences,Full-time,Mature Age Entry,Female,Domestic,20,Upper-Mid ($110–160k),Bachelor,Merit-Based,Part-time (≤20 hrs),88.8,19.2,3.69,Yes,None,No,4,4,No,68.19,Pass,2.61
STU-02172,2022,2,Information Technology,Full-time,High School (ATAR),Male,International,21,High (>$160k),Postgraduate,External,Full-time (>20 hrs),77.5,11.3,3.33,Yes,Counselling,Yes,4,4,Yes,59.51,Pass,2.27
STU-02173,2022,2,Engineering,Full-time,High School (ATAR),Female,Domestic,27,Lower-Mid ($40–70k),Postgraduate,None,Part-time (≤20 hrs),54.0,14.4,3.51,Yes,None,No,4,2,Yes,47.95,Fail,1.13
STU-02174,2022,2,Engineering,Part-time,Transfer / Credit,Female,Domestic,24,Mid ($70–110k),Bachelor,External,Full-time (>20 hrs),52.3,7.9,3.17,Yes,None,No,2,1,Yes,48.05,Fail,1.4
STU-02175,2023,2,Arts & Humanities,Full-time,TAFE / Diploma,Female,Domestic,23,Lower-Mid ($40–70k),TAFE / Certificate,Merit-Based,Not Employed,72.8,5.1,3.32,Yes,Counselling,Yes,4,4,Yes,53.02,Pass,2.64
STU-02176,2024,4,Business,Part-time,Mature Age Entry,Male,International,28,Mid ($70–110k),TAFE / Certificate,None,Full-time (>20 hrs),52.8,11.1,1.88,Yes,None,No,2,0,Yes,26.07,Withdrawn,0.0
STU-02177,2022,1,Health Sciences,Part-time,High School (ATAR),Male,Domestic,25,Mid ($70–110k),Bachelor,None,Not Employed,78.3,9.6,3.38,Yes,None,No,2,2,No,44.56,Pass,2.61
STU-02178,2024,4,Information Technology,Full-time,TAFE / Diploma,Female,Domestic,21,Lower-Mid ($40–70k),Bachelor,Merit-Based,Full-time (>20 hrs),69.8,20.1,3.46,Yes,Peer Tutoring,No,4,4,Yes,59.7,Pass,2.43
STU-02179,2024,3,Business,Full-time,High School (ATAR),Female,Domestic,27,Upper-Mid ($110–160k),Bachelor,Merit-Based,Not Employed,67.9,24.4,3.81,Yes,None,No,4,4,No,64.84,Pass,2.79
STU-02180,2024,2,Arts & Humanities,Full-time,TAFE / Diploma,Female,Domestic,22,Mid ($70–110k),Postgraduate,Merit-Based,Not Employed,77.2,19.2,4.0,Yes,Counselling,Yes,4,4,No,61.56,Pass,2.95
STU-02181,2024,1,Education,Full-time,High School (ATAR),Male,Domestic,25,Upper-Mid ($110–160k),TAFE / Certificate,Merit-Based,Part-time (≤20 hrs),77.5,19.9,3.57,Yes,Academic Advisor,No,4,4,No,71.08,Pass,2.29
STU-02182,2022,1,Information Technology,Part-time,TAFE / Diploma,Male,International,21,Mid ($70–110k),No Tertiary,Merit-Based,Part-time (≤20 hrs),60.5,21.6,4.0,Yes,Academic Advisor,No,2,2,No,52.39,Pass,2.01
STU-02183,2022,3,Engineering,Part-time,International Pathway,Male,Domestic,22,Mid ($70–110k),Postgraduate,None,Part-time (≤20 hrs),86.3,19.3,4.0,Yes,None,No,2,2,No,68.72,Distinction,3.55
STU-02184,2024,1,Information Technology,Part-time,High School (ATAR),Female,Domestic,21,Low (<$40k),Bachelor,None,Full-time (>20 hrs),82.1,13.8,3.7,Yes,Academic Advisor,No,2,2,No,60.69,Pass,2.7
STU-02185,2023,3,Health Sciences,Full-time,Mature Age Entry,Male,Domestic,26,Upper-Mid ($110–160k),Bachelor,None,Full-time (>20 hrs),69.3,16.2,2.65,Yes,Counselling,Yes,4,4,Yes,41.13,Pass,2.98
STU-02186,2022,1,Business,Full-time,High School (ATAR),Male,Domestic,22,Mid ($70–110k),No Tertiary,Merit-Based,Part-time (≤20 hrs),57.0,26.6,4.0,Yes,None,No,4,4,Yes,55.18,Pass,2.51
STU-02187,2024,4,Business,Full-time,TAFE / Diploma,Female,International,25,Lower-Mid ($40–70k),TAFE / Certificate,None,Not Employed,86.2,12.2,3.23,Yes,None,No,4,4,No,56.48,Pass,2.95
STU-02188,2024,2,Education,Part-time,High School (ATAR),Female,Domestic,25,Lower-Mid ($40–70k),Bachelor,None,Part-time (≤20 hrs),72.0,17.4,3.67,Yes,Counselling,Yes,2,2,No,55.64,Pass,2.74
STU-02189,2024,3,Arts & Humanities,Full-time,High School (ATAR),Male,Domestic,24,Mid ($70–110k),Postgraduate,None,Not Employed,71.1,20.6,2.49,Yes,Counselling,Yes,4,4,No,59.38,Pass,2.25
STU-02190,2023,1,Education,Full-time,High School (ATAR),Female,International,21,Low (<$40k),No Tertiary,None,Not Employed,92.9,17.6,2.92,No,Peer Tutoring,No,4,4,No,60.9,Pass,2.77
STU-02191,2023,4,Education,Part-time,Transfer / Credit,Female,Domestic,23,Upper-Mid ($110–160k),TAFE / Certificate,None,Part-time (≤20 hrs),74.5,16.5,3.07,Yes,Academic Advisor,No,2,2,No,65.81,Pass,2.28
STU-02192,2023,4,Health Sciences,Full-time,TAFE / Diploma,Female,Domestic,25,Mid ($70–110k),Bachelor,External,Part-time (≤20 hrs),93.5,15.5,1.53,Yes,Counselling,Yes,4,4,No,60.25,Pass,2.62
STU-02193,2023,2,Engineering,Full-time,International Pathway,Male,Domestic,20,High (>$160k),Bachelor,External,Not Employed,72.7,14.6,3.06,Yes,Counselling,Yes,4,4,No,65.87,Pass,2.09
STU-02194,2022,1,Information Technology,Part-time,High School (ATAR),Male,International,23,Low (<$40k),Bachelor,None,Part-time (≤20 hrs),54.6,19.0,3.38,Yes,Peer Tutoring,No,2,1,Yes,51.58,Fail,1.86
STU-02195,2022,4,Arts & Humanities,Full-time,TAFE / Diploma,Female,Domestic,23,Low (<$40k),No Tertiary,Equity / Need-Based,Not Employed,80.6,17.8,2.62,Yes,Academic Advisor,No,4,4,No,56.44,Pass,2.05
STU-02196,2023,1,Business,Full-time,TAFE / Diploma,Female,International,20,Lower-Mid ($40–70k),Bachelor,Equity / Need-Based,Part-time (≤20 hrs),69.4,11.4,2.78,Yes,Multiple Services,Yes,4,4,No,52.2,Pass,2.72
STU-02197,2024,1,Business,Full-time,Transfer / Credit,Male,Domestic,20,Mid ($70–110k),TAFE / Certificate,None,Part-time (≤20 hrs),62.6,11.5,3.74,Yes,None,No,4,3,No,44.59,Fail,0.72
STU-02198,2023,2,Health Sciences,Full-time,Mature Age Entry,Male,International,22,Low (<$40k),TAFE / Certificate,None,Not Employed,88.4,12.2,2.78,Yes,None,No,4,4,No,59.9,Pass,2.44
STU-02199,2024,1,Business,Full-time,TAFE / Diploma,Male,Domestic,21,Upper-Mid ($110–160k),TAFE / Certificate,Equity / Need-Based,Not Employed,65.4,4.6,2.42,Yes,None,No,4,0,Yes,51.94,Fail,0.75
STU-02200,2023,3,Engineering,Full-time,International Pathway,Non-binary / Other,Domestic,24,Mid ($70–110k),No Tertiary,None,Part-time (≤20 hrs),48.2,18.3,2.92,Yes,Academic Advisor,No,4,4,Yes,59.06,Pass,2.89
STU-02201,2024,2,Engineering,Part-time,High School (ATAR),Male,Domestic,20,Lower-Mid ($40–70k),Bachelor,None,Part-time (≤20 hrs),73.6,20.2,3.49,Yes,Academic Advisor,No,2,2,No,54.08,Pass,2.48
STU-02202,2023,2,Engineering,Full-time,International Pathway,Male,Domestic,27,Upper-Mid ($110–160k),Bachelor,None,Not Employed,49.9,22.8,1.87,Yes,None,No,4,1,Yes,49.9,Fail,0.53
STU-02203,2023,2,Education,Full-time,Mature Age Entry,Male,Domestic,18,Lower-Mid ($40–70k),Postgraduate,Merit-Based,Full-time (>20 hrs),79.9,15.9,4.0,Yes,Peer Tutoring,No,4,4,Yes,62.29,Pass,2.44
STU-02204,2024,4,Engineering,Full-time,TAFE / Diploma,Female,Domestic,24,Mid ($70–110k),Bachelor,None,Not Employed,66.4,9.1,2.72,Yes,None,No,4,4,No,54.02,Pass,2.32
STU-02205,2023,1,Engineering,Full-time,Transfer / Credit,Female,Domestic,23,Upper-Mid ($110–160k),TAFE / Certificate,None,Part-time (≤20 hrs),96.3,13.2,2.86,Yes,Academic Advisor,No,4,4,No,58.41,Pass,2.49
STU-02206,2023,4,Information Technology,Full-time,High School (ATAR),Female,Domestic,23,Upper-Mid ($110–160k),Postgraduate,Merit-Based,Not Employed,71.6,23.2,2.81,Yes,Peer Tutoring,No,4,4,No,77.25,Pass,2.37
STU-02207,2024,2,Information Technology,Part-time,High School (ATAR),Male,Domestic,21,Mid ($70–110k),Postgraduate,None,Not Employed,66.7,11.6,2.41,Yes,Academic Advisor,No,2,2,No,50.05,Pass,2.82
STU-02208,2024,1,Education,Part-time,High School (ATAR),Female,Domestic,19,Mid ($70–110k),TAFE / Certificate,None,Not Employed,56.9,9.8,2.18,Yes,Multiple Services,Yes,2,0,Yes,49.66,Fail,1.73
STU-02209,2023,2,Arts & Humanities,Full-time,High School (ATAR),Male,International,21,Low (<$40k),No Tertiary,Merit-Based,Full-time (>20 hrs),62.7,11.6,4.0,Yes,None,No,4,4,Yes,41.53,Pass,2.87
STU-02210,2023,3,Business,Full-time,TAFE / Diploma,Male,Domestic,23,Low (<$40k),Postgraduate,None,Full-time (>20 hrs),60.7,21.5,3.1,Yes,None,No,4,2,Yes,49.48,Fail,1.09
STU-02211,2023,1,Information Technology,Full-time,Transfer / Credit,Male,Domestic,21,Lower-Mid ($40–70k),Bachelor,Merit-Based,Part-time (≤20 hrs),90.8,9.2,2.94,Yes,Peer Tutoring,No,4,4,No,55.03,Pass,2.03
STU-02212,2024,2,Health Sciences,Full-time,Mature Age Entry,Female,International,21,Lower-Mid ($40–70k),TAFE / Certificate,None,Part-time (≤20 hrs),72.3,17.4,2.77,Yes,None,No,4,4,No,52.53,Pass,2.96
STU-02213,2022,1,Health Sciences,Part-time,Transfer / Credit,Female,International,24,Low (<$40k),TAFE / Certificate,Merit-Based,Part-time (≤20 hrs),86.2,15.4,3.29,Yes,None,No,2,2,No,64.96,Pass,2.72
STU-02214,2023,2,Engineering,Part-time,Transfer / Credit,Male,International,18,Low (<$40k),Postgraduate,Merit-Based,Not Employed,78.4,14.2,2.88,Yes,Peer Tutoring,No,2,2,No,60.02,Pass,2.08
STU-02215,2023,3,Business,Full-time,International Pathway,Male,Domestic,23,Mid ($70–110k),Bachelor,Equity / Need-Based,Part-time (≤20 hrs),79.8,16.3,3.27,Yes,None,No,4,4,No,58.32,Pass,2.36
STU-02216,2022,2,Business,Full-time,High School (ATAR),Male,Domestic,25,Mid ($70–110k),TAFE / Certificate,None,Part-time (≤20 hrs),79.6,20.1,2.52,Yes,None,No,4,4,No,67.11,Pass,2.2
STU-02217,2023,3,Engineering,Full-time,High School (ATAR),Male,Domestic,22,High (>$160k),No Tertiary,Equity / Need-Based,Not Employed,69.9,16.9,3.01,Yes,None,No,4,4,No,60.06,Pass,2.56
STU-02218,2024,1,Health Sciences,Full-time,TAFE / Diploma,Female,International,23,Mid ($70–110k),Postgraduate,External,Not Employed,59.4,17.1,2.07,Yes,Academic Advisor,No,4,4,Yes,53.96,Pass,2.93
STU-02219,2024,3,Engineering,Full-time,High School (ATAR),Female,Domestic,23,Upper-Mid ($110–160k),Postgraduate,None,Part-time (≤20 hrs),65.0,24.9,2.38,Yes,None,No,4,3,No,50.87,Fail,1.45
STU-02220,2022,2,Education,Full-time,TAFE / Diploma,Female,Domestic,24,Low (<$40k),Bachelor,None,Not Employed,83.8,17.1,2.61,Yes,Academic Advisor,No,4,4,No,59.44,Pass,2.95
STU-02221,2022,2,Business,Part-time,High School (ATAR),Female,Domestic,20,High (>$160k),No Tertiary,None,Part-time (≤20 hrs),65.5,12.8,2.83,Yes,Academic Advisor,No,2,0,No,47.14,Fail,1.96
STU-02222,2024,2,Engineering,Full-time,High School (ATAR),Female,Domestic,21,Lower-Mid ($40–70k),Postgraduate,Equity / Need-Based,Part-time (≤20 hrs),90.6,19.8,2.38,Yes,Academic Advisor,No,4,4,No,67.6,Pass,2.76
STU-02223,2022,2,Business,Full-time,Transfer / Credit,Male,Domestic,22,Lower-Mid ($40–70k),Bachelor,None,Full-time (>20 hrs),80.6,11.3,3.42,Yes,Multiple Services,Yes,4,0,Yes,50.98,Fail,1.86
STU-02224,2023,3,Arts & Humanities,Part-time,High School (ATAR),Male,International,27,Low (<$40k),TAFE / Certificate,External,Not Employed,73.2,1.0,2.72,Yes,None,No,2,0,Yes,42.21,Fail,1.34
STU-02225,2022,4,Engineering,Part-time,International Pathway,Male,International,23,Upper-Mid ($110–160k),Postgraduate,Merit-Based,Part-time (≤20 hrs),53.5,18.2,3.58,Yes,Peer Tutoring,No,2,2,Yes,58.03,Pass,2.41
STU-02226,2023,1,Education,Full-time,Transfer / Credit,Female,Domestic,20,Low (<$40k),Bachelor,None,Part-time (≤20 hrs),80.8,19.0,3.1,Yes,None,No,4,4,No,58.86,Pass,2.36
STU-02227,2022,3,Arts & Humanities,Full-time,High School (ATAR),Female,Domestic,23,Lower-Mid ($40–70k),No Tertiary,None,Part-time (≤20 hrs),75.4,25.4,1.99,Yes,Academic Advisor,No,4,4,No,63.25,Pass,2.67
STU-02228,2022,2,Engineering,Part-time,International Pathway,Female,Domestic,20,Low (<$40k),TAFE / Certificate,Equity / Need-Based,Full-time (>20 hrs),83.3,1.0,0.84,Yes,None,No,2,1,Yes,32.97,Fail,0.63
STU-02229,2022,4,Information Technology,Full-time,High School (ATAR),Male,Domestic,22,Lower-Mid ($40–70k),Postgraduate,Merit-Based,Part-time (≤20 hrs),78.7,17.4,2.67,Yes,Peer Tutoring,No,4,4,No,64.81,Pass,2.85
STU-02230,2024,2,Arts & Humanities,Part-time,High School (ATAR),Female,Domestic,25,Low (<$40k),Bachelor,Equity / Need-Based,Full-time (>20 hrs),54.2,1.7,1.98,Yes,Peer Tutoring,No,2,0,Yes,16.88,Withdrawn,0.0
STU-02231,2023,1,Health Sciences,Full-time,International Pathway,Male,International,22,Upper-Mid ($110–160k),Bachelor,None,Part-time (≤20 hrs),88.4,9.1,2.86,Yes,Academic Advisor,No,4,4,No,63.75,Pass,2.5
STU-02232,2023,2,Arts & Humanities,Part-time,High School (ATAR),Female,Domestic,22,Lower-Mid ($40–70k),Postgraduate,None,Not Employed,74.5,12.6,3.21,Yes,Counselling,Yes,2,2,No,57.47,Pass,2.84
STU-02233,2022,4,Business,Full-time,High School (ATAR),Female,International,22,Lower-Mid ($40–70k),No Tertiary,None,Not Employed,81.5,12.7,3.12,Yes,None,No,4,4,No,56.45,Pass,2.33
STU-02234,2023,4,Information Technology,Part-time,TAFE / Diploma,Female,Domestic,21,Lower-Mid ($40–70k),Postgraduate,None,Not Employed,76.6,28.2,2.47,Yes,None,No,2,2,No,74.59,Pass,2.1
STU-02235,2024,3,Engineering,Full-time,High School (ATAR),Female,Domestic,26,Lower-Mid ($40–70k),Bachelor,None,Not Employed,74.1,10.9,3.44,Yes,None,No,4,4,No,59.89,Pass,2.59
STU-02236,2024,1,Information Technology,Full-time,High School (ATAR),Female,Domestic,23,Upper-Mid ($110–160k),Bachelor,Merit-Based,Full-time (>20 hrs),37.8,11.0,3.86,Yes,Academic Advisor,No,4,1,Yes,42.59,Fail,1.78
STU-02237,2024,4,Arts & Humanities,Full-time,Mature Age Entry,Female,Domestic,17,Low (<$40k),Bachelor,None,Part-time (≤20 hrs),68.7,25.4,3.05,Yes,Multiple Services,Yes,4,4,No,60.8,Pass,2.68
STU-02238,2023,1,Arts & Humanities,Full-time,High School (ATAR),Male,International,21,Low (<$40k),Bachelor,Equity / Need-Based,Part-time (≤20 hrs),87.7,17.7,3.16,Yes,None,No,4,4,No,61.51,Pass,2.3
STU-02239,2023,2,Health Sciences,Full-time,High School (ATAR),Female,Domestic,20,Low (<$40k),No Tertiary,None,Not Employed,52.5,15.8,3.16,No,Academic Advisor,No,4,4,Yes,53.28,Pass,2.43
STU-02240,2022,3,Education,Part-time,High School (ATAR),Female,Domestic,23,Low (<$40k),Bachelor,Merit-Based,Full-time (>20 hrs),30.2,8.5,3.26,Yes,Academic Advisor,No,2,1,Yes,28.53,Fail,1.46
STU-02241,2024,3,Information Technology,Full-time,High School (ATAR),Female,Domestic,26,Mid ($70–110k),Bachelor,None,Not Employed,64.1,16.6,4.0,Yes,Peer Tutoring,No,4,4,No,68.59,Pass,2.76
STU-02242,2022,1,Health Sciences,Part-time,High School (ATAR),Female,Domestic,21,Lower-Mid ($40–70k),TAFE / Certificate,None,Part-time (≤20 hrs),60.1,18.5,2.23,Yes,Peer Tutoring,No,2,0,No,42.92,Fail,1.67
STU-02243,2024,2,Health Sciences,Full-time,Transfer / Credit,Non-binary / Other,Domestic,25,Lower-Mid ($40–70k),No Tertiary,Merit-Based,Full-time (>20 hrs),25.5,16.3,1.85,Yes,None,No,4,0,Yes,20.25,Withdrawn,0.0
STU-02244,2023,1,Business,Full-time,Transfer / Credit,Male,Domestic,18,Low (<$40k),Postgraduate,None,Part-time (≤20 hrs),65.1,13.1,3.88,No,None,No,4,4,No,57.9,Pass,2.63
STU-02245,2023,1,Health Sciences,Full-time,High School (ATAR),Male,Domestic,25,Lower-Mid ($40–70k),No Tertiary,Equity / Need-Based,Not Employed,92.3,22.1,3.41,Yes,None,No,4,4,No,73.33,Distinction,3.18
STU-02246,2024,2,Health Sciences,Part-time,High School (ATAR),Female,International,22,High (>$160k),No Tertiary,None,Part-time (≤20 hrs),65.9,7.2,3.03,Yes,Counselling,Yes,2,1,Yes,51.87,Fail,1.18
STU-02247,2023,1,Health Sciences,Part-time,Mature Age Entry,Female,Domestic,26,Lower-Mid ($40–70k),TAFE / Certificate,None,Part-time (≤20 hrs),72.3,19.5,1.99,Yes,None,No,2,1,No,29.71,Fail,1.55
STU-02248,2023,3,Information Technology,Full-time,Transfer / Credit,Male,Domestic,22,Mid ($70–110k),TAFE / Certificate,None,Part-time (≤20 hrs),66.0,12.5,3.14,Yes,None,No,4,1,No,50.36,Fail,1.33
STU-02249,2023,1,Arts & Humanities,Full-time,Transfer / Credit,Female,International,24,Lower-Mid ($40–70k),Bachelor,None,Part-time (≤20 hrs),90.4,15.4,1.22,Yes,None,No,4,4,No,54.66,Pass,2.84
STU-02250,2024,4,Business,Full-time,Transfer / Credit,Male,International,27,Mid ($70–110k),Bachelor,None,Full-time (>20 hrs),69.6,11.9,2.58,Yes,None,No,4,2,Yes,46.65,Fail,1.48
STU-02251,2023,1,Business,Full-time,International Pathway,Male,Domestic,20,Upper-Mid ($110–160k),No Tertiary,Equity / Need-Based,Not Employed,65.4,13.6,2.12,Yes,Multiple Services,Yes,4,4,No,57.69,Pass,2.17
STU-02252,2023,3,Engineering,Full-time,High School (ATAR),Male,Domestic,21,Low (<$40k),TAFE / Certificate,None,Not Employed,77.5,14.5,2.91,No,Multiple Services,Yes,4,4,No,68.34,Pass,2.39
STU-02253,2023,4,Business,Part-time,High School (ATAR),Male,Domestic,28,Mid ($70–110k),Bachelor,Merit-Based,Part-time (≤20 hrs),47.9,16.9,3.62,Yes,None,No,2,2,Yes,50.43,Pass,2.84
STU-02254,2022,1,Information Technology,Full-time,Transfer / Credit,Male,Domestic,24,Mid ($70–110k),Postgraduate,Merit-Based,Full-time (>20 hrs),57.4,15.2,3.89,Yes,Peer Tutoring,No,4,3,Yes,40.22,Fail,1.62
STU-02255,2023,2,Information Technology,Part-time,Mature Age Entry,Female,International,20,Low (<$40k),Bachelor,None,Part-time (≤20 hrs),60.5,17.9,2.0,Yes,Academic Advisor,No,2,2,No,56.26,Pass,2.96
STU-02256,2024,3,Engineering,Full-time,High School (ATAR),Female,Domestic,25,Mid ($70–110k),Bachelor,None,Full-time (>20 hrs),56.2,9.4,2.04,Yes,Peer Tutoring,No,4,1,Yes,31.65,Fail,1.36
STU-02257,2022,1,Health Sciences,Full-time,TAFE / Diploma,Male,Domestic,20,Low (<$40k),TAFE / Certificate,None,Part-time (≤20 hrs),68.9,17.8,2.36,Yes,None,No,4,4,No,45.35,Pass,2.14
STU-02258,2024,2,Health Sciences,Full-time,Transfer / Credit,Male,Domestic,20,Mid ($70–110k),TAFE / Certificate,None,Full-time (>20 hrs),56.4,4.7,3.12,Yes,None,No,4,0,Yes,27.64,Fail,0.83
STU-02259,2022,2,Arts & Humanities,Full-time,High School (ATAR),Male,Domestic,25,Mid ($70–110k),TAFE / Certificate,None,Part-time (≤20 hrs),66.1,22.5,2.65,Yes,Peer Tutoring,No,4,4,No,52.6,Pass,2.04
STU-02260,2024,3,Arts & Humanities,Full-time,TAFE / Diploma,Female,Domestic,22,Low (<$40k),No Tertiary,None,Not Employed,62.6,11.0,3.49,No,None,No,4,4,No,43.59,Pass,2.15
STU-02261,2022,1,Health Sciences,Part-time,High School (ATAR),Female,International,24,Mid ($70–110k),Bachelor,None,Not Employed,82.8,15.1,3.37,Yes,Academic Advisor,No,2,2,No,74.13,Pass,2.69
STU-02262,2023,3,Health Sciences,Full-time,Mature Age Entry,Female,Domestic,27,Lower-Mid ($40–70k),TAFE / Certificate,None,Not Employed,67.2,12.1,2.56,Yes,Multiple Services,Yes,4,4,No,53.3,Pass,2.54
STU-02263,2022,4,Information Technology,Part-time,High School (ATAR),Male,Domestic,26,Lower-Mid ($40–70k),No Tertiary,Merit-Based,Part-time (≤20 hrs),63.0,16.9,3.18,Yes,None,No,2,0,No,50.83,Fail,1.98
STU-02264,2022,1,Arts & Humanities,Full-time,High School (ATAR),Male,Domestic,23,Lower-Mid ($40–70k),Bachelor,None,Part-time (≤20 hrs),93.2,24.2,3.93,Yes,Academic Advisor,No,4,4,No,73.84,Pass,2.42
STU-02265,2024,2,Business,Part-time,TAFE / Diploma,Male,Domestic,22,Low (<$40k),Bachelor,None,Not Employed,68.4,8.3,3.63,Yes,None,No,2,1,No,51.08,Fail,0.53
STU-02266,2023,3,Information Technology,Full-time,Transfer / Credit,Female,Domestic,23,Lower-Mid ($40–70k),Bachelor,None,Not Employed,83.1,16.1,2.26,Yes,None,No,4,4,No,64.59,Pass,2.8
STU-02267,2022,1,Health Sciences,Full-time,High School (ATAR),Female,Domestic,20,High (>$160k),TAFE / Certificate,External,Not Employed,83.2,18.7,2.87,Yes,Academic Advisor,No,4,4,No,76.85,Pass,2.07
STU-02268,2023,1,Health Sciences,Part-time,Mature Age Entry,Male,Domestic,24,Mid ($70–110k),Postgraduate,Merit-Based,Not Employed,64.7,14.0,2.72,Yes,None,No,2,2,No,53.43,Pass,2.86
STU-02269,2024,1,Business,Full-time,TAFE / Diploma,Male,International,20,Lower-Mid ($40–70k),Bachelor,Merit-Based,Not Employed,67.8,16.8,3.32,Yes,None,No,4,4,No,65.59,Pass,2.29
STU-02270,2022,2,Education,Full-time,High School (ATAR),Female,Domestic,26,Mid ($70–110k),No Tertiary,None,Part-time (≤20 hrs),79.2,19.9,3.46,Yes,Academic Advisor,No,4,4,No,73.39,Distinction,3.16
STU-02271,2024,3,Business,Full-time,High School (ATAR),Female,International,21,Lower-Mid ($40–70k),Postgraduate,None,Full-time (>20 hrs),71.3,13.4,3.57,Yes,Multiple Services,Yes,4,4,Yes,57.68,Pass,2.44
STU-02272,2024,1,Arts & Humanities,Part-time,High School (ATAR),Male,Domestic,21,Lower-Mid ($40–70k),Bachelor,None,Part-time (≤20 hrs),79.8,7.0,2.73,Yes,None,No,2,2,Yes,51.39,Pass,2.98
STU-02273,2024,2,Arts & Humanities,Full-time,High School (ATAR),Female,Domestic,22,Lower-Mid ($40–70k),Bachelor,Merit-Based,Part-time (≤20 hrs),58.3,31.0,3.43,Yes,None,No,4,4,Yes,66.55,Pass,2.87
STU-02274,2024,2,Arts & Humanities,Part-time,High School (ATAR),Female,Domestic,19,Mid ($70–110k),No Tertiary,None,Part-time (≤20 hrs),65.9,15.6,2.45,Yes,Peer Tutoring,No,2,0,No,30.71,Fail,1.02
STU-02275,2023,1,Education,Part-time,High School (ATAR),Male,Domestic,23,High (>$160k),TAFE / Certificate,None,Part-time (≤20 hrs),77.0,1.0,4.0,Yes,None,No,2,1,Yes,49.46,Fail,1.07
STU-02276,2024,1,Information Technology,Part-time,High School (ATAR),Female,Domestic,21,Mid ($70–110k),Postgraduate,None,Part-time (≤20 hrs),75.2,18.3,3.57,Yes,Peer Tutoring,No,2,2,No,59.87,Pass,2.85
STU-02277,2023,3,Engineering,Full-time,Mature Age Entry,Female,Domestic,26,Low (<$40k),Bachelor,None,Full-time (>20 hrs),69.4,12.0,2.93,Yes,Peer Tutoring,No,4,3,Yes,48.58,Fail,1.19
STU-02278,2023,2,Engineering,Full-time,Transfer / Credit,Male,Domestic,23,Low (<$40k),Bachelor,None,Not Employed,69.8,16.3,3.51,No,None,No,4,4,No,55.29,Pass,2.58
STU-02279,2022,1,Health Sciences,Full-time,International Pathway,Female,Domestic,21,Low (<$40k),No Tertiary,None,Part-time (≤20 hrs),60.5,12.4,2.13,No,None,No,4,4,No,39.19,Pass,2.02
STU-02280,2023,3,Business,Full-time,High School (ATAR),Male,Domestic,24,Mid ($70–110k),TAFE / Certificate,None,Part-time (≤20 hrs),69.7,12.7,2.78,Yes,None,No,4,3,No,49.99,Fail,1.21
STU-02281,2022,1,Business,Full-time,High School (ATAR),Male,Domestic,25,Low (<$40k),Bachelor,None,Part-time (≤20 hrs),86.1,13.9,2.11,Yes,Peer Tutoring,No,4,4,No,51.57,Pass,2.08
STU-02282,2024,2,Arts & Humanities,Full-time,Transfer / Credit,Male,International,24,Upper-Mid ($110–160k),No Tertiary,External,Not Employed,70.3,11.7,2.1,Yes,Peer Tutoring,No,4,4,No,52.63,Pass,2.8
STU-02283,2024,2,Business,Full-time,High School (ATAR),Male,Domestic,28,Mid ($70–110k),Bachelor,None,Not Employed,82.8,11.6,2.95,Yes,None,No,4,4,No,56.95,Pass,2.87
STU-02284,2023,2,Engineering,Full-time,High School (ATAR),Male,International,26,Mid ($70–110k),Bachelor,None,Not Employed,69.4,15.3,2.22,Yes,None,No,4,3,No,47.01,Fail,1.72
STU-02285,2022,3,Business,Full-time,Mature Age Entry,Male,Domestic,20,High (>$160k),Bachelor,Merit-Based,Not Employed,74.0,18.0,4.0,Yes,Academic Advisor,No,4,4,No,70.15,Pass,2.57
STU-02286,2022,2,Business,Full-time,High School (ATAR),Non-binary / Other,Domestic,21,Mid ($70–110k),No Tertiary,External,Full-time (>20 hrs),75.9,5.9,3.67,Yes,Academic Advisor,No,4,2,Yes,50.88,Fail,1.14
STU-02287,2024,3,Information Technology,Part-time,High School (ATAR),Female,International,25,Low (<$40k),Postgraduate,None,Not Employed,71.3,17.7,3.61,Yes,Peer Tutoring,No,2,2,No,61.51,Pass,2.29
STU-02288,2024,1,Engineering,Full-time,International Pathway,Female,Domestic,19,Lower-Mid ($40–70k),No Tertiary,Equity / Need-Based,Not Employed,45.3,22.6,1.79,Yes,Peer Tutoring,No,4,4,Yes,57.34,Pass,2.4
STU-02289,2023,1,Information Technology,Full-time,Transfer / Credit,Male,International,20,Mid ($70–110k),Bachelor,None,Part-time (≤20 hrs),56.4,13.7,2.3,Yes,None,No,4,0,Yes,42.63,Fail,0.67
STU-02290,2023,3,Business,Full-time,High School (ATAR),Female,Domestic,26,Upper-Mid ($110–160k),Postgraduate,Merit-Based,Not Employed,67.8,17.7,3.35,Yes,None,No,4,0,No,51.57,Fail,1.99
STU-02291,2024,2,Business,Full-time,TAFE / Diploma,Female,Domestic,22,Low (<$40k),Bachelor,None,Full-time (>20 hrs),61.4,19.6,2.34,No,Counselling,Yes,4,4,Yes,54.59,Pass,2.9
STU-02292,2023,4,Engineering,Full-time,High School (ATAR),Male,International,20,Upper-Mid ($110–160k),No Tertiary,None,Full-time (>20 hrs),62.0,19.8,2.32,Yes,None,No,4,2,Yes,44.31,Fail,1.8
STU-02293,2023,3,Information Technology,Full-time,High School (ATAR),Male,Domestic,25,Mid ($70–110k),Bachelor,Merit-Based,Part-time (≤20 hrs),53.7,19.2,3.39,Yes,Peer Tutoring,No,4,4,Yes,61.28,Pass,2.47
STU-02294,2023,2,Education,Full-time,High School (ATAR),Male,Domestic,20,Mid ($70–110k),TAFE / Certificate,None,Not Employed,66.5,16.8,3.77,Yes,None,No,4,4,No,61.73,Pass,2.72
STU-02295,2024,1,Business,Full-time,TAFE / Diploma,Female,Domestic,21,Upper-Mid ($110–160k),Postgraduate,None,Part-time (≤20 hrs),94.2,19.3,3.18,Yes,Academic Advisor,No,4,4,No,61.31,Pass,2.49
STU-02296,2023,1,Arts & Humanities,Full-time,Mature Age Entry,Female,Domestic,21,Mid ($70–110k),TAFE / Certificate,Merit-Based,Part-time (≤20 hrs),58.9,14.0,2.41,Yes,None,No,4,3,Yes,48.74,Fail,1.52
STU-02297,2022,1,Arts & Humanities,Full-time,TAFE / Diploma,Male,Domestic,22,Lower-Mid ($40–70k),Postgraduate,Merit-Based,Not Employed,65.4,31.5,3.09,Yes,None,No,4,4,No,67.06,Pass,2.64
STU-02298,2023,1,Business,Full-time,Transfer / Credit,Male,Domestic,21,Lower-Mid ($40–70k),Bachelor,None,Full-time (>20 hrs),86.6,14.2,3.18,Yes,None,No,4,4,Yes,47.4,Pass,2.55
STU-02299,2022,2,Business,Full-time,High School (ATAR),Female,Domestic,26,Low (<$40k),Bachelor,None,Not Employed,74.1,18.8,3.44,Yes,Academic Advisor,No,4,4,No,66.91,Pass,2.77
STU-02300,2024,4,Business,Part-time,High School (ATAR),Female,Domestic,26,Low (<$40k),No Tertiary,None,Full-time (>20 hrs),59.3,7.0,2.59,No,Academic Advisor,No,2,0,Yes,41.43,Fail,0.66
STU-02301,2022,1,Health Sciences,Part-time,High School (ATAR),Female,Domestic,23,High (>$160k),Bachelor,External,Not Employed,48.1,13.9,3.33,Yes,Academic Advisor,No,2,2,Yes,58.23,Pass,2.65
STU-02302,2022,4,Information Technology,Full-time,Mature Age Entry,Male,Domestic,24,Lower-Mid ($40–70k),No Tertiary,Merit-Based,Not Employed,61.7,21.9,3.04,Yes,Peer Tutoring,No,4,4,No,61.98,Pass,2.87
STU-02303,2023,1,Business,Part-time,High School (ATAR),Male,Domestic,23,Mid ($70–110k),Bachelor,External,Full-time (>20 hrs),44.0,16.6,4.0,Yes,None,No,2,0,Yes,41.19,Fail,1.22
STU-02304,2024,3,Arts & Humanities,Part-time,Mature Age Entry,Male,Domestic,21,Mid ($70–110k),Postgraduate,None,Not Employed,79.1,5.8,2.14,Yes,Peer Tutoring,No,2,1,Yes,51.86,Fail,1.26
STU-02305,2024,3,Information Technology,Part-time,International Pathway,Female,Domestic,23,Lower-Mid ($40–70k),Bachelor,None,Not Employed,79.5,8.7,3.8,Yes,None,No,2,2,No,53.79,Pass,2.84
STU-02306,2022,1,Health Sciences,Full-time,High School (ATAR),Female,Domestic,20,Mid ($70–110k),Bachelor,None,Not Employed,74.6,18.3,3.03,Yes,Counselling,Yes,4,4,No,70.1,Pass,2.56
STU-02307,2023,3,Health Sciences,Full-time,Transfer / Credit,Male,International,21,Mid ($70–110k),Bachelor,None,Full-time (>20 hrs),78.6,13.4,3.35,Yes,None,No,4,4,Yes,52.49,Pass,2.21
STU-02308,2024,4,Business,Full-time,International Pathway,Female,International,24,Lower-Mid ($40–70k),Bachelor,Merit-Based,Part-time (≤20 hrs),89.4,21.3,3.03,Yes,Peer Tutoring,No,4,4,No,74.93,Pass,2.51
STU-02309,2022,4,Engineering,Part-time,International Pathway,Non-binary / Other,Domestic,22,Mid ($70–110k),No Tertiary,External,Part-time (≤20 hrs),62.8,11.4,2.83,Yes,Counselling,Yes,2,2,No,54.67,Pass,2.77
STU-02310,2024,2,Engineering,Full-time,Mature Age Entry,Male,International,23,Lower-Mid ($40–70k),TAFE / Certificate,None,Full-time (>20 hrs),61.5,13.0,2.16,Yes,None,No,4,2,Yes,38.96,Fail,1.43
STU-02311,2022,2,Information Technology,Full-time,Transfer / Credit,Female,Domestic,24,Upper-Mid ($110–160k),Bachelor,None,Part-time (≤20 hrs),73.7,24.5,2.26,Yes,Counselling,Yes,4,4,No,54.26,Pass,2.82
STU-02312,2024,4,Information Technology,Part-time,High School (ATAR),Female,Domestic,24,Lower-Mid ($40–70k),No Tertiary,None,Full-time (>20 hrs),38.7,12.0,2.77,Yes,Academic Advisor,No,2,0,Yes,36.95,Withdrawn,0.0
STU-02313,2024,2,Information Technology,Full-time,Transfer / Credit,Female,International,25,Mid ($70–110k),No Tertiary,Equity / Need-Based,Part-time (≤20 hrs),87.1,17.8,2.36,Yes,Peer Tutoring,No,4,4,No,48.82,Pass,2.64
STU-02314,2024,3,Health Sciences,Full-time,Mature Age Entry,Female,Domestic,28,Mid ($70–110k),Bachelor,Equity / Need-Based,Not Employed,70.2,22.2,3.59,Yes,Academic Advisor,No,4,4,No,59.04,Pass,2.32
STU-02315,2024,3,Information Technology,Full-time,High School (ATAR),Male,International,26,Lower-Mid ($40–70k),Bachelor,Merit-Based,Not Employed,90.0,19.0,2.6,Yes,Multiple Services,Yes,4,4,No,76.16,Pass,2.36
STU-02316,2024,1,Engineering,Full-time,High School (ATAR),Female,Domestic,19,Low (<$40k),No Tertiary,External,Full-time (>20 hrs),65.5,10.1,3.26,Yes,Multiple Services,Yes,4,0,Yes,42.06,Fail,0.9
STU-02317,2022,1,Business,Part-time,Transfer / Credit,Female,Domestic,21,Mid ($70–110k),Postgraduate,External,Not Employed,61.8,15.2,3.85,Yes,Academic Advisor,No,2,2,No,54.38,Pass,2.98
STU-02318,2023,1,Business,Part-time,TAFE / Diploma,Male,Domestic,23,Upper-Mid ($110–160k),Bachelor,None,Part-time (≤20 hrs),65.2,16.6,2.61,Yes,None,No,2,2,No,44.48,Pass,2.65
STU-02319,2024,2,Engineering,Part-time,TAFE / Diploma,Male,Domestic,23,Mid ($70–110k),Bachelor,None,Part-time (≤20 hrs),77.5,18.7,2.74,Yes,Peer Tutoring,No,2,0,No,51.44,Fail,1.35
STU-02320,2024,1,Arts & Humanities,Full-time,High School (ATAR),Male,Domestic,19,High (>$160k),Postgraduate,Equity / Need-Based,Part-time (≤20 hrs),88.9,10.8,3.03,Yes,Multiple Services,Yes,4,4,No,62.97,Pass,2.39
STU-02321,2022,2,Engineering,Full-time,High School (ATAR),Male,Domestic,26,Lower-Mid ($40–70k),Postgraduate,External,Not Employed,80.9,21.1,3.7,Yes,Academic Advisor,No,4,4,No,79.55,Pass,2.66
STU-02322,2024,4,Information Technology,Full-time,TAFE / Diploma,Female,Domestic,25,High (>$160k),TAFE / Certificate,None,Full-time (>20 hrs),87.3,14.8,2.08,Yes,Academic Advisor,No,4,4,Yes,55.35,Pass,2.9
STU-02323,2022,3,Business,Full-time,TAFE / Diploma,Male,Domestic,24,Upper-Mid ($110–160k),No Tertiary,None,Full-time (>20 hrs),68.5,6.9,2.53,Yes,Peer Tutoring,No,4,1,Yes,44.14,Fail,1.83
STU-02324,2024,1,Business,Full-time,Transfer / Credit,Female,International,19,High (>$160k),Bachelor,Equity / Need-Based,Not Employed,68.5,15.4,1.84,Yes,Academic Advisor,No,4,4,No,59.09,Pass,2.81
STU-02325,2023,3,Engineering,Full-time,Mature Age Entry,Female,Domestic,30,High (>$160k),Bachelor,None,Part-time (≤20 hrs),65.4,12.9,1.65,Yes,None,No,4,4,No,54.43,Pass,2.33
STU-02326,2024,2,Information Technology,Full-time,Transfer / Credit,Female,International,18,Lower-Mid ($40–70k),Bachelor,External,Part-time (≤20 hrs),63.6,12.2,2.65,Yes,Academic Advisor,No,4,4,No,53.97,Pass,2.54
STU-02327,2022,2,Arts & Humanities,Full-time,High School (ATAR),Male,Domestic,23,Upper-Mid ($110–160k),No Tertiary,None,Full-time (>20 hrs),54.8,20.7,2.7,Yes,Multiple Services,Yes,4,2,Yes,49.42,Fail,1.44
STU-02328,2022,3,Engineering,Part-time,High School (ATAR),Male,International,25,Mid ($70–110k),TAFE / Certificate,None,Not Employed,64.5,12.9,3.17,Yes,Counselling,Yes,2,2,No,55.82,Pass,2.89
STU-02329,2023,3,Business,Part-time,Mature Age Entry,Male,Domestic,28,High (>$160k),Bachelor,External,Full-time (>20 hrs),74.1,7.2,3.72,Yes,Multiple Services,Yes,2,2,Yes,48.07,Pass,2.16
STU-02330,2024,1,Information Technology,Full-time,Mature Age Entry,Female,International,18,Lower-Mid ($40–70k),TAFE / Certificate,External,Not Employed,64.4,9.5,3.12,Yes,None,No,4,3,No,50.73,Fail,0.75
STU-02331,2024,3,Education,Part-time,TAFE / Diploma,Female,International,24,Mid ($70–110k),Postgraduate,Equity / Need-Based,Part-time (≤20 hrs),63.8,3.3,3.88,Yes,Counselling,Yes,2,2,Yes,46.84,Pass,2.73
STU-02332,2024,4,Health Sciences,Full-time,TAFE / Diploma,Male,International,23,Upper-Mid ($110–160k),TAFE / Certificate,None,Not Employed,76.2,3.6,2.97,Yes,None,No,4,4,Yes,51.32,Pass,2.55
STU-02333,2022,1,Health Sciences,Part-time,High School (ATAR),Male,Domestic,22,Lower-Mid ($40–70k),Bachelor,None,Part-time (≤20 hrs),53.8,17.6,3.01,Yes,Multiple Services,Yes,2,2,Yes,60.35,Pass,2.17
STU-02334,2024,3,Business,Full-time,International Pathway,Female,Domestic,26,Upper-Mid ($110–160k),TAFE / Certificate,None,Part-time (≤20 hrs),86.0,24.6,2.93,Yes,Counselling,Yes,4,4,No,67.53,Pass,2.05
STU-02335,2023,2,Business,Full-time,High School (ATAR),Male,Domestic,22,Mid ($70–110k),TAFE / Certificate,Equity / Need-Based,Part-time (≤20 hrs),58.3,15.9,3.24,Yes,None,No,4,4,Yes,54.94,Pass,2.13
STU-02336,2023,1,Health Sciences,Part-time,Transfer / Credit,Female,International,19,Low (<$40k),No Tertiary,None,Full-time (>20 hrs),61.0,8.5,2.91,Yes,None,No,2,0,No,22.48,Fail,0.57
STU-02337,2022,1,Business,Full-time,High School (ATAR),Male,Domestic,22,Upper-Mid ($110–160k),No Tertiary,None,Not Employed,84.7,19.4,2.56,Yes,None,No,4,4,No,61.92,Pass,2.43
STU-02338,2023,3,Business,Full-time,International Pathway,Male,Domestic,21,Mid ($70–110k),No Tertiary,None,Not Employed,77.5,14.3,2.96,Yes,None,No,4,4,No,59.86,Pass,2.98
STU-02339,2022,2,Arts & Humanities,Part-time,TAFE / Diploma,Male,Domestic,18,Low (<$40k),TAFE / Certificate,External,Not Employed,91.3,13.7,2.72,Yes,None,No,2,2,No,60.59,Pass,2.08
STU-02340,2022,3,Business,Full-time,Transfer / Credit,Female,Domestic,25,Low (<$40k),Postgraduate,Equity / Need-Based,Full-time (>20 hrs),68.7,12.4,3.23,Yes,Peer Tutoring,No,4,1,Yes,43.87,Fail,0.76
STU-02341,2023,3,Business,Full-time,Transfer / Credit,Male,Domestic,20,Low (<$40k),Postgraduate,None,Not Employed,91.2,11.6,3.63,Yes,Peer Tutoring,No,4,4,No,76.76,Pass,2.9
STU-02342,2024,3,Health Sciences,Full-time,Transfer / Credit,Female,International,26,Lower-Mid ($40–70k),No Tertiary,None,Not Employed,65.1,16.9,3.34,Yes,None,No,4,4,No,49.1,Pass,2.04
STU-02343,2023,3,Arts & Humanities,Full-time,Transfer / Credit,Male,Domestic,26,Low (<$40k),Bachelor,None,Part-time (≤20 hrs),87.5,11.8,1.97,No,Multiple Services,Yes,4,4,No,56.08,Pass,2.72
STU-02344,2022,4,Education,Part-time,High School (ATAR),Male,Domestic,24,Low (<$40k),No Tertiary,Merit-Based,Part-time (≤20 hrs),55.1,13.4,2.68,Yes,None,No,2,0,Yes,37.11,Fail,0.82
STU-02345,2024,3,Arts & Humanities,Full-time,High School (ATAR),Female,International,23,Lower-Mid ($40–70k),TAFE / Certificate,None,Part-time (≤20 hrs),78.2,10.3,2.35,Yes,Peer Tutoring,No,4,4,No,53.55,Pass,2.42
STU-02346,2022,4,Business,Part-time,TAFE / Diploma,Female,International,24,Mid ($70–110k),No Tertiary,None,Not Employed,50.4,23.9,2.71,Yes,Counselling,Yes,2,2,Yes,57.23,Pass,2.72
STU-02347,2023,2,Education,Part-time,Transfer / Credit,Male,Domestic,23,Low (<$40k),TAFE / Certificate,Merit-Based,Not Employed,68.9,18.5,3.71,Yes,None,No,2,2,No,57.46,Pass,2.78
STU-02348,2024,2,Health Sciences,Full-time,Transfer / Credit,Male,International,17,High (>$160k),No Tertiary,Merit-Based,Part-time (≤20 hrs),63.6,22.9,3.63,Yes,Multiple Services,Yes,4,4,No,58.19,Pass,2.17
STU-02349,2023,2,Business,Full-time,High School (ATAR),Female,International,25,Lower-Mid ($40–70k),TAFE / Certificate,None,Part-time (≤20 hrs),63.4,15.8,4.0,Yes,Multiple Services,Yes,4,4,No,58.2,Pass,2.2
STU-02350,2022,2,Information Technology,Full-time,High School (ATAR),Male,International,23,Mid ($70–110k),Postgraduate,None,Not Employed,74.3,12.8,3.51,Yes,None,No,4,4,No,58.02,Pass,2.52
STU-02351,2022,4,Engineering,Full-time,International Pathway,Male,Domestic,27,Lower-Mid ($40–70k),TAFE / Certificate,Merit-Based,Full-time (>20 hrs),63.0,5.6,3.11,Yes,Academic Advisor,No,4,4,Yes,50.78,Pass,2.43
STU-02352,2023,3,Arts & Humanities,Full-time,High School (ATAR),Male,Domestic,22,Low (<$40k),TAFE / Certificate,Merit-Based,Part-time (≤20 hrs),70.1,26.7,4.0,No,Multiple Services,Yes,4,4,No,55.13,Pass,2.89
STU-02353,2024,4,Business,Full-time,High School (ATAR),Female,Domestic,22,Low (<$40k),Postgraduate,None,Part-time (≤20 hrs),67.5,9.6,3.77,Yes,None,No,4,2,No,50.22,Fail,0.76
STU-02354,2022,4,Health Sciences,Full-time,TAFE / Diploma,Male,International,25,Low (<$40k),Bachelor,None,Full-time (>20 hrs),78.7,11.7,2.88,No,Multiple Services,Yes,4,1,Yes,37.63,Fail,1.82
STU-02355,2024,3,Health Sciences,Full-time,High School (ATAR),Female,Domestic,21,Upper-Mid ($110–160k),Bachelor,None,Not Employed,81.6,9.8,3.33,Yes,None,No,4,4,No,63.31,Pass,2.88
STU-02356,2024,1,Engineering,Full-time,High School (ATAR),Female,Domestic,20,Mid ($70–110k),Bachelor,External,Full-time (>20 hrs),65.6,16.9,2.45,Yes,Academic Advisor,No,4,4,Yes,44.82,Pass,2.79
STU-02357,2022,2,Business,Full-time,High School (ATAR),Female,Domestic,17,Upper-Mid ($110–160k),No Tertiary,Equity / Need-Based,Part-time (≤20 hrs),51.7,11.9,2.88,Yes,Academic Advisor,No,4,3,Yes,40.27,Fail,1.22
STU-02358,2022,2,Education,Full-time,TAFE / Diploma,Male,Domestic,22,Low (<$40k),Postgraduate,None,Part-time (≤20 hrs),77.7,11.7,3.66,Yes,Counselling,Yes,4,4,No,52.4,Pass,2.49
STU-02359,2024,3,Information Technology,Full-time,High School (ATAR),Female,International,25,Mid ($70–110k),No Tertiary,None,Part-time (≤20 hrs),91.7,19.1,3.56,Yes,Counselling,Yes,4,4,No,62.37,Pass,2.02
STU-02360,2023,1,Information Technology,Part-time,TAFE / Diploma,Female,Domestic,18,Mid ($70–110k),Bachelor,None,Part-time (≤20 hrs),76.9,1.0,2.85,Yes,Peer Tutoring,No,2,0,Yes,40.12,Fail,1.61
STU-02361,2024,1,Engineering,Full-time,High School (ATAR),Male,Domestic,21,Low (<$40k),No Tertiary,None,Part-time (≤20 hrs),73.6,15.5,3.38,Yes,None,No,4,1,No,39.08,Fail,1.13
STU-02362,2024,3,Arts & Humanities,Part-time,High School (ATAR),Male,Domestic,22,Mid ($70–110k),Postgraduate,Equity / Need-Based,Part-time (≤20 hrs),85.8,9.9,3.65,Yes,None,No,2,1,No,51.81,Fail,1.01
STU-02363,2023,1,Engineering,Full-time,High School (ATAR),Male,Domestic,23,Low (<$40k),TAFE / Certificate,Equity / Need-Based,Full-time (>20 hrs),68.9,11.4,2.56,No,Counselling,Yes,4,2,Yes,37.89,Fail,0.51
STU-02364,2023,2,Engineering,Full-time,High School (ATAR),Male,Domestic,24,Lower-Mid ($40–70k),Bachelor,External,Not Employed,71.2,19.0,3.42,Yes,Counselling,Yes,4,4,No,58.68,Pass,2.57
STU-02365,2022,4,Engineering,Full-time,TAFE / Diploma,Female,Domestic,29,Mid ($70–110k),Postgraduate,None,Full-time (>20 hrs),65.9,13.6,3.18,Yes,Academic Advisor,No,4,4,Yes,58.63,Pass,2.19
STU-02366,2024,3,Engineering,Full-time,High School (ATAR),Female,Domestic,25,Mid ($70–110k),Postgraduate,None,Not Employed,81.0,9.7,2.02,Yes,Academic Advisor,No,4,4,No,52.18,Pass,2.23
STU-02367,2022,1,Education,Part-time,High School (ATAR),Female,Domestic,23,Lower-Mid ($40–70k),No Tertiary,None,Full-time (>20 hrs),47.5,1.0,2.41,Yes,None,No,2,0,Yes,17.88,Withdrawn,0.0
STU-02368,2024,3,Arts & Humanities,Full-time,High School (ATAR),Male,International,22,Lower-Mid ($40–70k),Bachelor,None,Not Employed,78.5,11.2,2.83,Yes,None,No,4,4,No,57.62,Pass,2.35
STU-02369,2024,3,Business,Full-time,International Pathway,Male,International,25,Lower-Mid ($40–70k),Postgraduate,None,Not Employed,69.9,28.3,2.79,Yes,None,No,4,4,No,62.27,Pass,2.2
STU-02370,2022,4,Health Sciences,Full-time,High School (ATAR),Male,Domestic,27,Upper-Mid ($110–160k),No Tertiary,External,Full-time (>20 hrs),77.5,11.0,3.11,Yes,Counselling,Yes,4,4,Yes,51.21,Pass,2.95
STU-02371,2023,1,Business,Part-time,TAFE / Diploma,Male,International,22,Mid ($70–110k),Bachelor,None,Not Employed,79.7,15.9,3.27,Yes,Academic Advisor,No,2,2,No,74.3,Pass,2.47
STU-02372,2023,2,Arts & Humanities,Full-time,Transfer / Credit,Male,Domestic,23,Lower-Mid ($40–70k),Bachelor,None,Full-time (>20 hrs),77.2,9.0,2.84,Yes,None,No,4,4,Yes,45.61,Pass,2.38
STU-02373,2024,2,Engineering,Part-time,Transfer / Credit,Male,Domestic,22,Lower-Mid ($40–70k),TAFE / Certificate,None,Part-time (≤20 hrs),80.6,19.4,3.13,Yes,None,No,2,2,No,65.48,Pass,2.72
STU-02374,2022,4,Business,Full-time,Transfer / Credit,Male,Domestic,23,Lower-Mid ($40–70k),Postgraduate,None,Not Employed,95.2,20.8,2.44,Yes,None,No,4,4,No,68.36,Pass,2.98
STU-02375,2022,3,Business,Part-time,Mature Age Entry,Female,Domestic,24,Upper-Mid ($110–160k),TAFE / Certificate,External,Part-time (≤20 hrs),64.6,14.2,2.45,Yes,None,No,2,0,No,34.1,Withdrawn,0.0
STU-02376,2024,3,Information Technology,Full-time,High School (ATAR),Male,International,26,Mid ($70–110k),No Tertiary,Merit-Based,Part-time (≤20 hrs),80.2,21.9,4.0,Yes,Peer Tutoring,No,4,4,No,68.12,Distinction,3.31
STU-02377,2022,4,Engineering,Full-time,High School (ATAR),Female,Domestic,26,Lower-Mid ($40–70k),Bachelor,External,Part-time (≤20 hrs),75.4,13.9,2.33,Yes,Counselling,Yes,4,4,No,52.99,Pass,2.65
STU-02378,2022,3,Information Technology,Full-time,High School (ATAR),Male,Domestic,18,High (>$160k),Postgraduate,External,Not Employed,54.9,7.8,1.89,Yes,Academic Advisor,No,4,4,Yes,54.31,Pass,2.72
STU-02379,2022,3,Health Sciences,Full-time,High School (ATAR),Female,International,23,High (>$160k),TAFE / Certificate,None,Part-time (≤20 hrs),100.0,27.3,3.05,Yes,Academic Advisor,No,4,4,No,74.07,Pass,2.07
STU-02380,2023,4,Health Sciences,Full-time,High School (ATAR),Male,Domestic,25,Upper-Mid ($110–160k),No Tertiary,None,Not Employed,80.9,8.4,4.0,Yes,None,No,4,4,No,68.13,Pass,2.26
STU-02381,2023,2,Business,Full-time,High School (ATAR),Female,Domestic,21,Lower-Mid ($40–70k),Bachelor,Merit-Based,Full-time (>20 hrs),71.8,10.5,3.46,Yes,None,No,4,4,Yes,53.71,Pass,2.47
STU-02382,2023,4,Engineering,Part-time,High School (ATAR),Male,Domestic,21,Lower-Mid ($40–70k),Postgraduate,None,Part-time (≤20 hrs),67.4,16.4,3.32,Yes,None,No,2,1,No,47.51,Fail,1.32
STU-02383,2024,1,Arts & Humanities,Full-time,High School (ATAR),Female,Domestic,21,Lower-Mid ($40–70k),TAFE / Certificate,None,Not Employed,57.4,27.1,3.0,Yes,Counselling,Yes,4,4,Yes,54.26,Pass,2.91
STU-02384,2023,2,Health Sciences,Full-time,High School (ATAR),Male,Domestic,22,Lower-Mid ($40–70k),Postgraduate,None,Part-time (≤20 hrs),60.1,13.2,3.01,Yes,None,No,4,4,No,52.21,Pass,2.01
STU-02385,2024,2,Health Sciences,Part-time,TAFE / Diploma,Male,International,21,Mid ($70–110k),TAFE / Certificate,Merit-Based,Part-time (≤20 hrs),66.6,16.3,2.8,Yes,Academic Advisor,No,2,2,No,57.79,Pass,2.61
STU-02386,2023,3,Health Sciences,Full-time,High School (ATAR),Male,International,23,Mid ($70–110k),Bachelor,None,Not Employed,77.3,13.9,2.86,Yes,Academic Advisor,No,4,4,No,60.78,Pass,2.63
STU-02387,2024,2,Arts & Humanities,Part-time,High School (ATAR),Non-binary / Other,International,21,Upper-Mid ($110–160k),TAFE / Certificate,Equity / Need-Based,Not Employed,92.9,16.6,3.19,Yes,Counselling,Yes,2,2,No,72.67,Pass,2.31
STU-02388,2024,1,Engineering,Full-time,High School (ATAR),Female,International,19,Mid ($70–110k),Postgraduate,Merit-Based,Part-time (≤20 hrs),88.1,29.7,4.0,Yes,None,No,4,4,No,71.7,Pass,2.87
STU-02389,2024,2,Engineering,Full-time,Mature Age Entry,Male,International,22,Upper-Mid ($110–160k),Bachelor,Merit-Based,Not Employed,86.9,16.5,3.17,Yes,None,No,4,4,No,62.28,Pass,2.07
STU-02390,2023,4,Arts & Humanities,Full-time,TAFE / Diploma,Female,International,21,Low (<$40k),Bachelor,None,Full-time (>20 hrs),58.2,10.6,2.28,Yes,None,No,4,4,Yes,43.84,Pass,2.71
STU-02391,2024,3,Business,Full-time,TAFE / Diploma,Female,Domestic,24,Lower-Mid ($40–70k),Bachelor,Merit-Based,Full-time (>20 hrs),59.7,14.3,2.12,Yes,Peer Tutoring,No,4,0,Yes,37.0,Fail,0.67
STU-02392,2024,2,Information Technology,Full-time,TAFE / Diploma,Female,International,20,High (>$160k),Bachelor,None,Not Employed,88.3,25.6,2.75,Yes,Peer Tutoring,No,4,4,No,74.18,Distinction,3.05
STU-02393,2024,4,Health Sciences,Part-time,High School (ATAR),Male,International,23,Upper-Mid ($110–160k),Bachelor,None,Not Employed,87.2,4.3,3.39,Yes,Multiple Services,Yes,2,2,Yes,58.48,Pass,2.38
STU-02394,2024,2,Information Technology,Full-time,High School (ATAR),Male,Domestic,23,Lower-Mid ($40–70k),TAFE / Certificate,Equity / Need-Based,Part-time (≤20 hrs),69.5,13.3,2.56,Yes,None,No,4,0,No,51.63,Fail,0.76
STU-02395,2023,2,Business,Full-time,TAFE / Diploma,Female,Domestic,23,Mid ($70–110k),TAFE / Certificate,Equity / Need-Based,Not Employed,68.4,12.5,3.16,Yes,None,No,4,4,No,59.35,Pass,2.66
STU-02396,2022,2,Education,Full-time,Mature Age Entry,Female,Domestic,28,Mid ($70–110k),Bachelor,None,Not Employed,57.4,25.6,3.03,Yes,None,No,4,4,Yes,69.43,Pass,2.76
STU-02397,2023,4,Engineering,Full-time,International Pathway,Female,Domestic,22,High (>$160k),Postgraduate,None,Full-time (>20 hrs),59.6,12.7,2.33,Yes,Academic Advisor,No,4,3,Yes,49.26,Fail,1.66
STU-02398,2024,4,Health Sciences,Full-time,TAFE / Diploma,Female,International,26,Lower-Mid ($40–70k),Bachelor,Equity / Need-Based,Full-time (>20 hrs),72.1,19.4,1.91,Yes,Peer Tutoring,No,4,4,Yes,60.72,Pass,2.84
STU-02399,2022,4,Engineering,Full-time,Mature Age Entry,Male,International,17,Mid ($70–110k),Postgraduate,External,Part-time (≤20 hrs),74.9,10.3,3.19,Yes,Academic Advisor,No,4,4,No,76.23,Pass,2.34
STU-02400,2024,4,Arts & Humanities,Full-time,High School (ATAR),Female,International,26,Low (<$40k),No Tertiary,External,Part-time (≤20 hrs),82.4,19.0,1.71,Yes,None,No,4,1,No,48.0,Fail,1.24
STU-02401,2024,1,Business,Part-time,Transfer / Credit,Male,Domestic,26,Mid ($70–110k),No Tertiary,None,Not Employed,41.7,14.3,2.53,Yes,None,No,2,1,Yes,32.88,Fail,0.96
STU-02402,2023,1,Information Technology,Part-time,Mature Age Entry,Female,Domestic,27,High (>$160k),TAFE / Certificate,None,Not Employed,64.5,16.7,2.81,Yes,None,No,2,2,No,56.33,Pass,2.07
STU-02403,2023,3,Business,Full-time,Transfer / Credit,Male,International,22,Lower-Mid ($40–70k),Bachelor,None,Part-time (≤20 hrs),95.4,15.8,3.61,Yes,Counselling,Yes,4,4,No,59.44,Pass,2.89
STU-02404,2022,1,Health Sciences,Full-time,Transfer / Credit,Male,International,21,Mid ($70–110k),Bachelor,None,Part-time (≤20 hrs),68.6,8.4,1.99,Yes,None,No,4,2,No,46.43,Fail,1.84
STU-02405,2023,1,Information Technology,Full-time,Transfer / Credit,Female,Domestic,22,Lower-Mid ($40–70k),Postgraduate,Merit-Based,Part-time (≤20 hrs),57.6,21.4,2.92,Yes,None,No,4,4,Yes,71.21,Pass,2.88
STU-02406,2024,2,Education,Full-time,High School (ATAR),Female,Domestic,23,Mid ($70–110k),Bachelor,None,Not Employed,59.8,15.5,3.69,Yes,Counselling,Yes,4,4,Yes,54.78,Pass,2.45
STU-02407,2022,1,Engineering,Part-time,High School (ATAR),Female,Domestic,21,High (>$160k),Bachelor,Merit-Based,Part-time (≤20 hrs),85.0,10.0,3.42,Yes,None,No,2,2,No,58.4,Pass,2.93
STU-02408,2023,1,Information Technology,Full-time,High School (ATAR),Female,Domestic,20,Mid ($70–110k),Bachelor,None,Part-time (≤20 hrs),66.7,18.5,2.89,Yes,Academic Advisor,No,4,4,No,61.5,Pass,2.32
STU-02409,2023,3,Health Sciences,Full-time,High School (ATAR),Female,Domestic,23,Lower-Mid ($40–70k),Bachelor,Equity / Need-Based,Part-time (≤20 hrs),57.6,19.4,3.23,Yes,None,No,4,2,Yes,50.14,Fail,1.63
STU-02410,2022,4,Information Technology,Full-time,TAFE / Diploma,Male,Domestic,24,Lower-Mid ($40–70k),Bachelor,None,Not Employed,91.4,17.4,1.85,Yes,Academic Advisor,No,4,4,No,74.87,Distinction,3.59
STU-02411,2023,4,Business,Full-time,High School (ATAR),Male,Domestic,25,Mid ($70–110k),No Tertiary,Equity / Need-Based,Not Employed,69.5,24.4,2.26,Yes,Peer Tutoring,No,4,4,No,64.39,Pass,2.19
STU-02412,2022,2,Business,Full-time,International Pathway,Female,Domestic,17,Mid ($70–110k),Bachelor,None,Full-time (>20 hrs),71.3,10.5,2.59,Yes,Academic Advisor,No,4,4,Yes,55.19,Pass,2.56
STU-02413,2022,1,Education,Full-time,High School (ATAR),Male,Domestic,25,Mid ($70–110k),Bachelor,None,Part-time (≤20 hrs),85.4,12.6,2.3,Yes,None,No,4,4,No,53.67,Pass,2.38
STU-02414,2022,2,Engineering,Part-time,TAFE / Diploma,Female,Domestic,19,Lower-Mid ($40–70k),No Tertiary,None,Part-time (≤20 hrs),90.8,14.5,3.97,Yes,Academic Advisor,No,2,1,No,49.59,Fail,1.71
STU-02415,2023,2,Health Sciences,Full-time,TAFE / Diploma,Female,International,20,Low (<$40k),Bachelor,None,Full-time (>20 hrs),78.9,19.2,3.01,Yes,None,No,4,3,Yes,49.99,Fail,1.29
STU-02416,2022,1,Arts & Humanities,Full-time,Mature Age Entry,Male,Domestic,18,Low (<$40k),TAFE / Certificate,None,Full-time (>20 hrs),51.1,4.9,2.23,No,None,No,4,0,Yes,33.23,Withdrawn,0.0
STU-02417,2022,1,Arts & Humanities,Part-time,TAFE / Diploma,Male,Domestic,25,Low (<$40k),TAFE / Certificate,None,Part-time (≤20 hrs),57.5,7.1,2.56,No,None,No,2,1,Yes,35.81,Fail,0.82
STU-02418,2022,3,Business,Part-time,High School (ATAR),Male,Domestic,25,High (>$160k),No Tertiary,None,Part-time (≤20 hrs),54.5,20.0,3.14,Yes,Multiple Services,Yes,2,2,Yes,53.17,Pass,2.28
STU-02419,2024,3,Engineering,Part-time,Mature Age Entry,Female,Domestic,27,Mid ($70–110k),Bachelor,None,Not Employed,47.1,18.0,4.0,Yes,Multiple Services,Yes,2,2,Yes,66.96,Pass,2.29
STU-02420,2024,3,Education,Full-time,High School (ATAR),Female,International,20,Upper-Mid ($110–160k),Postgraduate,None,Part-time (≤20 hrs),90.6,16.6,2.98,Yes,Peer Tutoring,No,4,4,No,68.3,Distinction,3.18
STU-02421,2023,2,Health Sciences,Full-time,Mature Age Entry,Male,Domestic,22,Lower-Mid ($40–70k),No Tertiary,None,Full-time (>20 hrs),65.1,18.1,3.23,Yes,None,No,4,3,Yes,48.35,Fail,1.64
STU-02422,2022,3,Engineering,Full-time,Mature Age Entry,Female,Domestic,25,Low (<$40k),No Tertiary,None,Not Employed,78.7,25.7,3.25,Yes,Peer Tutoring,No,4,4,No,60.46,Pass,2.57
STU-02423,2022,2,Health Sciences,Part-time,High School (ATAR),Male,International,23,Lower-Mid ($40–70k),TAFE / Certificate,None,Full-time (>20 hrs),78.2,3.7,2.9,Yes,Academic Advisor,No,2,0,Yes,37.79,Fail,1.02
STU-02424,2024,3,Health Sciences,Full-time,High School (ATAR),Male,Domestic,25,High (>$160k),Postgraduate,External,Part-time (≤20 hrs),65.7,32.6,4.0,Yes,Multiple Services,Yes,4,4,No,68.31,Distinction,3.51
STU-02425,2024,2,Engineering,Part-time,High School (ATAR),Male,International,24,Upper-Mid ($110–160k),Bachelor,None,Part-time (≤20 hrs),61.2,16.6,3.57,Yes,Peer Tutoring,No,2,2,No,58.18,Pass,2.73
STU-02426,2024,2,Health Sciences,Part-time,International Pathway,Female,International,24,Lower-Mid ($40–70k),TAFE / Certificate,None,Part-time (≤20 hrs),66.1,7.0,3.09,Yes,Multiple Services,Yes,2,2,Yes,49.78,Pass,2.37
STU-02427,2024,3,Education,Full-time,High School (ATAR),Male,Domestic,21,Lower-Mid ($40–70k),No Tertiary,None,Not Employed,66.0,9.6,2.68,Yes,None,No,4,1,No,43.43,Fail,0.79
STU-02428,2023,3,Arts & Humanities,Full-time,International Pathway,Female,Domestic,27,Mid ($70–110k),Bachelor,None,Part-time (≤20 hrs),69.3,19.1,2.84,Yes,Counselling,Yes,4,4,No,56.33,Pass,2.74
STU-02429,2023,1,Information Technology,Part-time,High School (ATAR),Female,Domestic,22,Mid ($70–110k),No Tertiary,Equity / Need-Based,Part-time (≤20 hrs),72.5,10.5,3.01,Yes,None,No,2,1,No,32.31,Fail,0.56
STU-02430,2022,1,Engineering,Part-time,TAFE / Diploma,Female,International,24,Mid ($70–110k),Bachelor,Merit-Based,Part-time (≤20 hrs),63.9,17.5,4.0,Yes,None,No,2,0,No,47.43,Fail,1.35
STU-02431,2024,3,Engineering,Part-time,High School (ATAR),Female,International,21,Lower-Mid ($40–70k),Bachelor,None,Not Employed,81.5,16.3,3.57,Yes,Multiple Services,Yes,2,2,No,72.37,Distinction,3.08
STU-02432,2022,1,Health Sciences,Full-time,Transfer / Credit,Non-binary / Other,Domestic,22,Lower-Mid ($40–70k),Postgraduate,Merit-Based,Full-time (>20 hrs),89.6,14.2,2.56,Yes,None,No,4,4,Yes,61.22,Pass,2.98
STU-02433,2023,2,Engineering,Part-time,High School (ATAR),Male,Domestic,23,Mid ($70–110k),No Tertiary,Merit-Based,Not Employed,75.2,16.2,3.75,Yes,Peer Tutoring,No,2,2,No,67.92,Pass,2.23
STU-02434,2023,3,Health Sciences,Part-time,High School (ATAR),Male,Domestic,25,Upper-Mid ($110–160k),TAFE / Certificate,None,Full-time (>20 hrs),66.0,6.7,2.87,Yes,Counselling,Yes,2,0,Yes,41.98,Fail,0.61
STU-02435,2023,3,Health Sciences,Part-time,High School (ATAR),Female,Domestic,21,High (>$160k),No Tertiary,External,Not Employed,70.7,11.8,3.16,Yes,Multiple Services,Yes,2,2,No,55.19,Pass,2.97
STU-02436,2024,2,Health Sciences,Full-time,TAFE / Diploma,Female,Domestic,25,Lower-Mid ($40–70k),Postgraduate,None,Full-time (>20 hrs),56.1,12.8,2.8,Yes,None,No,4,2,Yes,47.31,Fail,1.92
STU-02437,2023,3,Arts & Humanities,Full-time,Mature Age Entry,Female,International,21,Lower-Mid ($40–70k),TAFE / Certificate,Merit-Based,Full-time (>20 hrs),58.9,16.6,3.08,Yes,Academic Advisor,No,4,4,Yes,54.99,Pass,2.12
STU-02438,2024,1,Information Technology,Full-time,Transfer / Credit,Female,International,24,Upper-Mid ($110–160k),Postgraduate,None,Part-time (≤20 hrs),85.5,17.1,2.25,Yes,Academic Advisor,No,4,4,No,65.7,Pass,2.11
STU-02439,2022,3,Business,Part-time,International Pathway,Female,Domestic,23,High (>$160k),Bachelor,None,Not Employed,78.2,14.4,2.84,Yes,Academic Advisor,No,2,2,No,60.72,Pass,2.72
STU-02440,2024,1,Information Technology,Full-time,Transfer / Credit,Male,International,22,Upper-Mid ($110–160k),No Tertiary,None,Not Employed,77.8,12.4,3.05,Yes,Counselling,Yes,4,4,No,52.42,Pass,2.52
STU-02441,2024,1,Arts & Humanities,Full-time,High School (ATAR),Male,Domestic,26,Low (<$40k),No Tertiary,None,Part-time (≤20 hrs),81.5,18.6,3.58,Yes,None,No,4,4,No,56.65,Pass,2.33
STU-02442,2024,4,Business,Part-time,TAFE / Diploma,Male,Domestic,27,Mid ($70–110k),TAFE / Certificate,None,Full-time (>20 hrs),65.0,4.5,3.35,Yes,None,No,2,1,Yes,33.71,Fail,1.9
STU-02443,2022,1,Business,Full-time,Mature Age Entry,Male,Domestic,24,High (>$160k),No Tertiary,None,Not Employed,66.6,20.7,2.02,Yes,None,No,4,1,No,44.5,Fail,0.83
STU-02444,2024,2,Education,Full-time,International Pathway,Male,Domestic,22,Low (<$40k),Bachelor,External,Part-time (≤20 hrs),80.8,21.4,3.08,Yes,None,No,4,4,No,60.13,Pass,2.92
STU-02445,2024,3,Engineering,Full-time,TAFE / Diploma,Female,International,24,Mid ($70–110k),Bachelor,Merit-Based,Not Employed,84.5,27.5,4.0,Yes,None,No,4,4,No,67.53,Pass,2.27
STU-02446,2024,3,Business,Full-time,TAFE / Diploma,Female,Domestic,21,Lower-Mid ($40–70k),TAFE / Certificate,None,Part-time (≤20 hrs),94.1,19.7,2.99,Yes,Counselling,Yes,4,4,No,64.83,Pass,2.76
STU-02447,2023,3,Arts & Humanities,Full-time,Mature Age Entry,Female,Domestic,27,High (>$160k),Bachelor,Merit-Based,Part-time (≤20 hrs),76.9,29.8,2.56,Yes,None,No,4,4,No,65.4,Pass,2.45
STU-02448,2023,1,Health Sciences,Full-time,Mature Age Entry,Female,Domestic,31,High (>$160k),No Tertiary,External,Full-time (>20 hrs),49.3,10.5,3.02,Yes,Peer Tutoring,No,4,0,Yes,34.73,Fail,1.13
STU-02449,2024,2,Business,Full-time,High School (ATAR),Female,Domestic,21,Low (<$40k),Postgraduate,Equity / Need-Based,Not Employed,80.8,19.6,2.96,Yes,None,No,4,4,No,58.84,Pass,2.02
STU-02450,2024,4,Information Technology,Full-time,High School (ATAR),Non-binary / Other,Domestic,25,High (>$160k),Bachelor,None,Part-time (≤20 hrs),76.8,24.7,2.98,Yes,None,No,4,4,No,75.84,Distinction,3.09
STU-02451,2024,2,Business,Full-time,High School (ATAR),Male,Domestic,21,Upper-Mid ($110–160k),TAFE / Certificate,Equity / Need-Based,Part-time (≤20 hrs),76.8,6.6,2.46,Yes,Counselling,Yes,4,4,Yes,46.04,Pass,2.93
STU-02452,2022,1,Arts & Humanities,Part-time,High School (ATAR),Male,Domestic,20,Lower-Mid ($40–70k),No Tertiary,Equity / Need-Based,Part-time (≤20 hrs),63.7,16.4,3.19,Yes,Peer Tutoring,No,2,2,No,41.41,Pass,2.5
STU-02453,2024,1,Engineering,Full-time,Transfer / Credit,Male,Domestic,23,Upper-Mid ($110–160k),Bachelor,Merit-Based,Part-time (≤20 hrs),62.1,19.2,2.8,Yes,None,No,4,4,No,54.18,Pass,2.36
STU-02454,2023,2,Health Sciences,Full-time,High School (ATAR),Female,International,25,Lower-Mid ($40–70k),Bachelor,Equity / Need-Based,Part-time (≤20 hrs),83.8,17.4,4.0,Yes,Peer Tutoring,No,4,4,No,64.09,Pass,2.5
STU-02455,2024,1,Business,Full-time,Mature Age Entry,Female,Domestic,22,High (>$160k),Bachelor,Merit-Based,Not Employed,60.9,18.2,3.13,Yes,Academic Advisor,No,4,4,No,62.1,Pass,2.99
STU-02456,2022,3,Health Sciences,Full-time,International Pathway,Female,Domestic,21,Low (<$40k),No Tertiary,Merit-Based,Not Employed,70.5,15.7,3.47,No,Counselling,Yes,4,4,No,57.74,Pass,2.67
STU-02457,2022,3,Education,Part-time,Mature Age Entry,Female,Domestic,28,Low (<$40k),No Tertiary,Equity / Need-Based,Full-time (>20 hrs),40.7,12.7,4.0,Yes,None,No,2,0,Yes,33.93,Withdrawn,0.0
STU-02458,2022,1,Business,Full-time,High School (ATAR),Female,International,20,Mid ($70–110k),No Tertiary,External,Part-time (≤20 hrs),89.4,18.4,3.3,Yes,Peer Tutoring,No,4,4,No,76.42,Distinction,3.04
STU-02459,2022,1,Health Sciences,Part-time,Transfer / Credit,Female,Domestic,22,Mid ($70–110k),Bachelor,None,Part-time (≤20 hrs),68.8,7.4,1.66,Yes,None,No,2,1,Yes,43.08,Fail,1.14
STU-02460,2024,4,Arts & Humanities,Full-time,Transfer / Credit,Male,International,23,High (>$160k),No Tertiary,None,Not Employed,58.3,14.4,3.99,Yes,None,No,4,4,Yes,48.51,Pass,2.53
STU-02461,2024,3,Education,Full-time,TAFE / Diploma,Female,Domestic,24,Mid ($70–110k),Bachelor,None,Part-time (≤20 hrs),65.4,9.6,2.4,Yes,None,No,4,0,No,47.54,Fail,1.96
STU-02462,2022,1,Education,Full-time,Transfer / Credit,Female,Domestic,21,Upper-Mid ($110–160k),Bachelor,None,Part-time (≤20 hrs),74.2,11.0,3.32,Yes,Peer Tutoring,No,4,4,No,55.99,Pass,2.38
STU-02463,2023,1,Education,Full-time,High School (ATAR),Male,International,21,Lower-Mid ($40–70k),No Tertiary,None,Not Employed,82.7,20.7,3.94,Yes,None,No,4,4,No,76.16,Pass,2.36
STU-02464,2023,1,Business,Full-time,International Pathway,Female,Domestic,23,High (>$160k),Bachelor,Equity / Need-Based,Full-time (>20 hrs),53.4,8.2,2.52,Yes,None,No,4,0,Yes,29.06,Fail,1.63
STU-02465,2023,2,Health Sciences,Part-time,International Pathway,Female,Domestic,24,Mid ($70–110k),Bachelor,None,Part-time (≤20 hrs),59.8,20.4,4.0,Yes,None,No,2,2,Yes,62.65,Pass,2.47
STU-02466,2023,3,Information Technology,Full-time,High School (ATAR),Female,International,22,Mid ($70–110k),Postgraduate,None,Part-time (≤20 hrs),74.6,12.7,2.27,Yes,None,No,4,4,No,56.09,Pass,2.91
STU-02467,2023,2,Information Technology,Part-time,Transfer / Credit,Male,Domestic,22,Lower-Mid ($40–70k),Postgraduate,Merit-Based,Not Employed,60.0,14.0,3.62,Yes,None,No,2,0,No,50.08,Fail,1.08
STU-02468,2023,2,Arts & Humanities,Full-time,Transfer / Credit,Female,International,25,Mid ($70–110k),No Tertiary,None,Part-time (≤20 hrs),63.7,19.0,3.5,Yes,Academic Advisor,No,4,4,No,60.64,Pass,2.96
STU-02469,2023,4,Health Sciences,Full-time,High School (ATAR),Male,Domestic,25,Lower-Mid ($40–70k),TAFE / Certificate,Merit-Based,Part-time (≤20 hrs),86.1,24.3,3.51,Yes,None,No,4,4,No,61.43,Pass,2.18
STU-02470,2024,2,Business,Full-time,Transfer / Credit,Female,Domestic,23,Low (<$40k),Postgraduate,None,Part-time (≤20 hrs),89.1,26.2,2.35,Yes,Peer Tutoring,No,4,4,No,67.36,Pass,2.81
STU-02471,2022,3,Business,Part-time,High School (ATAR),Male,Domestic,21,Lower-Mid ($40–70k),No Tertiary,Merit-Based,Part-time (≤20 hrs),64.7,21.8,3.31,Yes,None,No,2,2,No,58.36,Pass,2.54
STU-02472,2022,2,Arts & Humanities,Part-time,High School (ATAR),Non-binary / Other,Domestic,24,High (>$160k),TAFE / Certificate,None,Part-time (≤20 hrs),80.7,9.4,2.97,Yes,None,No,2,2,No,56.23,Pass,2.53
STU-02473,2022,4,Information Technology,Full-time,High School (ATAR),Female,International,29,Mid ($70–110k),Postgraduate,None,Not Employed,90.6,23.1,3.44,Yes,Academic Advisor,No,4,4,No,76.1,Pass,2.1
STU-02474,2024,2,Business,Part-time,High School (ATAR),Female,Domestic,24,Mid ($70–110k),Bachelor,None,Part-time (≤20 hrs),50.8,9.0,3.71,Yes,None,No,2,0,Yes,41.0,Fail,0.61
STU-02475,2024,4,Business,Full-time,International Pathway,Male,Domestic,24,Low (<$40k),Postgraduate,None,Part-time (≤20 hrs),85.9,23.6,2.43,Yes,Peer Tutoring,No,4,4,No,65.83,Pass,2.48
STU-02476,2024,2,Education,Full-time,High School (ATAR),Female,Domestic,24,Lower-Mid ($40–70k),Postgraduate,None,Not Employed,88.8,27.0,3.46,Yes,None,No,4,4,No,77.21,Distinction,3.67
STU-02477,2024,1,Education,Full-time,High School (ATAR),Female,Domestic,21,Low (<$40k),No Tertiary,None,Not Employed,92.7,11.6,2.87,Yes,Academic Advisor,No,4,4,No,60.6,Pass,2.98
STU-02478,2022,1,Information Technology,Full-time,TAFE / Diploma,Male,Domestic,21,Upper-Mid ($110–160k),Postgraduate,None,Part-time (≤20 hrs),66.8,15.8,2.98,Yes,None,No,4,4,No,47.09,Pass,2.08
STU-02479,2022,1,Engineering,Full-time,Mature Age Entry,Female,Domestic,26,Mid ($70–110k),No Tertiary,Merit-Based,Part-time (≤20 hrs),61.4,17.8,2.76,Yes,None,No,4,4,No,58.31,Pass,2.25
STU-02480,2024,1,Engineering,Full-time,International Pathway,Female,Domestic,24,Mid ($70–110k),Bachelor,None,Not Employed,58.5,14.4,2.58,Yes,None,No,4,3,Yes,50.71,Fail,0.73
STU-02481,2024,2,Arts & Humanities,Full-time,Transfer / Credit,Female,Domestic,21,Upper-Mid ($110–160k),Bachelor,None,Full-time (>20 hrs),60.2,19.4,1.7,Yes,None,No,4,0,Yes,43.74,Fail,0.75
STU-02482,2023,2,Engineering,Full-time,High School (ATAR),Female,Domestic,25,Mid ($70–110k),Bachelor,None,Not Employed,82.0,20.4,3.31,Yes,None,No,4,4,No,66.16,Pass,2.63
STU-02483,2023,2,Information Technology,Full-time,International Pathway,Female,Domestic,25,Lower-Mid ($40–70k),Postgraduate,Equity / Need-Based,Not Employed,78.3,17.1,3.52,Yes,Peer Tutoring,No,4,4,No,70.19,Pass,2.15
STU-02484,2024,1,Arts & Humanities,Full-time,International Pathway,Male,Domestic,21,Low (<$40k),No Tertiary,None,Part-time (≤20 hrs),100.0,18.1,3.11,Yes,None,No,4,4,No,60.65,Pass,2.67
STU-02485,2023,1,Information Technology,Part-time,High School (ATAR),Female,Domestic,22,Low (<$40k),TAFE / Certificate,None,Part-time (≤20 hrs),72.9,17.7,3.02,No,None,No,2,2,No,60.09,Pass,2.56
STU-02486,2023,2,Information Technology,Part-time,Mature Age Entry,Male,Domestic,23,Lower-Mid ($40–70k),Postgraduate,None,Full-time (>20 hrs),70.9,2.5,2.64,Yes,Peer Tutoring,No,2,2,Yes,58.74,Pass,2.82
STU-02487,2022,3,Health Sciences,Part-time,High School (ATAR),Female,International,25,Low (<$40k),Bachelor,External,Full-time (>20 hrs),57.1,14.1,3.76,Yes,Peer Tutoring,No,2,2,Yes,48.46,Pass,2.82
STU-02488,2023,1,Business,Part-time,High School (ATAR),Female,Domestic,21,Lower-Mid ($40–70k),No Tertiary,None,Not Employed,63.2,17.8,2.86,Yes,Academic Advisor,No,2,2,No,46.49,Pass,2.68
STU-02489,2023,2,Information Technology,Full-time,High School (ATAR),Male,Domestic,25,Mid ($70–110k),TAFE / Certificate,None,Not Employed,64.3,10.7,3.0,Yes,None,No,4,3,No,49.59,Fail,1.45
STU-02490,2023,1,Engineering,Full-time,International Pathway,Non-binary / Other,Domestic,21,Low (<$40k),Bachelor,External,Not Employed,76.8,14.6,3.31,Yes,Peer Tutoring,No,4,4,No,71.39,Pass,2.09
STU-02491,2022,3,Health Sciences,Part-time,High School (ATAR),Female,Domestic,23,Mid ($70–110k),TAFE / Certificate,Merit-Based,Part-time (≤20 hrs),66.2,15.0,3.45,Yes,Multiple Services,Yes,2,2,No,54.47,Pass,2.53
STU-02492,2023,2,Business,Full-time,Transfer / Credit,Female,Domestic,22,Mid ($70–110k),TAFE / Certificate,External,Part-time (≤20 hrs),77.1,22.4,2.61,Yes,None,No,4,4,No,56.53,Pass,2.9
STU-02493,2024,2,Engineering,Part-time,High School (ATAR),Female,Domestic,21,Low (<$40k),Bachelor,None,Full-time (>20 hrs),63.3,13.4,3.01,No,Academic Advisor,No,2,0,No,34.88,Fail,1.39
STU-02494,2022,2,Health Sciences,Full-time,TAFE / Diploma,Female,Domestic,22,Lower-Mid ($40–70k),TAFE / Certificate,None,Not Employed,79.3,15.1,3.44,Yes,Peer Tutoring,No,4,4,No,57.08,Pass,2.63
STU-02495,2024,2,Education,Full-time,High School (ATAR),Non-binary / Other,Domestic,22,Low (<$40k),Bachelor,Equity / Need-Based,Part-time (≤20 hrs),84.7,5.8,3.19,Yes,Multiple Services,Yes,4,4,Yes,60.3,Pass,2.2
STU-02496,2022,1,Business,Full-time,High School (ATAR),Female,Domestic,26,Upper-Mid ($110–160k),TAFE / Certificate,None,Not Employed,65.0,16.9,3.93,Yes,Peer Tutoring,No,4,4,No,71.93,Pass,2.56
STU-02497,2022,4,Arts & Humanities,Full-time,TAFE / Diploma,Female,International,24,Lower-Mid ($40–70k),Bachelor,External,Full-time (>20 hrs),98.3,17.5,1.83,Yes,Counselling,Yes,4,4,Yes,61.14,Pass,2.28
STU-02498,2024,1,Arts & Humanities,Part-time,High School (ATAR),Male,Domestic,20,Lower-Mid ($40–70k),Bachelor,None,Part-time (≤20 hrs),85.5,10.3,3.54,Yes,None,No,2,2,No,54.46,Pass,2.84
STU-02499,2022,3,Business,Part-time,High School (ATAR),Female,Domestic,22,Mid ($70–110k),TAFE / Certificate,None,Part-time (≤20 hrs),87.7,8.2,3.25,Yes,None,No,2,1,No,49.97,Fail,1.81
STU-02500,2023,2,Engineering,Part-time,Mature Age Entry,Male,Domestic,17,Low (<$40k),Bachelor,External,Not Employed,78.3,20.4,3.06,No,Academic Advisor,No,2,2,No,74.85,Distinction,3.36
